"","field_name","form_name","section_header","field_type","field_label","select_choices_or_calculations","field_note","text_validation_type_or_show_slider_number","text_validation_min","text_validation_max","identifier","branching_logic","required_field","custom_alignment","question_number","matrix_group_name","matrix_ranking","field_annotation"
"1","record_id","resident_data",NA,"text","Record ID",NA,NA,NA,NA,NA,NA,NA,NA,NA,NA,NA,NA,NA
"2","name","resident_data",NA,"text","Name from evaluation instrument (for database linking)",NA,NA,NA,NA,NA,NA,NA,NA,NA,NA,NA,NA,NA
"3","last_name","resident_data",NA,"text","Resident Last Name",NA,NA,NA,NA,NA,"y",NA,NA,NA,NA,NA,NA,NA
"4","first_name","resident_data",NA,"text","Resident First Name",NA,NA,NA,NA,NA,"y",NA,NA,NA,NA,NA,NA,NA
"5","type","resident_data",NA,"dropdown","Resident type","1, Preliminary | 2, Categorical | 3, Dismissed",NA,NA,NA,NA,NA,NA,NA,NA,NA,NA,NA,NA
"6","grad_yr","resident_data",NA,"dropdown","Graduation year","1, 2023 | 2, 2024 | 3, 2025 | 4, 2026 | 5, 2027 | 6, 2028 | 7, 2029 | 8, 2030 | 9, 2031 | 10, 2032 | 11, 2033 | 12, 2034 | 13, 2035 | 14, 2000 | 15, 2001 | 16, 2002 | 17, 2003 | 18, 2004 | 19, 2005 | 20, 2006 | 21, 2007 | 22, 2008 | 23, 2009 | 24, 2010 | 25, 2011 | 26, 2012 | 27, 2013 | 28, 2014 | 29, 2015 | 30, 2016 | 31, 2017 | 32, 2018 | 33, 2019 | 34, 2020 | 35, 2021 | 36, 2022",NA,NA,NA,NA,NA,NA,NA,NA,NA,NA,NA,NA
"7","dob","resident_data",NA,"text","dob",NA,NA,"date_mdy",NA,NA,NA,NA,NA,NA,NA,NA,NA,NA
"8","gender","resident_data",NA,"dropdown","Gender","1, Male | 2, Female | 3, Non-binary",NA,NA,NA,NA,NA,NA,NA,NA,NA,NA,NA,NA
"9","phone","resident_data",NA,"text","Preferred phone number (for texting)",NA,NA,"phone",NA,NA,NA,NA,NA,NA,NA,NA,NA,NA
"10","email","resident_data",NA,"text","Email address (prefer @slucare.ssmhealth.com address)",NA,NA,"email",NA,NA,NA,NA,NA,NA,NA,NA,NA,NA
"11","deg","resident_data",NA,"dropdown","Degree Type","1, US MD | 2, US DO | 3, US IMG | 4, IMG",NA,NA,NA,NA,NA,NA,NA,NA,NA,NA,NA,NA
"12","usmle_step1_failure","resident_data","USMLE Scores","yesno","USMLE Step 1 Failure",NA,NA,NA,NA,NA,NA,NA,NA,NA,NA,NA,NA,NA
"13","usmle_step2_failure","resident_data",NA,"yesno","USMLE Step 2 Failure",NA,NA,NA,NA,NA,NA,NA,NA,NA,NA,NA,NA,NA
"14","usmle_step2_score","resident_data",NA,"text","USMLE Step 2 Score",NA,NA,"integer",NA,NA,NA,NA,NA,NA,NA,NA,NA,NA
"15","step3","resident_data",NA,"yesno","USMLE and/or COMLEX Step 3 Passed?",NA,NA,NA,NA,NA,NA,NA,NA,NA,NA,NA,NA,NA
"16","usmle_step3_failure","resident_data",NA,"yesno","USMLE Step 3 Failure",NA,NA,NA,NA,NA,NA,NA,NA,NA,NA,NA,NA,NA
"17","usmle_step3_score","resident_data",NA,"text","USMLE Step 3 Score",NA,NA,"integer",NA,NA,NA,NA,NA,NA,NA,NA,NA,NA
"18","comlex_step1_failure","resident_data","COMLEX Scores","yesno","COMLEX Step 1 Failure",NA,NA,NA,NA,NA,NA,NA,NA,NA,NA,NA,NA,NA
"19","comlex_step2_failure","resident_data",NA,"yesno","COMLEX Step 2 Failure",NA,NA,NA,NA,NA,NA,NA,NA,NA,NA,NA,NA,NA
"20","comlex_step2_score","resident_data",NA,"text","COMLEX Step 2 Score",NA,NA,"integer",NA,NA,NA,NA,NA,NA,NA,NA,NA,NA
"21","comlex_step3_failure","resident_data",NA,"yesno","COMLEX Step 3 Failure",NA,NA,NA,NA,NA,NA,NA,NA,NA,NA,NA,NA,NA
"22","comlex_step3_score","resident_data",NA,"text","COMLEX Step 3 Score",NA,NA,"integer",NA,NA,NA,NA,NA,NA,NA,NA,NA,NA
"23","abim_first_year","resident_data",NA,"yesno","Took ABIM year of graduation?",NA,NA,NA,NA,NA,NA,NA,NA,NA,NA,NA,NA,NA
"24","abim_pass","resident_data",NA,"yesno","1st time ABIM Pass?",NA,NA,NA,NA,NA,NA,NA,NA,NA,NA,NA,NA,NA
"25","npi","resident_data",NA,"text","npi",NA,NA,"number",NA,NA,NA,NA,NA,NA,NA,NA,NA,NA
"26","mo_lic","resident_data",NA,"text","MO License ##",NA,NA,NA,NA,NA,NA,NA,NA,NA,NA,NA,NA,NA
"27","coach","resident_data",NA,"dropdown","Resident Coach","1, Shieh | 3, Pollard | 4, Kunnath | 5, Mar | 6, Purdy | 7, Kamel | 8, Freedle | 9, Cumming | 10, Reid | 11, Can | 13, Walentik | 14, Ferguson | 18, Wheeler | 16, Buckhold | 19, Morreale | 20, Bastin | 21, Robin | 22, Fernelius | 23, Kent | 24, Karches",NA,NA,NA,NA,NA,NA,NA,NA,NA,NA,NA,NA
"28","coach_email","resident_data",NA,"text","Coach email",NA,NA,"email",NA,NA,NA,NA,NA,NA,NA,NA,NA,NA
"29","second_rev","resident_data",NA,"text","Second Reviewer",NA,NA,NA,NA,NA,NA,NA,NA,NA,NA,NA,NA,NA
"30","sec_email","resident_data",NA,"text","Second email",NA,NA,"email",NA,NA,NA,NA,NA,NA,NA,NA,NA,NA
"31","access_code","resident_data",NA,"text","Access Code",NA,NA,NA,NA,NA,NA,NA,NA,NA,NA,NA,NA,NA
"32","hs_mo","resident_data",NA,"yesno","Did you get any of your high school education in Missouri?",NA,NA,NA,NA,NA,NA,NA,NA,NA,NA,NA,NA,NA
"33","college_mo","resident_data",NA,"yesno","Did you have any college education (undergraduate, masters, or any credit) in Missouri",NA,NA,NA,NA,NA,NA,NA,NA,NA,NA,NA,NA,NA
"34","med_mo","resident_data",NA,"yesno","Did you go to medical school in Missouri?",NA,NA,NA,NA,NA,NA,NA,NA,NA,NA,NA,NA,NA
"35","track","resident_data",NA,"radio","Part of a track?","1, Primary Care | 2, Hospitalist | 3, PROMOTE",NA,NA,NA,NA,NA,NA,NA,NA,NA,NA,NA,NA
"36","slusom","resident_data",NA,"yesno","SLUSOM ALumni?",NA,NA,NA,NA,NA,NA,NA,NA,NA,NA,NA,NA,NA
"37","res_archive","resident_data",NA,"yesno","Archived?",NA,NA,NA,NA,NA,NA,NA,NA,NA,NA,NA,NA,NA
"38","res_alumni_position","resident_data",NA,"text","Current position",NA,NA,NA,NA,NA,NA,NA,NA,NA,NA,NA,NA,NA
"39","res_alumni_academic","resident_data",NA,"yesno","Academic Medicine",NA,NA,NA,NA,NA,NA,NA,NA,NA,NA,NA,NA,NA
"40","ssm","resident_data",NA,"yesno","SSM?",NA,NA,NA,NA,NA,NA,NA,NA,NA,NA,NA,NA,NA
"41","mo_prac","resident_data",NA,"text","Practice in MO?",NA,NA,NA,NA,NA,NA,NA,NA,NA,NA,NA,NA,NA
"42","grad_spec","resident_data",NA,"dropdown","Specialty","1, Allergy | 2, Cardiology | 3, Endocrinology | 4, Gastroenterology | 5, Geriatrics | 6, Hematology/Oncology | 7, Hospitalist | 8, Infectious Disease | 9, Nephrology | 10, Pulmonary / CC | 11, Rheumatology | 12, Addiction Medicine | 13, Palliative Care | 14, Primary Care | 15, Sleep Medicine | 16, Other",NA,NA,NA,NA,NA,NA,NA,NA,NA,NA,NA,NA
"43","chief","resident_data",NA,"yesno","Chief Resident?",NA,NA,NA,NA,NA,NA,NA,NA,NA,NA,NA,NA,NA
"44","grad_email","resident_data",NA,"text","Graduate Email",NA,NA,"email",NA,NA,NA,NA,NA,NA,NA,NA,NA,NA
"45","grad_phone","resident_data",NA,"text","grad phone",NA,NA,"phone",NA,NA,NA,NA,NA,NA,NA,NA,NA,NA
"46","rot_name","rotator_data",NA,"text","Rotator Name",NA,NA,NA,NA,NA,NA,NA,NA,NA,NA,NA,NA,NA
"47","rot_grad_yr","rotator_data",NA,"dropdown","Rotator Graduation Year","1, 2026 | 2, 2027 | 3, 2028 | 4, 2029 | 5, 2030 | 6, 2031",NA,NA,NA,NA,NA,NA,NA,NA,NA,NA,NA,NA
"48","rot_program1","rotator_data",NA,"dropdown","Program","1, Neurology | 2, Anesthesiology | 3, Emergency Medicine | 4, Psychiatry",NA,NA,NA,NA,NA,NA,NA,NA,NA,NA,NA,NA
"49","ass_date","assessment",NA,"text","Assessment date",NA,NA,"date_mdy",NA,NA,NA,NA,"y",NA,NA,NA,NA,NA
"50","ass_level","assessment",NA,"dropdown","leval of res","1, Intern | 2, PGY2 | 3, PGY3 | 4, Graduated | 5, Rotator",NA,NA,NA,NA,NA,NA,NA,NA,NA,NA,NA,NA
"51","ass_plus","assessment",NA,"text","Plus",NA,NA,NA,NA,NA,NA,NA,NA,NA,NA,NA,NA,NA
"52","ass_faculty","assessment",NA,"text","Faculty/Fellow",NA,NA,NA,NA,NA,NA,NA,NA,NA,NA,NA,NA,NA
"53","ass_specialty","assessment",NA,"text","Specialty",NA,NA,NA,NA,NA,NA,NA,NA,NA,NA,NA,NA,NA
"54","ass_delta","assessment",NA,"text","Delta",NA,NA,NA,NA,NA,NA,NA,NA,NA,NA,NA,NA,NA
"55","ass_cc_quart","assessment",NA,"dropdown","What continuity clinic aspect are you evaluating?  Quarters refer to time in academic year; 1st Quarter would be in the Fall (end of September), 2nd Quarter Winter (end of December), etc.","1, 1st quarter - inbasket coverage | 2, 2nd quarter - summative evaluation | 3, 3rd quarter - documentation | 4, 4th quarter - summative evaluation",NA,NA,NA,NA,NA,NA,NA,NA,NA,NA,NA,NA
"56","ass_cc_inb_resp","assessment","Assessment of resident inbasket activities (to be done in Fall)","radio","Respond to inbasket items (refills/questions) within 24-48 hours","1, Infrequently; requires oversight and frequent reminders | 2, Intermittently; sometimes requires oversight and reminders | 3, Most of the time, requires oversight but rare reminders | 4, Always; completed promptly and completely without oversight | 5, Unable to answer",NA,NA,NA,NA,NA,NA,"y",NA,NA,"continuity_clinic_inbasket",NA,"Responds to inbasket items"
"57","ass_cc_inb_resu","assessment",NA,"radio","Review results and leave result note with assessment and plan within 48 hours","1, Infrequently; requires oversight and frequent reminders | 2, Intermittently; sometimes requires oversight and reminders | 3, Most of the time, requires oversight but rare reminders | 4, Always; completed promptly and completely without oversight | 5, Unable to answer",NA,NA,NA,NA,NA,NA,"y",NA,NA,"continuity_clinic_inbasket",NA,"Results"
"58","ass_cc_inb_mych","assessment",NA,"radio","Uses MyChart effectively to manage acute and chronic conditions in between visits (N/A for VA CC)","1, Infrequently; requires oversight and frequent reminders | 2, Intermittently; sometimes requires oversight and reminders | 3, Most of the time, requires oversight but rare reminders | 4, Always; completed promptly and completely without oversight | 5, Unable to answer",NA,NA,NA,NA,NA,NA,"y",NA,NA,"continuity_clinic_inbasket",NA,"MyChart"
"59","ass_cc_inb_comp","assessment",NA,"radio","Paperwork completed by end of each clinic session for him/herself and assigned team/surrogate","1, Infrequently; requires oversight and frequent reminders | 2, Intermittently; sometimes requires oversight and reminders | 3, Most of the time, requires oversight but rare reminders | 4, Always; completed promptly and completely without oversight | 5, Unable to answer",NA,NA,NA,NA,NA,NA,"y",NA,NA,"continuity_clinic_inbasket",NA,"Paperwork"
"60","ass_cc_inb_comm","assessment",NA,"radio","Communicates to preceptor who will be responsible for inbasket/paperwork when on nights/vacation","1, Infrequently; requires oversight and frequent reminders | 2, Intermittently; sometimes requires oversight and reminders | 3, Most of the time, requires oversight but rare reminders | 4, Always; completed promptly and completely without oversight | 5, Unable to answer",NA,NA,NA,NA,NA,NA,"y",NA,NA,"continuity_clinic_inbasket",NA,"Communicates coverage"
"61","ass_cc_doc_update","assessment",NA,"radio","Update EMR (EPIC or VA) history fields (medical, surgical, family, social)","1, Infrequently; requires constant oversight and frequent reminders | 2, Intermittently; regularly requires oversight and reminders | 3, Most of the time, requires oversight but rare reminders | 4, Always; completed promptly and completely without oversight",NA,NA,NA,NA,NA,NA,"y",NA,NA,"cc_documentation",NA,"PC6.1"
"62","ass_cc_doc_review","assessment",NA,"radio","Review EMR (EPIC or VA) fields (medical, surgical, family, social)","1, Infrequently; requires constant oversight and frequent reminders | 2, Intermittently; regularly requires oversight and reminders | 3, Most of the time, requires oversight but rare reminders | 4, Always; completed promptly and completely without oversight",NA,NA,NA,NA,NA,NA,"y",NA,NA,"cc_documentation",NA,"PC6.1"
"63","ass_cc_doc_medall","assessment",NA,"radio","Reviews and updates medications and allergies","1, Infrequently; requires constant oversight and frequent reminders | 2, Intermittently; regularly requires oversight and reminders | 3, Most of the time, requires oversight but rare reminders | 4, Always; completed promptly and completely without oversight",NA,NA,NA,NA,NA,NA,"y",NA,NA,"cc_documentation",NA,"PC6.1"
"64","ass_cc_doc_remind","assessment",NA,"radio","Addresses clinical reminders (eg BPAs)","1, Infrequently; requires constant oversight and frequent reminders | 2, Intermittently; regularly requires oversight and reminders | 3, Most of the time, requires oversight but rare reminders | 4, Always; completed promptly and completely without oversight",NA,NA,NA,NA,NA,NA,"y",NA,NA,"cc_documentation",NA,"PC6.1"
"65","ass_cc_doc_diag","assessment",NA,"radio","Visit Diagnoses updated and accurate","1, Infrequently; requires constant oversight and frequent reminders | 2, Intermittently; regularly requires oversight and reminders | 3, Most of the time, requires oversight but rare reminders | 4, Always; completed promptly and completely without oversight",NA,NA,NA,NA,NA,NA,"y",NA,NA,"cc_documentation",NA,"ICS3.1"
"66","ass_cc_doc_notes","assessment",NA,"radio","Clinic notes are clear, concise, and organized","1, Infrequently; requires constant oversight and frequent reminders | 2, Intermittently; regularly requires oversight and reminders | 3, Most of the time, requires oversight but rare reminders | 4, Always; completed promptly and completely without oversight",NA,NA,NA,NA,NA,NA,"y",NA,NA,"cc_documentation",NA,"ICS3.1"
"67","ass_cc_doc_comp","assessment",NA,"radio","All required items completed same day of clinic","1, Infrequently; requires constant oversight and frequent reminders | 2, Intermittently; regularly requires oversight and reminders | 3, Most of the time, requires oversight but rare reminders | 4, Always; completed promptly and completely without oversight",NA,NA,NA,NA,NA,NA,"y",NA,NA,"cc_documentation",NA,"PROF3"
"68","ass_cc_int_semi_pc1","assessment",NA,"radio","Delivers hypothesis driven, succinct, organized oral presentations","1, Resident cannot perform this skill even with assistance (cannot perform) | 2, Resident can perform this skill under indirect supervision of the attending (I trust, but verify) | 3, Resident can perform this skill independently (Will do it right without looking) | 4, Resident can act as instructor or supervisor for this skill (aspirational) (shows and teaches others)",NA,NA,NA,NA,NA,NA,NA,NA,NA,NA,NA,NA
"69","ass_cc_int_semi_pc3","assessment",NA,"radio","Develop a differential diagnosis with attention to the most likely and life threatening diagnoses","1, Resident cannot perform this skill even with assistance (cannot perform) | 2, Resident can perform this skill under indirect supervision of the attending (I trust, but verify) | 3, Resident can perform this skill independently (Will do it right without looking) | 4, Resident can act as instructor or supervisor for this skill (aspirational) (shows and teaches others)",NA,NA,NA,NA,NA,NA,NA,NA,NA,NA,NA,NA
"70","ass_cc_int_semi_pc5","assessment",NA,"radio","Develops a value based plan to maintain and promote health (one that minimizes unnecessary tests, procedures, and consults)","1, Resident cannot perform this skill even with assistance (cannot perform) | 2, Resident can perform this skill under indirect supervision of the attending (I trust, but verify) | 3, Resident can perform this skill independently (Will do it right without looking) | 4, Resident can act as instructor or supervisor for this skill (aspirational) (shows and teaches others)",NA,NA,NA,NA,NA,NA,NA,NA,NA,NA,NA,NA
"71","ass_cc_int_semi_ics1_r2","assessment",NA,"radio","Minimize unfamiliar terms during patient encounters","1, Resident cannot perform this skill even with assistance (cannot perform) | 2, Resident can perform this skill under indirect supervision of the attending (I trust, but verify) | 3, Resident can perform this skill independently (Will do it right without looking) | 4, Resident can act as instructor or supervisor for this skill (aspirational) (shows and teaches others)",NA,NA,NA,NA,NA,NA,NA,NA,NA,NA,NA,NA
"72","ass_cc_int_semi_ics1_r1","assessment",NA,"radio","Demonstrate shared decision‐making with the patient","1, Resident cannot perform this skill even with assistance (cannot perform) | 2, Resident can perform this skill under indirect supervision of the attending (I trust, but verify) | 3, Resident can perform this skill independently (Will do it right without looking) | 4, Resident can act as instructor or supervisor for this skill (aspirational) (shows and teaches others)",NA,NA,NA,NA,NA,NA,NA,NA,NA,NA,NA,NA
"73","ass_cc_int_semi_prof1","assessment",NA,"radio","Acts respectfully and cooperatively towards other members of the health care team","1, Resident cannot perform this skill even with assistance (cannot perform) | 2, Resident can perform this skill under indirect supervision of the attending (I trust, but verify) | 3, Resident can perform this skill independently (Will do it right without looking) | 4, Resident can act as instructor or supervisor for this skill (aspirational) (shows and teaches others)",NA,NA,NA,NA,NA,NA,NA,NA,NA,NA,NA,NA
"74","ass_cc_int_semi_pbl2_r1","assessment",NA,"radio","Use feedback to improve performance","1, Resident cannot perform this skill even with assistance (cannot perform) | 2, Resident can perform this skill under indirect supervision of the attending (I trust, but verify) | 3, Resident can perform this skill independently (Will do it right without looking) | 4, Resident can act as instructor or supervisor for this skill (aspirational) (shows and teaches others)",NA,NA,NA,NA,NA,NA,NA,NA,NA,NA,NA,NA
"75","ass_cc_int_semi_pc3_r2","assessment",NA,"radio","Accepts and acknowledge errors when they occur","1, Resident cannot perform this skill even with assistance (cannot perform) | 2, Resident can perform this skill under indirect supervision of the attending (I trust, but verify) | 3, Resident can perform this skill independently (Will do it right without looking) | 4, Resident can act as instructor or supervisor for this skill (aspirational) (shows and teaches others)",NA,NA,NA,NA,NA,NA,NA,NA,NA,NA,NA,NA
"76","ass_cc_pgy2_semi_pc1","assessment",NA,"radio","Delivers succinct, organized oral presentations","1, Resident cannot perform this skill even with assistance (cannot perform) | 2, Resident can perform this skill under indirect supervision of the attending (I trust, but verify) | 3, Resident can perform this skill independently (Will do it right without looking) | 4, Resident can act as instructor or supervisor for this skill (aspirational) (shows and teaches others)",NA,NA,NA,NA,NA,NA,NA,NA,NA,NA,NA,NA
"77","ass_cc_pgy2_semi_ics3","assessment",NA,"radio","Provide accurate, complete, and timely documentation","1, Resident cannot perform this skill even with assistance (cannot perform) | 2, Resident can perform this skill under indirect supervision of the attending (I trust, but verify) | 3, Resident can perform this skill independently (Will do it right without looking) | 4, Resident can act as instructor or supervisor for this skill (aspirational) (shows and teaches others)",NA,NA,NA,NA,NA,NA,NA,NA,NA,NA,NA,NA
"78","ass_cc_pgy2_semi_pc3_r2","assessment",NA,"radio","Reflects on personal practice and how to prevent medical error.","1, Resident cannot perform this skill even with assistance (cannot perform) | 2, Resident can perform this skill under indirect supervision of the attending (I trust, but verify) | 3, Resident can perform this skill independently (Will do it right without looking) | 4, Resident can act as instructor or supervisor for this skill (aspirational) (shows and teaches others)",NA,NA,NA,NA,NA,NA,NA,NA,NA,NA,NA,NA
"79","ass_cc_pgy2_semi_sbp2","assessment",NA,"radio","Coordinates care across multiple care providers","1, Resident cannot perform this skill even with assistance (cannot perform) | 2, Resident can perform this skill under indirect supervision of the attending (I trust, but verify) | 3, Resident can perform this skill independently (Will do it right without looking) | 4, Resident can act as instructor or supervisor for this skill (aspirational) (shows and teaches others)",NA,NA,NA,NA,NA,NA,NA,NA,NA,NA,NA,NA
"80","ass_cc_pgy2_semi_pbl1","assessment",NA,"radio","Integrate clinical evidence into decision making","1, Resident cannot perform this skill even with assistance (cannot perform) | 2, Resident can perform this skill under indirect supervision of the attending (I trust, but verify) | 3, Resident can perform this skill independently (Will do it right without looking) | 4, Resident can act as instructor or supervisor for this skill (aspirational) (shows and teaches others)",NA,NA,NA,NA,NA,NA,NA,NA,NA,NA,NA,NA
"81","ass_cc_pgy2_semi_ics1_r1","assessment",NA,"radio","Demonstrate shared decision‐making with the patient","1, Resident cannot perform this skill even with assistance (cannot perform) | 2, Resident can perform this skill under indirect supervision of the attending (I trust, but verify) | 3, Resident can perform this skill independently (Will do it right without looking) | 4, Resident can act as instructor or supervisor for this skill (aspirational) (shows and teaches others)",NA,NA,NA,NA,NA,NA,NA,NA,NA,NA,NA,NA
"82","ass_cc_pgy2_semi_ics2","assessment",NA,"radio","Work within an interdisciplinary team to optimize patient care","1, Resident cannot perform this skill even with assistance (cannot perform) | 2, Resident can perform this skill under indirect supervision of the attending (I trust, but verify) | 3, Resident can perform this skill independently (Will do it right without looking) | 4, Resident can act as instructor or supervisor for this skill (aspirational) (shows and teaches others)",NA,NA,NA,NA,NA,NA,NA,NA,NA,NA,NA,NA
"83","ass_cc_pgy2_semi_pbl2_r1","assessment",NA,"radio","Use feedback to improve performance","1, Resident cannot perform this skill even with assistance (cannot perform) | 2, Resident can perform this skill under indirect supervision of the attending (I trust, but verify) | 3, Resident can perform this skill independently (Will do it right without looking) | 4, Resident can act as instructor or supervisor for this skill (aspirational) (shows and teaches others)",NA,NA,NA,NA,NA,NA,NA,NA,NA,NA,NA,NA
"84","ass_cc_pgy2_semi_ics1_r2","assessment",NA,"radio","Minimize unfamiliar terms during patient encounters","1, Resident cannot perform this skill even with assistance (cannot perform) | 2, Resident can perform this skill under indirect supervision of the attending (I trust, but verify) | 3, Resident can perform this skill independently (Will do it right without looking) | 4, Resident can act as instructor or supervisor for this skill (aspirational) (shows and teaches others)",NA,NA,NA,NA,NA,NA,NA,NA,NA,NA,NA,NA
"85","ass_cc_pgy3_semi_pc1","assessment",NA,"radio","Delivers hypothesis-driven oral presentations incorporating pertinent psychosocial needs or other social determinants of health","1, Resident cannot perform this skill even with assistance (cannot perform) | 2, Resident can perform this skill under indirect supervision of the attending (I trust, but verify) | 3, Resident can perform this skill independently (Will do it right without looking) | 4, Resident can act as instructor or supervisor for this skill (aspirational) (shows and teaches others)",NA,NA,NA,NA,NA,NA,NA,NA,NA,NA,NA,NA
"86","ass_cc_pgy3_semi_ics2","assessment",NA,"radio","Work within an interdisciplinary team to optimize patient care.","1, Resident cannot perform this skill even with assistance (cannot perform) | 2, Resident can perform this skill under indirect supervision of the attending (I trust, but verify) | 3, Resident can perform this skill independently (Will do it right without looking) | 4, Resident can act as instructor or supervisor for this skill (aspirational) (shows and teaches others)",NA,NA,NA,NA,NA,NA,NA,NA,NA,NA,NA,NA
"87","ass_cc_pgy3_semi_ics1_1","assessment",NA,"radio","Demonstrate shared decision‐making with the patient","1, Resident cannot perform this skill even with assistance (cannot perform) | 2, Resident can perform this skill under indirect supervision of the attending (I trust, but verify) | 3, Resident can perform this skill independently (Will do it right without looking) | 4, Resident can act as instructor or supervisor for this skill (aspirational) (shows and teaches others)",NA,NA,NA,NA,NA,NA,NA,NA,NA,NA,NA,NA
"88","ass_cc_pgy3_semi_ics1_2","assessment",NA,"radio","Minimize unfamiliar terms during patient encounters","1, Resident cannot perform this skill even with assistance (cannot perform) | 2, Resident can perform this skill under indirect supervision of the attending (I trust, but verify) | 3, Resident can perform this skill independently (Will do it right without looking) | 4, Resident can act as instructor or supervisor for this skill (aspirational) (shows and teaches others)",NA,NA,NA,NA,NA,NA,NA,NA,NA,NA,NA,NA
"89","ass_cc_pgy3_semi_sbp2","assessment",NA,"radio","Coordinates care across multiple care providers","1, Resident cannot perform this skill even with assistance (cannot perform) | 2, Resident can perform this skill under indirect supervision of the attending (I trust, but verify) | 3, Resident can perform this skill independently (Will do it right without looking) | 4, Resident can act as instructor or supervisor for this skill (aspirational) (shows and teaches others)",NA,NA,NA,NA,NA,NA,NA,NA,NA,NA,NA,NA
"90","ass_cc_pgy3_semi_pbl1","assessment",NA,"radio","Integrate clinical evidence into decision making","1, Resident cannot perform this skill even with assistance (cannot perform) | 2, Resident can perform this skill under indirect supervision of the attending (I trust, but verify) | 3, Resident can perform this skill independently (Will do it right without looking) | 4, Resident can act as instructor or supervisor for this skill (aspirational) (shows and teaches others)",NA,NA,NA,NA,NA,NA,NA,NA,NA,NA,NA,NA
"91","ass_cc_pgy3_semi_pbl2_r1","assessment",NA,"radio","Use feedback to improve performance","1, Resident cannot perform this skill even with assistance (cannot perform) | 2, Resident can perform this skill under indirect supervision of the attending (I trust, but verify) | 3, Resident can perform this skill independently (Will do it right without looking) | 4, Resident can act as instructor or supervisor for this skill (aspirational) (shows and teaches others)",NA,NA,NA,NA,NA,NA,NA,NA,NA,NA,NA,NA
"92","ass_cc_pgy3_semi_pc3_r2","assessment",NA,"radio","Reflects on personal practice and how to prevent medical error.","1, Resident cannot perform this skill even with assistance (cannot perform) | 2, Resident can perform this skill under indirect supervision of the attending (I trust, but verify) | 3, Resident can perform this skill independently (Will do it right without looking) | 4, Resident can act as instructor or supervisor for this skill (aspirational) (shows and teaches others)",NA,NA,NA,NA,NA,NA,NA,NA,NA,NA,NA,NA
"93","ass_day_pc1_r1","assessment",NA,"radio","The resident elicited hypothesis driven history","1, Needed guidance | 2, Effectively elicited for a patient with a common problem | 3, Effectively elicited for a patient with a complex problem | 4, Efficiently elicited a history and incorporated social determinants of health",NA,NA,NA,NA,NA,NA,NA,NA,NA,NA,NA,NA
"94","ass_day_pc3_r1","assessment",NA,"radio","Describe the clinical reasoning of the resident","1, Organized information to make a clinical impression | 2, Made a basic differential for a common condition | 3, Made a thorough and prioritized differential for a common condition | 4, Made a thorough and prioritized differential for a complex condition",NA,NA,NA,NA,NA,NA,NA,NA,NA,NA,NA,NA
"95","ass_day_pc5_r3","assessment",NA,"radio","Please describe how the resident did in creating a plan for the patient","1, Formulates management plans for acute common conditions, with guidance | 2, Develops and implements management plans for common acute conditions | 3, Develops and implements an initial management plan for patients with urgent or emergent conditions in the setting of chronic comorbidities | 4, Develops and implements value-based (high value) management plans for patients with acute conditions",NA,NA,NA,NA,NA,NA,NA,NA,NA,NA,NA,NA
"96","ass_cons_prof","assessment",NA,"dropdown","Did the resident demonstrate professional behavior (show up on time, dressed appropriately, prepared to see patients, etc)?","1, Yes | 2, No",NA,NA,NA,NA,NA,NA,NA,NA,NA,NA,NA,NA
"97","ass_cons_careplan_pc3_r1","assessment",NA,"radio","The resident created a clinical plan for the patient appropriate for their level of training","1, Below your expectation | 2, Met your expectation | 3, Above your expectation",NA,NA,NA,NA,NA,NA,NA,NA,NA,NA,NA,NA
"98","ass_cons_testing_mk3","assessment",NA,"radio","Demonstrated understanding of approprate diagnostic testing for common conditions in the specialty","1, Below your expectation | 2, Met your expectation | 3, Above your expectation",NA,NA,NA,NA,NA,NA,NA,NA,NA,NA,NA,NA
"99","ass_cons_comm_ics2_r1","assessment",NA,"radio","Could be trusted to communicate diagnostic and/or treatment plans to other teams","1, Below your expectation | 2, Met your expectation | 3, Above your expectation",NA,NA,NA,NA,NA,NA,NA,NA,NA,NA,NA,NA
"100","ass_cons_sdh_sbp2_r2","assessment",NA,"radio","Could take into account socio-economic factors in leading care plans for patients.","1, Below your expectation | 2, Met your expectation | 3, Above your expectation",NA,NA,NA,NA,NA,NA,NA,NA,NA,NA,NA,NA
"101","ass_int_ip_pc4_r1","assessment","In evaluation the intern, consider their performance as to your expectation of an intern during the time you worked with them (eg, a July intern is different than a May intern).","radio","The intern could provide care for patients with common medical conditions","1, Not meeting expectations | 2, Meets some, but not all expectations | 3, Meets expectations | 4, Exceptional | 5, Unable to evaluate this domain",NA,NA,NA,NA,NA,NA,"y",NA,NA,"int_ip_g1",NA,"PC4.1"
"102","ass_int_ip_pc4_r2","assessment",NA,"radio","The intern consistently followed through on tasks decided by the team (eg orders, consultations, discharges)","1, Not meeting expectations | 2, Meets some, but not all expectations | 3, Meets expectations | 4, Exceptional | 5, Unable to evaluate this domain",NA,NA,NA,NA,NA,NA,"y",NA,NA,"int_ip_g1",NA,"PROF3"
"103","ass_int_ip_pc1_r1","assessment",NA,"radio","The intern could present patients in a hypothesis-driven manner","1, Not meeting expectations | 2, Meets some, but not all expectations | 3, Meets expectations | 4, Exceptional | 5, Unable to evaluate this domain",NA,NA,NA,NA,NA,NA,"y",NA,NA,"int_ip_g1",NA,"PC3.1"
"104","ass_int_ip_pc3_r1","assessment",NA,"radio","The intern could present the rationale for their own decisions and the recommendations of consultants","1, Not meeting expectations | 2, Meets some, but not all expectations | 3, Meets expectations | 4, Exceptional | 5, Unable to evaluate this domain",NA,NA,NA,NA,NA,NA,"y",NA,NA,"int_ip_g1",NA,"PC3.1"
"105","ass_int_ip_mk1","assessment",NA,"radio","The intern could explain the pathophysiology behind disease processes","1, Not meeting expectations | 2, Meets some, but not all expectations | 3, Meets expectations | 4, Exceptional | 5, Unable to evaluate this domain",NA,NA,NA,NA,NA,NA,NA,NA,NA,NA,NA,NA
"106","ass_int_ip_sbp2_r1","assessment",NA,"radio","The intern could coordinate effective and thorough discharges","1, Never | 2, Rarely | 3, Most of the time | 4, Always | 5, Not assessed",NA,NA,NA,NA,NA,NA,"y",NA,NA,"int_ip_g2",NA,NA
"107","ass_int_ip_ics3_r2","assessment",NA,"radio","The intern would complete documentation in a timely manner","1, Never | 2, Rarely | 3, Most of the time | 4, Always | 5, Not assessed",NA,NA,NA,NA,NA,NA,"y",NA,NA,"int_ip_g2",NA,NA
"108","ass_int_ip_pbl2_r2","assessment",NA,"radio","The intern demonstrated self-reflection with mistakes and could provide a lesson learned from their mistake","1, Never | 2, Rarely | 3, Most of the time | 4, Always | 5, Not assessed",NA,NA,NA,NA,NA,NA,"y",NA,NA,"int_ip_g2",NA,NA
"109","ass_int_ip_beside","assessment",NA,"dropdown","Describe the intern's bedside manner","1, Exceptional - best among peers | 2, Very good | 3, Good | 4, Could use improvement","ICS3.1",NA,NA,NA,NA,NA,"y",NA,NA,NA,NA,NA
"110","ass_res_ip_pc4_r2","assessment","In evaluating the resident, consider their performance as to your expectation of an resident during the time you worked with them (eg early PGY2 v. late PGY3)","radio","The resident demonstrated clear knowledge of the condition, hospital course, and the care plan for all patients on the team","1, Not meeting expectations | 2, Meets some, but not all expectations | 3, Meets expectations | 4, Exceptional | 5, Ready to be an attending | 6, Not observed",NA,NA,NA,NA,NA,NA,"y",NA,NA,"res_ip_g1",NA,NA
"111","ass_res_ip_ics2_r1","assessment",NA,"radio","The resident delegated tasks to other members of the team effectively","1, Not meeting expectations | 2, Meets some, but not all expectations | 3, Meets expectations | 4, Exceptional | 5, Ready to be an attending | 6, Not observed",NA,NA,NA,NA,NA,NA,"y",NA,NA,"res_ip_g1",NA,NA
"112","ass_res_ip_mk1","assessment",NA,"radio","The resident could rationally explain the relevant pathophysiology or evidence-base for medical decisions made by the team","1, Not meeting expectations | 2, Meets some, but not all expectations | 3, Meets expectations | 4, Exceptional | 5, Ready to be an attending | 6, Not observed",NA,NA,NA,NA,NA,NA,"y",NA,NA,"res_ip_g1",NA,NA
"113","ass_res_ip_sbp3_r1","assessment",NA,"radio","The resident consistently conducted effective inter-disciplinary team rounds, particularly with discharge planning","1, Never | 2, Rarely | 3, Most of the time | 4, Always | 5, Did not observe",NA,NA,NA,NA,NA,NA,"y",NA,NA,"res_ip_g2",NA,NA
"114","ass_res_ip_pc4_r1","assessment",NA,"radio","The resident demonstrated concepts of delivering high-value care in leading care plans for patients","1, Never | 2, Rarely | 3, Most of the time | 4, Always | 5, Did not observe",NA,NA,NA,NA,NA,NA,"y",NA,NA,"res_ip_g2",NA,NA
"115","ass_res_ip_sbp3_r2","assessment",NA,"radio","The resident could take into account socio-economic factors in leading care plans for patients.","1, Never | 2, Rarely | 3, Most of the time | 4, Always | 5, Did not observe",NA,NA,NA,NA,NA,NA,"y",NA,NA,"res_ip_g2",NA,NA
"116","ass_bridge_sbp2_r2","assessment",NA,"radio","Identifies and address patient's post discharge needs","1, Not meeting expectations | 2, Meets some, but not all expectations | 3, Meets expectations | 4, Exceptional | 5, Unable to evaluate this domain",NA,NA,NA,NA,NA,NA,NA,NA,NA,NA,NA,NA
"117","ass_bridge_pc5_r3","assessment",NA,"radio","Anticipates and mitigates post-discharge complications","1, Not meeting expectations | 2, Meets some, but not all expectations | 3, Meets expectations | 4, Exceptional | 5, Unable to evaluate this domain",NA,NA,NA,NA,NA,NA,NA,NA,NA,NA,NA,NA
"118","ass_bridge_sbp3_r2","assessment",NA,"radio","Communicates and coordinate with the interdisciplinary care team","1, Not meeting expectations | 2, Meets some, but not all expectations | 3, Meets expectations | 4, Exceptional | 5, Unable to evaluate this domain",NA,NA,NA,NA,NA,NA,NA,NA,NA,NA,NA,NA
"119","ass_obs_type","assessment",NA,"dropdown","What observation?","1, Clinical Decision Making | 2, Advance Care Planning |3, Educational Session| 4,  Physical Exam | 5,  Presentation| 6, Written H&P  | 7, Daily notes | 8,  Patient Discharge |9, Patient / Family Counseling | 10, (Senior resident only) Supervision of intern or acting intern | 11, Procedure | 12, Multi-D Rounds | 13, Emergency Condition (Rapid or Code)",NA,NA,NA,NA,NA,NA,NA,NA,NA,NA,NA,NA
"120","ass_obs_cdm","assessment",NA,"text","Briefly describe the clincal scenario",NA,NA,NA,NA,NA,NA,NA,NA,NA,NA,NA,NA,NA
"121","ass_obs_acp","assessment",NA,"text","Briefly describe the  circumstances of the ACP discussion",NA,NA,NA,NA,NA,NA,NA,NA,NA,NA,NA,NA,NA
"122","ass_educat","assessment",NA,"text","Briefly describe the topic covered and how the session was conducted (chalk talk, bedside teaching, etc)",NA,NA,NA,NA,NA,NA,NA,NA,NA,NA,NA,NA,NA
"123","ass_obs_pe1","assessment",NA,"radio","Performed the exam attending to the patient's general comfort","1, Below your expectations | 2, At your expectations | 3, Above your expectations | 4, Attending level",NA,NA,NA,NA,NA,NA,NA,NA,NA,NA,NA,NA
"124","ass_obs_pe2","assessment",NA,"radio","The exam was appropriate for evaluating common conditions","1, Below your expectations | 2, At your expectations | 3, Above your expectations | 4, Attending level",NA,NA,NA,NA,NA,NA,NA,NA,NA,NA,NA,NA
"125","ass_obs_pe_3","assessment",NA,"yesno","The exam utilized more advanced maneuvers to find uncommon or complex findings",NA,NA,NA,NA,NA,NA,NA,NA,NA,NA,NA,NA,NA
"126","ass_obs_pe_4","assessment",NA,"yesno","The resident used the exam to guide diagnosis or management",NA,NA,NA,NA,NA,NA,NA,NA,NA,NA,NA,NA,NA
"127","ass_obs_pres_1","assessment",NA,"radio","Organization","1, Below your expectations | 2, Met your expectations | 3, Above your expectations | 4, Attending level",NA,NA,NA,NA,NA,NA,NA,NA,NA,NA,NA,NA
"128","ass_obs_pres_2","assessment",NA,"radio","Differential diagnosis with prioritization for likely and/or life-threatening diagnoses","1, Below your expectations | 2, Met your expectations | 3, Above your expectations | 4, Attending level",NA,NA,NA,NA,NA,NA,NA,NA,NA,NA,NA,NA
"129","ass_obs_pres_3","assessment",NA,"radio","Explaination of the rationale for diagnostic testing or therapy","1, Below your expectations | 2, Met your expectations | 3, Above your expectations | 4, Attending level",NA,NA,NA,NA,NA,NA,NA,NA,NA,NA,NA,NA
"130","ass_obs_writehp_1","assessment",NA,"radio","Contained appropriate amount of information","1, Below your expectation | 2, Met your expectation | 3, Above your expectation | 4, Attending level",NA,NA,NA,NA,NA,NA,NA,NA,NA,NA,NA,NA
"131","ass_obs_writehp_2","assessment",NA,"radio","Contained a differential diagnosis pertinent to the primary complaint","1, Below your expectation | 2, Met your expectation | 3, Above your expectation | 4, Attending level",NA,NA,NA,NA,NA,NA,NA,NA,NA,NA,NA,NA
"132","ass_obs_writehp_3","assessment",NA,"radio","Contained a rationale for diagnostic testing or treatment","1, Below your expectation | 2, Met your expectation | 3, Above your expectation | 4, Attending level",NA,NA,NA,NA,NA,NA,NA,NA,NA,NA,NA,NA
"133","ass_obs_writehp_4","assessment",NA,"radio","Clearly sought secondary sources, if needed","1, Below your expectation | 2, Met your expectation | 3, Above your expectation | 4, Attending level",NA,NA,NA,NA,NA,NA,NA,NA,NA,NA,NA,NA
"134","ass_obs_daily_1","assessment",NA,"yesno","Used the preferred template",NA,NA,NA,NA,NA,NA,NA,NA,NA,NA,NA,NA,NA
"135","ass_obs_daily_2","assessment",NA,"radio","Had up to date clinical information and treatment plans","1, Below your expectation | 2, Met your expectation | 3, Above your expectation | 4, Attending level",NA,NA,NA,NA,NA,NA,NA,NA,NA,NA,NA,NA
"136","ass_obs_daily_3","assessment",NA,"radio","Appropriate use of cut and paste","1, Below your expectation | 2, Met your expectation | 3, Above your expectation | 4, Attending level",NA,NA,NA,NA,NA,NA,NA,NA,NA,NA,NA,NA
"137","ass_obs_daily_4","assessment",NA,"radio","Completed in a timely manner","1, Below your expectation | 2, Met your expectation | 3, Above your expectation | 4, Attending level",NA,NA,NA,NA,NA,NA,NA,NA,NA,NA,NA,NA
"138","ass_obs_dc_1","assessment",NA,"radio","Sunccintly yet sufficiently describe the hospital course","1, Below your expectation | 2, Met your expectation | 3, Above your expectation | 4, Attending level",NA,NA,NA,NA,NA,NA,NA,NA,NA,NA,NA,NA
"139","ass_obs_dc_2","assessment",NA,"radio","Accurately and completely do medication reconciliation","1, Below your expectation | 2, Met your expectation | 3, Above your expectation | 4, Attending level",NA,NA,NA,NA,NA,NA,NA,NA,NA,NA,NA,NA
"140","ass_obs_dc_3","assessment",NA,"radio","Counsel the patient on the discharge plans","1, Below your expectation | 2, Met your expectation | 3, Above your expectation | 4, Attending level",NA,NA,NA,NA,NA,NA,NA,NA,NA,NA,NA,NA
"141","ass_obs_dc_4","assessment",NA,"radio","Conduct the discharge, including documentation, in a timely manner","1, Below your expectation | 2, Met your expectation | 3, Above your expectation | 4, Attending level",NA,NA,NA,NA,NA,NA,NA,NA,NA,NA,NA,NA
"142","ass_obs_meet_1","assessment",NA,"radio","Communicated information to patient and/or family in plain language","1, Below your expectations | 2, At your expectations | 3, Above your expectations | 4, Attending level",NA,NA,NA,NA,NA,NA,NA,NA,NA,NA,NA,NA
"143","ass_obs_meet_2","assessment",NA,"radio","Recognized and mitigated any communication barriers","1, Below your expectations | 2, At your expectations | 3, Above your expectations | 4, Attending level",NA,NA,NA,NA,NA,NA,NA,NA,NA,NA,NA,NA
"144","ass_obs_meet_3","assessment",NA,"radio","Recognized and incorporated psycho-social determinants of the patient's health in discussing the care plan with the patient/family","1, Below your expectations | 2, At your expectations | 3, Above your expectations | 4, Attending level",NA,NA,NA,NA,NA,NA,NA,NA,NA,NA,NA,NA
"145","ass_obs_senior_1","assessment",NA,"radio","Involved in helping learners evaluate a patient","1, Below your expectations | 2, Met your expectations | 3, Above your expectations | 4, Attending level | 5, Did not observe",NA,NA,NA,NA,NA,NA,NA,NA,NA,NA,NA,NA
"146","ass_obs_senior_2","assessment",NA,"radio","Helped the learner when assistance needed","1, Below your expectations | 2, Met your expectations | 3, Above your expectations | 4, Attending level | 5, Did not observe",NA,NA,NA,NA,NA,NA,NA,NA,NA,NA,NA,NA
"147","ass_obs_senior_3","assessment",NA,"radio","Role-modeled professional behavior","1, Below your expectations | 2, Met your expectations | 3, Above your expectations | 4, Attending level | 5, Did not observe",NA,NA,NA,NA,NA,NA,NA,NA,NA,NA,NA,NA
"148","ass_obs_senior_4","assessment",NA,"radio","Gave feedback","1, Below your expectations | 2, Met your expectations | 3, Above your expectations | 4, Attending level | 5, Did not observe",NA,NA,NA,NA,NA,NA,NA,NA,NA,NA,NA,NA
"149","ass_obs_proc_type","assessment",NA,"dropdown","Procedure type observed","1, Central line insertion | 2, Arterial puncture (abg, art-line) | 3, Lumbar puncture | 4, Paracentesis (diagnostic or therapeutic) | 5, Other",NA,NA,NA,NA,NA,NA,NA,NA,NA,NA,NA,NA
"150","ass_obs_proc_prim","assessment",NA,"yesno","Was the resident the primary person doing the procedure?",NA,NA,NA,NA,NA,NA,NA,NA,NA,NA,NA,NA,NA
"151","ass_obs_proc_up","assessment",NA,"yesno","Did the resident follow Universal Precautions?",NA,NA,NA,NA,NA,NA,NA,NA,NA,NA,NA,NA,NA
"152","ass_obs_proc_ass","assessment",NA,"radio","In performing the procedure, the resident could:","1, Demonstrate knowledge of the procedure, but required prompting to accomplish key parts of the procedure | 2, Demonstrated the ability to do the procedure, but required prompting on subtle aspects of completion | 3, Perform the procedure completely | 4, Teach others how to complete the procedure",NA,NA,NA,NA,NA,NA,NA,NA,NA,NA,NA,NA
"153","ass_obs_proc_pt_comf","assessment",NA,"yesno","The resident was attentive to the patient's comfort",NA,NA,NA,NA,NA,NA,NA,NA,NA,NA,NA,NA,NA
"154","ass_obs_mdr_1","assessment",NA,"radio","Details regarding patient's medical conditions and care plans were communicated succinctly","1, Below your expectations | 2, At your expectations | 3, Above your expectations | 4, Attending level",NA,NA,NA,NA,NA,NA,NA,NA,NA,NA,NA,NA
"155","ass_obs_mdr_2","assessment",NA,"radio","Aware of the impact social determinants of health have on the short and long-term care plan","1, Below your expectations | 2, At your expectations | 3, Above your expectations | 4, Attending level",NA,NA,NA,NA,NA,NA,NA,NA,NA,NA,NA,NA
"156","ass_obs_mdr_3","assessment",NA,"radio","Effectively engaged with the MDR team","1, Below your expectations | 2, At your expectations | 3, Above your expectations | 4, Attending level",NA,NA,NA,NA,NA,NA,NA,NA,NA,NA,NA,NA
"157","ass_obs_emer_sit","assessment",NA,"text","Briefly describe the clincal scenario",NA,NA,NA,NA,NA,NA,NA,NA,NA,NA,NA,NA,NA
"158","ass_obs_emer_1","assessment",NA,"radio","Acted in a calm, professional manner","1, Below your expectations | 2, At your expectations | 3, Above your expectations | 4, Attending level",NA,NA,NA,NA,NA,NA,NA,NA,NA,NA,NA,NA
"159","ass_obs_emer_2","assessment",NA,"radio","Prioritized pertinent findings (vitals, exam, labs)","1, Below your expectations | 2, At your expectations | 3, Above your expectations | 4, Attending level",NA,NA,NA,NA,NA,NA,NA,NA,NA,NA,NA,NA
"160","ass_obs_emer_3","assessment",NA,"radio","Provided supportive measures as appropriate","1, Below your expectations | 2, At your expectations | 3, Above your expectations | 4, Attending level",NA,NA,NA,NA,NA,NA,NA,NA,NA,NA,NA,NA
"161","ass_obs_emer_4","assessment",NA,"radio","Managed and led the inter-professional team","1, Below your expectations | 2, At your expectations | 3, Above your expectations | 4, Attending level",NA,NA,NA,NA,NA,NA,NA,NA,NA,NA,NA,NA
"162","ass_obs_emer5","assessment",NA,"dropdown","If appropriate, discussed dissenting opinion within the team and facilitated rapid resolution in a professional manner","1, Below expectations for the level of training | 2, At the expectation for level of training |  3, Above the expectation for the level of training | 4, Attending level | 5, Not observed",NA,NA,NA,NA,NA,NA,NA,NA,NA,NA,NA,NA
"163","ass_rotator","assessment",NA,"text","Rotator name",NA,NA,NA,NA,NA,NA,NA,NA,NA,NA,NA,NA,NA
"164","peer_date","peer_eval",NA,"text","Date of peer evaluation",NA,NA,"date_mdy",NA,NA,NA,NA,NA,NA,NA,NA,NA,NA
"165","peer_plus","peer_eval",NA,"text","What the resident does well?",NA,NA,NA,NA,NA,NA,NA,NA,NA,NA,NA,NA,NA
"166","peer_delta","peer_eval",NA,"text","Where can the resident improve?",NA,NA,NA,NA,NA,NA,NA,NA,NA,NA,NA,NA,NA
"167","peer_test1","peer_eval",NA,"radio","test1","1, Rarely | 2, Sometimes |3, Usually | 4, Consistently",NA,NA,NA,NA,NA,NA,NA,NA,NA,NA,NA,NA
"168","peer_test2","peer_eval",NA,"radio","test2","1, Rarely | 2, Sometimes |3, Usually | 4, Consistently",NA,NA,NA,NA,NA,NA,NA,NA,NA,NA,NA,NA
"169","fac_eval_date","faculty_evaluation",NA,"text","date of eval",NA,NA,"date_mdy",NA,NA,NA,NA,"y",NA,NA,NA,NA,NA
"170","fac_eval_level","faculty_evaluation",NA,"dropdown","eval of res","1, Intern | 2, PGY2 | 3, PGY3 | 4, Graduated | 5, Rotator",NA,NA,NA,NA,NA,NA,NA,NA,NA,NA,NA,NA
"171","fac_fell_name","faculty_evaluation",NA,"text","faculty or fellow name",NA,NA,NA,NA,NA,NA,NA,NA,NA,NA,NA,NA,NA
"172","att_or_fell","faculty_evaluation",NA,"dropdown","Are you evaluating the attending or fellow?","1, Attending | 2, Fellow",NA,NA,NA,NA,NA,NA,NA,NA,NA,NA,NA,NA
"173","approachability","faculty_evaluation",NA,"radio","How approachable is the attending/fellow to address questions or updates?","1, It was difficult to approach the attending/fellow with questions, updates, or concerns; or I felt intimidated | 2,  | 3, It was neither difficult nor easy to approach the attending | 4,  | 5, It was easy to approach the attending with questions, updates, or concerns without fear of intimidation","Learning atmosphere",NA,NA,NA,NA,NA,NA,NA,NA,NA,NA,NA
"174","respect","faculty_evaluation",NA,"radio","Is the attending/fellow respectful of all members of the healthcare team?","1, The attending did not demonstrate respect at all to team members | 2,  | 3, The attending demonstrated respect for all team members some of the time | 4,  | 5, The attending demonstrated respect for all team members consistently","Learning atmosphere",NA,NA,NA,NA,NA,NA,NA,NA,NA,NA,NA
"175","bedside_manner","faculty_evaluation",NA,"radio","Does the attending/fellow role model a good bedside manner?","1, The attending does not role model good bedside manner | 2,  | 3, The attending occasionally role models good bedside manner | 4,  | 5, The attending consistently role models good bedside manner",NA,NA,NA,NA,NA,NA,NA,NA,NA,NA,NA,NA
"176","time_teaching","faculty_evaluation",NA,"radio","Does the attending/fellow ensure time for teaching?","1, Never ensures time for teaching | 2,  | 3, Occasionally ensures time for teaching | 4,  | 5, Always ensures time for teaching","Clinical Teaching",NA,NA,NA,NA,NA,NA,NA,NA,NA,NA,NA
"177","ques_clin_des","faculty_evaluation",NA,"radio","Does the attending/fellow ask questions about your clinical decisions? 
","1, Never posed questions | 2,  | 3, Sometimes posed questions | 4,  | 5, Always posed questions",NA,NA,NA,NA,NA,NA,NA,NA,NA,NA,NA,NA
"178","autonomy","faculty_evaluation",NA,"radio","The attending/fellow allowed me autonomy in my clinical decision making","1, I was never allowed to make a decision | 2,  | 3, I was able to make decisions some of the time | 4,  | 5, I was consistently allowed to make decisions",NA,NA,NA,NA,NA,NA,NA,NA,NA,NA,NA,NA
"179","feedback","faculty_evaluation",NA,"radio","The attending/fellow provided me with feedback that allowed me to improve my performance","1, I never received feedback | 2,  | 3, I received feedback, but it did not help me improve | 4,  | 5, I received actionable feedback to improve my performance",NA,NA,NA,NA,NA,NA,NA,NA,NA,NA,NA,NA
"180","organ","faculty_evaluation",NA,"radio","The clinical session (or sessions) I had with the attending were conducted in an organized  fashion?","1, Things were consistently disorganized | 2,  | 3, There was occasional disorganization | 4,  | 5, Sessions were consistently organized",NA,NA,NA,NA,NA,NA,NA,NA,NA,NA,NA,NA
"181","att_overall","faculty_evaluation",NA,"radio","How would you rate the overall teaching of this attending/fellow","1, Needs improvement | 2, Satisfactory | 3, Good | 4, Very good | 5, Outstanding",NA,NA,NA,NA,NA,NA,NA,NA,NA,NA,NA,NA
"182","att_ext_tea","faculty_evaluation",NA,"dropdown","The attending or fellow give any clinical teaching or other educational effort outside of teaching rounds (eg, in the afternoon)","1, Strongly agree | 2, Agree | 3, Neither agree nor disagree | 4, Disagree | 5, Strongly disagree.",NA,NA,NA,NA,NA,NA,NA,NA,NA,NA,NA,NA
"183","att_give_feed","faculty_evaluation",NA,"dropdown","How did  the fellow or attending give you feedback outside of clinical teaching rounds (eg, had a feedback session)","1, Verbal feedback only | 2, Written feedback only | 3, Both oral and written | 4, I did not receive any feedback.",NA,NA,NA,NA,NA,NA,NA,NA,NA,NA,NA,NA
"184","eval_done","faculty_evaluation",NA,"dropdown","Do you know if the attending / fellow completed an evaluation for you?","1, Yes | 2, No | 3, I don't know",NA,NA,NA,NA,NA,NA,NA,NA,NA,NA,NA,NA
"185","att_rot","faculty_evaluation",NA,"dropdown","Rotation in which you worked with attending","1, SLUH Floors | 2, VA Floors | 3, Continuity Clinic | 4, Night Float | 5, Acute Care | 6, Bridge Clinic | 7, Bronze | 8, Cards (inpatient) | 9, MICU | 10, Consult Rotations | 11, Specialty Outpatient Clinics",NA,NA,NA,NA,NA,NA,NA,NA,NA,NA,NA,NA
"186","fell_eval","faculty_evaluation",NA,"dropdown","Fellow scenario","1, As a consultant | 2, Inpatient service (cards, bronze, ICU) | 3, Consult service (ID, Nephro) | 4, Outpatient rotation",NA,NA,NA,NA,NA,NA,NA,NA,NA,NA,NA,NA
"187","plus","faculty_evaluation",NA,"notes","Please note one thing the attending/fellow does to create a good learning experience for residents/students (the plus):",NA,NA,NA,NA,NA,NA,NA,NA,NA,NA,NA,NA,NA
"188","delta","faculty_evaluation",NA,"notes","Please write one thing you would like to see the attending/fellow do to improve the experience for residents and/or students (delta)?",NA,NA,NA,NA,NA,NA,NA,NA,NA,NA,NA,NA,NA
"189","prog_mile_date","milestone_entry","<div class=""rich-text-field-label""><p>Link to assessment website <a title=""here"" href=""https://imslures.shinyapps.io/app_dashboard/"" target=""_blank"" rel=""noopener"">https://imslures.shinyapps.io/app_dashboard/</a></p></div>","text","Date of entry",NA,NA,"date_mdy",NA,NA,NA,NA,NA,NA,NA,NA,NA,NA
"190","prog_mile_period","milestone_entry",NA,"dropdown","Milestone Period","1, Mid Intern | 2, End Intern | 3, Mid PGY2 | 4, End PGY2 | 5, Mid PGY3 | 6, Graduating | 7, Error",NA,NA,NA,NA,NA,NA,NA,NA,NA,NA,NA,NA
"191","rep_pc1","milestone_entry","<div class=""rich-text-field-label""><p>Patient Care</p></div>","slider","<div class=""rich-text-field-label""><p>Patient Care 1: History</p> <p>Previous rating: [rep_pc1][previous-instance]</p> <p>Most recent self-evaluation rating: [rep_pc1_self][last-instance]</p> <table style=""border-collapse: collapse; width: 92.927864%;"" border=""1""> <tbody> <tr> <td style=""width: 19.969512%;"">Level 1</td> <td style=""width: 19.969512%;"">Level 2</td> <td style=""width: 19.969512%;"">Level 3</td> <td style=""width: 20.27439%;"">Level 4</td> <td style=""width: 19.817073%;"">Level 5</td> </tr> <tr> <td style=""width: 19.969512%;""> <div class=""page"" title=""Page 8""> <div class=""section""> <div class=""layoutArea""> <div class=""column""> <p><span style=""font-weight: normal;"">Elicits and reports a comprehensive history for common patient presentations, with guidance</span></p> </div> </div> </div> </div> </td> <td style=""width: 19.969512%;""> <div class=""page"" title=""Page 8""> <div class=""section""> <div class=""layoutArea""> <div class=""column""> <p><span style=""font-weight: normal;"">Elicits and concisely reports a hypothesis- driven patient history for common patient presentations</span></p> </div> </div> </div> </div> </td> <td style=""width: 19.969512%;""> <div class=""page"" title=""Page 8""> <div class=""section""> <div class=""layoutArea""> <div class=""column""> <p><span style=""font-weight: normal;"">Elicits and concisely reports a hypothesis- driven patient history for complex patient presentations</span></p> </div> </div> </div> </div> </td> <td style=""width: 20.27439%;""> <div class=""page"" title=""Page 8""> <div class=""section""> <div class=""layoutArea""> <div class=""column""> <p><span style=""font-weight: normal;"">Efficiently elicits and concisely reports a patient history, incorporating pertinent psychosocial and other determinants of health</span></p> </div> </div> </div> </div> </td> <td style=""width: 19.817073%;""> <div class=""page"" title=""Page 8""> <div class=""section""> <div class=""layoutArea""> <div class=""column""> <p><span style=""font-weight: normal;"">Efficiently and effectively tailors the history taking, including relevant historical subtleties, based on patient, family, and system needs</span></p> </div> </div> </div> </div> </td> </tr> <tr> <td style=""width: 19.969512%;""> <div class=""page"" title=""Page 8""> <div class=""section""> <div class=""layoutArea""> <div class=""column""> <p><span style=""font-weight: normal;"">Seeks data from secondary sources, with guidance</span></p> </div> </div> </div> </div> </td> <td style=""width: 19.969512%;""> <div class=""page"" title=""Page 8""> <div class=""section""> <div class=""layoutArea""> <div class=""column""> <p><span style=""font-weight: normal;"">Independently obtains data from secondary sources</span></p> </div> </div> </div> </div> </td> <td style=""width: 19.969512%;""> <div class=""page"" title=""Page 8""> <div class=""section""> <div class=""layoutArea""> <div class=""column""> <p><span style=""font-weight: normal;"">Reconciles current data with secondary sources</span></p> </div> </div> </div> </div> </td> <td style=""width: 20.27439%;""> <div class=""page"" title=""Page 8""> <div class=""section""> <div class=""layoutArea""> <div class=""column""> <p><span style=""font-weight: normal;"">Uses history and secondary data to guide the need for further diagnostic testing</span></p> <div class=""page"" title=""Page 8""> <div class=""section""> <div class=""layoutArea""> <div class=""column""> <p><span style=""font-weight: normal;""> </span></p> </div> </div> </div> </div> </div> </div> </div> </div> </td> <td style=""width: 19.817073%;""><span style=""font-weight: normal;"">Models effective use of history to guide the need for further diagnostic testing</span></td> </tr> </tbody> </table> <p>A zero (""0"") indicates not yet completed level 1</p></div>","0 | 5 | 9","PC1","number",NA,9,NA,NA,NA,"LH",NA,NA,NA,NA
"192","rep_pc1_desc","milestone_entry",NA,"notes","Please describe how [first_name] demonstrates level 5 activities",NA,"PC1",NA,NA,NA,NA,NA,NA,NA,NA,NA,NA,NA
"193","rep_pc2","milestone_entry",NA,"slider","<div class=""rich-text-field-label""><p>Patient Care 2: Physical Examination</p> <p>Previous rating: [rep_pc2][previous-instance]</p> <p>Most recent self-evaluation rating: [rep_pc2_self][last-instance]</p> <table style=""border-collapse: collapse; width: 92.927864%;"" border=""1""> <tbody> <tr> <td style=""width: 19.969512%;"">Level 1</td> <td style=""width: 19.969512%;"">Level 2</td> <td style=""width: 19.969512%;"">Level 3</td> <td style=""width: 20.27439%;"">Level 4</td> <td style=""width: 19.817073%;"">Level 5</td> </tr> <tr> <td style=""width: 19.969512%;""> <div class=""page"" title=""Page 8""> <div class=""section""> <div class=""layoutArea""> <div class=""column""><span style=""font-weight: normal;"">Performs a general</span><br role=""presentation"" /><span style=""font-weight: normal;"">physical examination</span><br role=""presentation"" /><span style=""font-weight: normal;"">while attending to patient</span><br role=""presentation"" /><span style=""font-weight: normal;"">comfort and safety</span></div> </div> </div> </div> </td> <td style=""width: 19.969512%;""> <div class=""page"" title=""Page 8""> <div class=""section""> <div class=""layoutArea""> <div class=""column""> <p><span style=""font-weight: normal;"">Performs a hypothesis-</span><br role=""presentation"" /><span style=""font-weight: normal;"">driven physical</span><br role=""presentation"" /><span style=""font-weight: normal;"">examination for a</span><br role=""presentation"" /><span style=""font-weight: normal;"">common patient</span><br role=""presentation"" /><span style=""font-weight: normal;"">presentation</span></p> </div> </div> </div> </div> </td> <td style=""width: 19.969512%;""> <div class=""page"" title=""Page 8""> <div class=""section""> <div class=""layoutArea""> <div class=""column""> <p><span style=""font-weight: normal;"">Performs a hypothesis-</span><br role=""presentation"" /><span style=""font-weight: normal;"">driven physical</span><br role=""presentation"" /><span style=""font-weight: normal;"">examination for a</span><br role=""presentation"" /><span style=""font-weight: normal;"">complex patient</span><br role=""presentation"" /><span style=""font-weight: normal;"">presentation</span></p> </div> </div> </div> </div> </td> <td style=""width: 20.27439%;""> <div class=""page"" title=""Page 8""> <div class=""section""> <div class=""layoutArea""> <div class=""column""> <p><span style=""font-weight: normal;"">Uses advanced</span><br role=""presentation"" /><span style=""font-weight: normal;"">maneuvers to elicit</span><br role=""presentation"" /><span style=""font-weight: normal;"">subtle findings</span></p> </div> </div> </div> </div> </td> <td style=""width: 19.817073%;""> <div class=""page"" title=""Page 8""> <div class=""section""> <div class=""layoutArea""> <div class=""column""> <p><span style=""font-weight: normal;"">Models effective</span><br role=""presentation"" /><span style=""font-weight: normal;"">evidence-based physical</span><br role=""presentation"" /><span style=""font-weight: normal;"">examination technique</span></p> </div> </div> </div> </div> </td> </tr> <tr> <td style=""width: 19.969512%;""> <div class=""page"" title=""Page 8""> <div class=""section""> <div class=""layoutArea""> <div class=""column""> <p><span style=""font-weight: normal;"">Identifies common</span><br role=""presentation"" /><span style=""font-weight: normal;"">abnormal findings</span></p> </div> </div> </div> </div> </td> <td style=""width: 19.969512%;""> <div class=""page"" title=""Page 8""> <div class=""section""> <div class=""layoutArea""> <div class=""column""> <p><span style=""font-weight: normal;"">Interprets common</span><br role=""presentation"" /><span style=""font-weight: normal;"">abnormal findings</span></p> </div> </div> </div> </div> </td> <td style=""width: 19.969512%;""> <div class=""page"" title=""Page 8""> <div class=""section""> <div class=""layoutArea""> <div class=""column""> <p><span style=""font-weight: normal;"">Identifies and interprets</span><br role=""presentation"" /><span style=""font-weight: normal;"">uncommon and complex</span><br role=""presentation"" /><span style=""font-weight: normal;"">abnormal findings</span></p> </div> </div> </div> </div> </td> <td style=""width: 20.27439%;""> <div class=""page"" title=""Page 8""> <div class=""section""> <div class=""layoutArea""> <div class=""column""> <p><span style=""font-weight: normal;"">Integrates subtle</span><br role=""presentation"" /><span style=""font-weight: normal;"">physical examination</span><br role=""presentation"" /><span style=""font-weight: normal;"">findings to guide</span><br role=""presentation"" /><span style=""font-weight: normal;"">diagnosis and</span><br role=""presentation"" /><span style=""font-weight: normal;"">management</span></p> <div class=""page"" title=""Page 8""> <div class=""section""> <div class=""layoutArea""> <div class=""column""> <p><span style=""font-weight: normal;""> </span></p> </div> </div> </div> </div> </div> </div> </div> </div> </td> <td style=""width: 19.817073%;""><span style=""font-weight: normal;"">Teaches the predictive</span><br role=""presentation"" /><span style=""font-weight: normal;"">values of the examination</span><br role=""presentation"" /><span style=""font-weight: normal;"">findings to guide</span><br role=""presentation"" /><span style=""font-weight: normal;"">diagnosis and</span><br role=""presentation"" /><span style=""font-weight: normal;"">management</span></td> </tr> </tbody> </table> <p>A zero (""0"") indicates not yet completed level 1</p></div>","0 | 5 | 9","PC2","number",NA,9,NA,NA,NA,"LH",NA,NA,NA,NA
"194","rep_pc2_desc","milestone_entry",NA,"notes","Please describe how [first_name] demonstrates level 5 activities",NA,"PC2",NA,NA,NA,NA,NA,NA,NA,NA,NA,NA,NA
"195","rep_pc3","milestone_entry",NA,"slider","<div class=""rich-text-field-label""><p>Patient Care 3: Clinical Reasoning</p> <p>Previous rating: [rep_pc3][previous-instance]</p> <p>Most recent self-evaluation rating: [rep_pc3_self][last-instance]</p> <table style=""border-collapse: collapse; width: 92.927864%;"" border=""1""> <tbody> <tr> <td style=""width: 19.969512%;"">Level 1</td> <td style=""width: 19.969512%;"">Level 2</td> <td style=""width: 19.969512%;"">Level 3</td> <td style=""width: 20.27439%;"">Level 4</td> <td style=""width: 19.817073%;"">Level 5</td> </tr> <tr> <td style=""width: 19.969512%;""> <div class=""page"" title=""Page 8""> <div class=""section""> <div class=""layoutArea""> <div class=""column""> <p><span style=""font-weight: normal;"">Organizes and</span><br role=""presentation"" /><span style=""font-weight: normal;"">accurately summarizes</span><br role=""presentation"" /><span style=""font-weight: normal;"">information obtained</span><br role=""presentation"" /><span style=""font-weight: normal;"">from the patient</span><br role=""presentation"" /><span style=""font-weight: normal;"">evaluation to develop a</span><br role=""presentation"" /><span style=""font-weight: normal;"">clinical impression</span></p> </div> </div> </div> </div> </td> <td style=""width: 19.969512%;""> <div class=""page"" title=""Page 8""> <div class=""section""> <div class=""layoutArea""> <div class=""column""> <p><span style=""font-weight: normal;"">Integrates information</span><br role=""presentation"" /><span style=""font-weight: normal;"">from all sources to</span><br role=""presentation"" /><span style=""font-weight: normal;"">develop a basic</span><br role=""presentation"" /><span style=""font-weight: normal;"">differential diagnosis for</span><br role=""presentation"" /><span style=""font-weight: normal;"">common patient</span><br role=""presentation"" /><span style=""font-weight: normal;"">presentations</span></p> </div> </div> </div> </div> </td> <td style=""width: 19.969512%;""> <div class=""page"" title=""Page 8""> <div class=""section""> <div class=""layoutArea""> <div class=""column""> <p><span style=""font-weight: normal;"">Develops a thorough and</span><br role=""presentation"" /><span style=""font-weight: normal;"">prioritized differential</span><br role=""presentation"" /><span style=""font-weight: normal;"">diagnosis for common</span><br role=""presentation"" /><span style=""font-weight: normal;"">patient presentations</span></p> </div> </div> </div> </div> </td> <td style=""width: 20.27439%;""> <div class=""page"" title=""Page 8""> <div class=""section""> <div class=""layoutArea""> <div class=""column""> <p><span style=""font-weight: normal;"">Develops prioritized</span><br role=""presentation"" /><span style=""font-weight: normal;"">differential diagnoses in</span><br role=""presentation"" /><span style=""font-weight: normal;"">complex patient</span><br role=""presentation"" /><span style=""font-weight: normal;"">presentations and</span><br role=""presentation"" /><span style=""font-weight: normal;"">incorporates subtle,</span><br role=""presentation"" /><span style=""font-weight: normal;"">unusual, or conflicting</span><br role=""presentation"" /><span style=""font-weight: normal;"">findings</span></p> </div> </div> </div> </div> </td> <td style=""width: 19.817073%;""> <div class=""page"" title=""Page 8""> <div class=""section""> <div class=""layoutArea""> <div class=""column""> <p><span style=""font-weight: normal;"">Coaches others to</span><br role=""presentation"" /><span style=""font-weight: normal;"">develop prioritized</span><br role=""presentation"" /><span style=""font-weight: normal;"">differential diagnoses in</span><br role=""presentation"" /><span style=""font-weight: normal;"">complex patient</span><br role=""presentation"" /><span style=""font-weight: normal;"">presentations</span></p> </div> </div> </div> </div> </td> </tr> <tr> <td style=""width: 19.969512%;""> <div class=""page"" title=""Page 8""> <div class=""section""> <div class=""layoutArea""> <div class=""column""> <p> </p> </div> </div> </div> </div> </td> <td style=""width: 19.969512%;""> <div class=""page"" title=""Page 8""> <div class=""section""> <div class=""layoutArea""> <div class=""column""> <p><span style=""font-weight: normal;"">Identifies clinical</span><br role=""presentation"" /><span style=""font-weight: normal;"">reasoning errors within</span><br role=""presentation"" /><span style=""font-weight: normal;"">patient care, with</span><br role=""presentation"" /><span style=""font-weight: normal;"">guidance</span></p> </div> </div> </div> </div> </td> <td style=""width: 19.969512%;""> <div class=""page"" title=""Page 8""> <div class=""section""> <div class=""layoutArea""> <div class=""column""> <p><span style=""font-weight: normal;"">Retrospectively applies</span><br role=""presentation"" /><span style=""font-weight: normal;"">clinical reasoning</span><br role=""presentation"" /><span style=""font-weight: normal;"">principles to identify</span><br role=""presentation"" /><span style=""font-weight: normal;"">errors</span></p> </div> </div> </div> </div> </td> <td style=""width: 20.27439%;""> <div class=""page"" title=""Page 8""> <div class=""section""> <div class=""layoutArea""> <div class=""column""> <p><span style=""font-weight: normal;"">Continually re-appraises</span><br role=""presentation"" /><span style=""font-weight: normal;"">one's own clinical</span><br role=""presentation"" /><span style=""font-weight: normal;"">reasoning to improve</span><br role=""presentation"" /><span style=""font-weight: normal;"">patient care in real time</span></p> <div class=""page"" title=""Page 8""> <div class=""section""> <div class=""layoutArea""> <div class=""column""> <p><span style=""font-weight: normal;""> </span></p> </div> </div> </div> </div> </div> </div> </div> </div> </td> <td style=""width: 19.817073%;""><span style=""font-weight: normal;"">Models how to recognize</span><br role=""presentation"" /><span style=""font-weight: normal;"">errors and reflect upon</span><br role=""presentation"" /><span style=""font-weight: normal;"">one's own clinical</span><br role=""presentation"" /><span style=""font-weight: normal;"">reasoning</span></td> </tr> </tbody> </table> <p>A zero (""0"") indicates not yet completed level 1</p></div>","0 | 5 | 9","PC3","number",NA,9,NA,NA,NA,"LH",NA,NA,NA,NA
"196","rep_pc3_desc","milestone_entry",NA,"notes","Please describe how [first_name] demonstrates level 5 activities",NA,"PC3",NA,NA,NA,NA,NA,NA,NA,NA,NA,NA,NA
"197","rep_pc4","milestone_entry",NA,"slider","<div class=""rich-text-field-label""><p>Patient Care 4: Patient Management - Inpatient</p> <p>Previous rating: [rep_pc4][previous-instance]</p> <p>Most recent self-evaluation rating: [rep_pc4_self][last-instance]</p> <table style=""border-collapse: collapse; width: 92.927864%;"" border=""1""> <tbody> <tr> <td style=""width: 19.9938%;"">Level 1</td> <td style=""width: 19.9938%;"">Level 2</td> <td style=""width: 19.9938%;"">Level 3</td> <td style=""width: 20.3062%;"">Level 4</td> <td style=""width: 19.6813%;"">Level 5</td> </tr> <tr> <td style=""width: 19.9938%;""> <div class=""page"" title=""Page 8""> <div class=""section""> <div class=""layoutArea""> <div class=""column""> <p><span style=""font-weight: normal;"">Formulates management</span><br role=""presentation"" /><span style=""font-weight: normal;"">plans for common</span><br role=""presentation"" /><span style=""font-weight: normal;"">conditions, with guidance</span></p> </div> </div> </div> </div> </td> <td style=""width: 19.9938%;""> <div class=""page"" title=""Page 8""> <div class=""section""> <div class=""layoutArea""> <div class=""column""><span style=""font-weight: normal;"">Develops and implements</span><br role=""presentation"" /><span style=""font-weight: normal;"">management plans for </span><span style=""font-weight: normal;"">common conditions,</span><br role=""presentation"" /><span style=""font-weight: normal;"">recognizing acuity, and </span><span style=""font-weight: normal;"">modifies based on the</span><br role=""presentation"" /><span style=""font-weight: normal;"">clinical course</span></div> </div> </div> </div> </td> <td style=""width: 19.9938%;""> <div class=""page"" title=""Page 8""> <div class=""section""> <div class=""layoutArea""> <div class=""column""> <p><span style=""font-weight: normal;"">Develops and implements</span><br role=""presentation"" /><span style=""font-weight: normal;"">value-based (high value) </span><span style=""font-weight: normal;"">management plans for </span><span style=""font-weight: normal;"">patients with multisystem</span><br role=""presentation"" /><span style=""font-weight: normal;"">disease and comorbid</span><br role=""presentation"" /><span style=""font-weight: normal;"">conditions; modifies </span><span style=""font-weight: normal;"">based on the clinical </span><span style=""font-weight: normal;"">course</span></p> </div> </div> </div> </div> </td> <td style=""width: 20.3062%;""> <div class=""page"" title=""Page 8""> <div class=""section""> <div class=""layoutArea""> <div class=""column""> <p><span style=""font-weight: normal;"">Uses shared decision </span><span style=""font-weight: normal;"">making to develop and</span><br role=""presentation"" /><span style=""font-weight: normal;"">implement value-based </span><span style=""font-weight: normal;"">(high value)</span><br role=""presentation"" /><span style=""font-weight: normal;"">comprehensive</span><br role=""presentation"" /><span style=""font-weight: normal;"">management plans for </span><span style=""font-weight: normal;"">patients with comorbid </span><span style=""font-weight: normal;"">and multisystem</span><br role=""presentation"" /><span style=""font-weight: normal;"">disease, including those </span><span style=""font-weight: normal;"">patients requiring critical</span><br role=""presentation"" /><span style=""font-weight: normal;"">care</span></p> </div> </div> </div> </div> </td> <td style=""width: 19.6813%;""> <div class=""page"" title=""Page 8""> <div class=""section""> <div class=""layoutArea""> <div class=""column""> <p><span style=""font-weight: normal;"">Develops and implements</span><br role=""presentation"" /><span style=""font-weight: normal;"">comprehensive</span><br role=""presentation"" /><span style=""font-weight: normal;"">management plans for</span><br role=""presentation"" /><span style=""font-weight: normal;"">patients with rare or </span><span style=""font-weight: normal;"">ambiguous presentations</span><br role=""presentation"" /><span style=""font-weight: normal;"">or unusual comorbid</span><br role=""presentation"" /><span style=""font-weight: normal;"">conditions</span></p> </div> </div> </div> </div> </td> </tr> <tr> <td style=""width: 19.9938%;""> <div class=""page"" title=""Page 8""> <div class=""section""> <div class=""layoutArea""> <div class=""column""> <p><span style=""font-weight: normal;"">Identifies opportunities to</span><br role=""presentation"" /><span style=""font-weight: normal;"">maintain and promote </span><span style=""font-weight: normal;"">health</span></p> </div> </div> </div> </div> </td> <td style=""width: 19.9938%;""> <div class=""page"" title=""Page 8""> <div class=""section""> <div class=""layoutArea""> <div class=""column""> <p><span style=""font-weight: normal;"">Develops and implements</span><br role=""presentation"" /><span style=""font-weight: normal;"">management plans to </span><span style=""font-weight: normal;"">maintain and promote </span><span style=""font-weight: normal;"">health, with guidance</span></p> </div> </div> </div> </div> </td> <td style=""width: 19.9938%;""> <div class=""page"" title=""Page 8""> <div class=""section""> <div class=""layoutArea""> <div class=""column""> <p><span style=""font-weight: normal;"">Independently develops </span><span style=""font-weight: normal;"">and implements plans to </span><span style=""font-weight: normal;"">maintain and promote </span><span style=""font-weight: normal;"">health, incorporating</span><br role=""presentation"" /><span style=""font-weight: normal;"">pertinent psychosocial</span><br role=""presentation"" /><span style=""font-weight: normal;"">and other determinants of</span><br role=""presentation"" /><span style=""font-weight: normal;"">health</span></p> </div> </div> </div> </div> </td> <td style=""width: 20.3062%;""> <div class=""page"" title=""Page 8""> <div class=""section""> <div class=""layoutArea""> <div class=""column""> <p><span style=""font-weight: normal;"">Independently develops </span><span style=""font-weight: normal;"">and implements</span><br role=""presentation"" /><span style=""font-weight: normal;"">comprehensive plans to</span><br role=""presentation"" /><span style=""font-weight: normal;"">maintain and promote</span><br role=""presentation"" /><span style=""font-weight: normal;"">health, incorporating</span><br role=""presentation"" /><span style=""font-weight: normal;"">pertinent psychosocial</span><br role=""presentation"" /><span style=""font-weight: normal;"">and other determinants</span><br role=""presentation"" /><span style=""font-weight: normal;"">of health</span></p> <div class=""page"" title=""Page 8""> <div class=""section""> <div class=""layoutArea""> <div class=""column""> <p><span style=""font-weight: normal;""> </span></p> </div> </div> </div> </div> </div> </div> </div> </div> </td> <td style=""width: 19.6813%;""> </td> </tr> </tbody> </table> <p>A zero (""0"") indicates not yet completed level 1</p></div>","0 | 5 | 9","PC4","number",NA,9,NA,NA,NA,"LH",NA,NA,NA,NA
"198","rep_pc4_desc","milestone_entry",NA,"notes","Please describe how [first_name] demonstrates level 5 activities",NA,"PC4",NA,NA,NA,NA,NA,NA,NA,NA,NA,NA,NA
"199","rep_pc5","milestone_entry",NA,"slider","<div class=""rich-text-field-label""><p>Patient Care 5: Patient Management - Outpatient</p> <p>Previous rating: [rep_pc5][previous-instance]</p> <p>Most recent self-evaluation rating: [rep_pc5_self][last-instance]</p> <table style=""border-collapse: collapse; width: 92.927864%;"" border=""1""> <tbody> <tr> <td style=""width: 19.9938%;"">Level 1</td> <td style=""width: 19.9938%;"">Level 2</td> <td style=""width: 19.9938%;"">Level 3</td> <td style=""width: 20.3062%;"">Level 4</td> <td style=""width: 19.6813%;"">Level 5</td> </tr> <tr> <td style=""width: 19.9938%;""> <div class=""page"" title=""Page 8""> <div class=""section""> <div class=""layoutArea""> <div class=""column""> <p><span style=""font-weight: normal;"">Identifies opportunities to</span><br role=""presentation"" /><span style=""font-weight: normal;"">maintain and promote health</span></p> </div> </div> </div> </div> </td> <td style=""width: 19.9938%;""> <div class=""page"" title=""Page 8""> <div class=""section""> <div class=""layoutArea""> <div class=""column""><span style=""font-weight: normal;"">Develops and implements</span><br role=""presentation"" /><span style=""font-weight: normal;"">management plans to maintain and promote</span><br role=""presentation"" /><span style=""font-weight: normal;"">health</span></div> </div> </div> </div> </td> <td style=""width: 19.9938%;""> <div class=""page"" title=""Page 8""> <div class=""section""> <div class=""layoutArea""> <div class=""column""> <p><span style=""font-weight: normal;"">Develops and implements</span><br role=""presentation"" /><span style=""font-weight: normal;"">plans to maintain and promote health, incorporating pertinent</span><br role=""presentation"" /><span style=""font-weight: normal;"">psychosocial and other</span><br role=""presentation"" /><span style=""font-weight: normal;"">determinants of health</span></p> </div> </div> </div> </div> </td> <td style=""width: 20.3062%;""> <div class=""page"" title=""Page 8""> <div class=""section""> <div class=""layoutArea""> <div class=""column""> <p><span style=""font-weight: normal;"">Develops and</span><br role=""presentation"" /><span style=""font-weight: normal;"">implements value-</span><br role=""presentation"" /><span style=""font-weight: normal;"">based (high-value)</span><br role=""presentation"" /><span style=""font-weight: normal;"">comprehensive plans to</span><br role=""presentation"" /><span style=""font-weight: normal;"">maintain and promote</span><br role=""presentation"" /><span style=""font-weight: normal;"">health</span></p> </div> </div> </div> </div> </td> <td style=""width: 19.6813%;""> <div class=""page"" title=""Page 8""> <div class=""section""> <div class=""layoutArea""> <div class=""column""> </div> </div> </div> </div> </td> </tr> <tr> <td style=""width: 19.9938%;""> <div class=""page"" title=""Page 8""> <div class=""section""> <div class=""layoutArea""> <div class=""column""> <p><span style=""font-weight: normal;"">Formulates management</span><br role=""presentation"" /><span style=""font-weight: normal;"">plans for a common</span><br role=""presentation"" /><span style=""font-weight: normal;"">chronic condition, with</span><br role=""presentation"" /><span style=""font-weight: normal;"">guidance</span></p> </div> </div> </div> </div> </td> <td style=""width: 19.9938%;""> <div class=""page"" title=""Page 8""> <div class=""section""> <div class=""layoutArea""> <div class=""column""> <p><span style=""font-weight: normal;"">Develops and implements</span><br role=""presentation"" /><span style=""font-weight: normal;"">management plans for</span><br role=""presentation"" /><span style=""font-weight: normal;"">common chronic</span><br role=""presentation"" /><span style=""font-weight: normal;"">conditions</span></p> </div> </div> </div> </div> </td> <td style=""width: 19.9938%;""> <div class=""page"" title=""Page 8""> <div class=""section""> <div class=""layoutArea""> <div class=""column""> <p><span style=""font-weight: normal;"">Develops and implements</span><br role=""presentation"" /><span style=""font-weight: normal;"">management plans for</span><br role=""presentation"" /><span style=""font-weight: normal;"">multiple chronic</span><br role=""presentation"" /><span style=""font-weight: normal;"">conditions</span></p> </div> </div> </div> </div> </td> <td style=""width: 20.3062%;""> <div class=""page"" title=""Page 8""> <div class=""section""> <div class=""layoutArea""> <div class=""column""> <p><span style=""font-weight: normal;"">Develops and<br role=""presentation"" />implements value-<br role=""presentation"" />based (high value)<br role=""presentation"" />comprehensive<br role=""presentation"" />management plans for multiple chronic<br role=""presentation"" />conditions,<br role=""presentation"" />incorporating pertinent<br role=""presentation"" />psychosocial and other determinants of health</span></p> <div class=""page"" title=""Page 8""> <div class=""section""> <div class=""layoutArea""> <div class=""column""> <p><span style=""font-weight: normal;""> </span></p> </div> </div> </div> </div> </div> </div> </div> </div> </td> <td style=""width: 19.6813%;""><span style=""font-weight: normal;"">Creates and leads a comprehensive patient- centered management</span><br role=""presentation"" /><span style=""font-weight: normal;"">plan for the patient with</span><br role=""presentation"" /><span style=""font-weight: normal;"">highly complex chronic</span><br role=""presentation"" /><span style=""font-weight: normal;"">conditions, integrating</span><br role=""presentation"" /><span style=""font-weight: normal;"">recommendations from multiple disciplines</span></td> </tr> <tr> <td style=""width: 19.9938%;""> <div class=""page"" title=""Page 8""> <div class=""section""> <div class=""layoutArea""> <div class=""column""> <p><span style=""font-weight: normal;"">Formulates management<br role=""presentation"" />plans for acute common<br role=""presentation"" />conditions, with guidance</span></p> </div> </div> </div> </div> </td> <td style=""width: 19.9938%;""> <div class=""page"" title=""Page 8""> <div class=""section""> <div class=""layoutArea""> <div class=""column""> <p><span style=""font-weight: normal;"">Develops and implements<br role=""presentation"" />management plans for common acute conditions</span></p> </div> </div> </div> </div> </td> <td style=""width: 19.9938%;""> <div class=""page"" title=""Page 8""> <div class=""section""> <div class=""layoutArea""> <div class=""column""> <p><span style=""font-weight: normal;"">Develops and implements<br role=""presentation"" />an initial management<br role=""presentation"" />plan for patients with urgent or emergent<br role=""presentation"" />conditions in the setting of<br role=""presentation"" />chronic comorbidities</span></p> </div> </div> </div> </div> </td> <td style=""width: 20.3062%;""> <div class=""page"" title=""Page 8""> <div class=""section""> <div class=""layoutArea""> <div class=""column""> <p><span style=""font-weight: normal;"">Develops and<br role=""presentation"" />implements value-<br role=""presentation"" />based (high value)<br role=""presentation"" />management plans for patients with acute conditions</span></p> </div> </div> </div> </div> </td> <td style=""width: 19.6813%;""><span style=""font-weight: normal;"">Develops and implements</span><br role=""presentation"" /><span style=""font-weight: normal;"">management plans for</span><br role=""presentation"" /><span style=""font-weight: normal;"">patients with subtle</span><br role=""presentation"" /><span style=""font-weight: normal;"">presentations, including</span><br role=""presentation"" /><span style=""font-weight: normal;"">rare or ambiguous</span><br role=""presentation"" /><span style=""font-weight: normal;"">conditions</span></td> </tr> </tbody> </table> <p>A zero (""0"") indicates not yet completed level 1</p></div>","0 | 5 | 9","PC5","number",NA,9,NA,NA,NA,"LH",NA,NA,NA,NA
"200","rep_pc5_desc","milestone_entry",NA,"notes","Please describe how [first_name] demonstrates level 5 activities",NA,"PC5",NA,NA,NA,NA,NA,NA,NA,NA,NA,NA,NA
"201","rep_pc6","milestone_entry",NA,"slider","<div class=""rich-text-field-label""><p>Patient Care 6: Digital Health</p> <p>Previous rating: [rep_pc6][previous-instance]</p> <p>Most recent self-evaluation rating: [rep_pc6_self][last-instance]</p> <table style=""border-collapse: collapse; width: 92.927864%;"" border=""1""> <tbody> <tr> <td style=""width: 19.969512%;"">Level 1</td> <td style=""width: 19.969512%;"">Level 2</td> <td style=""width: 19.969512%;"">Level 3</td> <td style=""width: 20.27439%;"">Level 4</td> <td style=""width: 19.817073%;"">Level 5</td> </tr> <tr> <td style=""width: 19.969512%;""> <div class=""page"" title=""Page 8""> <div class=""section""> <div class=""layoutArea""> <div class=""column""> <p><span style=""font-weight: normal;"">Uses electronic health</span><br role=""presentation"" /><span style=""font-weight: normal;"">record (EHR) for routine</span><br role=""presentation"" /><span style=""font-weight: normal;"">patient care activities</span></p> </div> </div> </div> </div> </td> <td style=""width: 19.969512%;""> <div class=""page"" title=""Page 8""> <div class=""section""> <div class=""layoutArea""> <div class=""column""> <p><span style=""font-weight: normal;"">Expands use of EHR to</span><br role=""presentation"" /><span style=""font-weight: normal;"">include and reconcile</span><br role=""presentation"" /><span style=""font-weight: normal;"">secondary data sources</span><br role=""presentation"" /><span style=""font-weight: normal;"">in patient care activities</span></p> </div> </div> </div> </div> </td> <td style=""width: 19.969512%;""> <div class=""page"" title=""Page 8""> <div class=""section""> <div class=""layoutArea""> <div class=""column""><span style=""font-weight: normal;"">Effectively uses EHR</span><br role=""presentation"" /><span style=""font-weight: normal;"">capabilities in managing</span><br role=""presentation"" /><span style=""font-weight: normal;"">acute and chronic care of</span><br role=""presentation"" /><span style=""font-weight: normal;"">patients</span></div> </div> </div> </div> </td> <td style=""width: 20.27439%;""> <div class=""page"" title=""Page 8""> <div class=""section""> <div class=""layoutArea""> <div class=""column""> <p><span style=""font-weight: normal;"">Uses EHR to facilitate</span><br role=""presentation"" /><span style=""font-weight: normal;"">achievement of quality</span><br role=""presentation"" /><span style=""font-weight: normal;"">targets for patient panels</span></p> </div> </div> </div> </div> </td> <td style=""width: 19.817073%;""> <div class=""page"" title=""Page 8""> <div class=""section""> <div class=""layoutArea""> <div class=""column""> <p><span style=""font-weight: normal;"">Leads improvements to</span><br role=""presentation"" /><span style=""font-weight: normal;"">the EHR</span></p> </div> </div> </div> </div> </td> </tr> <tr> <td style=""width: 19.969512%;""> <div class=""page"" title=""Page 8""> <div class=""section""> <div class=""layoutArea""> <div class=""column""> <p><span style=""font-weight: normal;"">Identifies the required</span><br role=""presentation"" /><span style=""font-weight: normal;"">components for a</span><br role=""presentation"" /><span style=""font-weight: normal;"">telehealth visit</span></p> </div> </div> </div> </div> </td> <td style=""width: 19.969512%;""> <div class=""page"" title=""Page 8""> <div class=""section""> <div class=""layoutArea""> <div class=""column""><span style=""font-weight: normal;"">Performs assigned</span><br role=""presentation"" /><span style=""font-weight: normal;"">telehealth visits using</span><br role=""presentation"" /><span style=""font-weight: normal;"">approved technology</span></div> </div> </div> </div> </td> <td style=""width: 19.969512%;""> <div class=""page"" title=""Page 8""> <div class=""section""> <div class=""layoutArea""> <div class=""column""> <p><span style=""font-weight: normal;"">Identifies clinical</span><br role=""presentation"" /><span style=""font-weight: normal;"">situations that can be</span><br role=""presentation"" /><span style=""font-weight: normal;"">managed through a</span><br role=""presentation"" /><span style=""font-weight: normal;"">telehealth visi</span></p> </div> </div> </div> </div> </td> <td style=""width: 20.27439%;""> <div class=""page"" title=""Page 8""> <div class=""section""> <div class=""layoutArea""> <div class=""column""> <p><span style=""font-weight: normal;"">Integrates telehealth<br role=""presentation"" />effectively into clinical<br role=""presentation"" />practice for the<br role=""presentation"" />management of acute<br role=""presentation"" />and chronic illness</span></p> <div class=""page"" title=""Page 8""> <div class=""section""> <div class=""layoutArea""> <div class=""column""> <p><span style=""font-weight: normal;""> </span></p> </div> </div> </div> </div> </div> </div> </div> </div> </td> <td style=""width: 19.817073%;""><span style=""font-weight: normal;"">Develops and innovates</span><br role=""presentation"" /><span style=""font-weight: normal;"">new ways to use</span><br role=""presentation"" /><span style=""font-weight: normal;"">emerging technologies to</span><br role=""presentation"" /><span style=""font-weight: normal;"">augment telehealth visits</span></td> </tr> </tbody> </table> <p>A zero (""0"") indicates not yet completed level 1</p></div>","0 | 5 | 9","PC6","number",NA,9,NA,NA,NA,"LH",NA,NA,NA,NA
"202","rep_pc6_desc","milestone_entry",NA,"notes","Please describe how [first_name] demonstrates level 5 activities",NA,"PC6",NA,NA,NA,NA,NA,NA,NA,NA,NA,NA,NA
"203","rep_mk1","milestone_entry","Medical Knowledge","slider","<div class=""rich-text-field-label""><p>Medical Knowledge 1: Applied Foundational Sciences</p> <p>Previous rating: [rep_mk1][previous-instance]</p> <p>Most recent self-evaluation rating: [rep_mk1_self][last-instance]</p> <table style=""border-collapse: collapse; width: 92.927864%;"" border=""1""> <tbody> <tr> <td style=""width: 19.969512%;"">Level 1</td> <td style=""width: 19.969512%;"">Level 2</td> <td style=""width: 19.969512%;"">Level 3</td> <td style=""width: 20.27439%;"">Level 4</td> <td style=""width: 19.817073%;"">Level 5</td> </tr> <tr> <td style=""width: 19.969512%;""> <div class=""page"" title=""Page 8""> <div class=""section""> <div class=""layoutArea""> <div class=""column""> <p><span style=""font-weight: normal;"">Explains the scientific</span><br role=""presentation"" /><span style=""font-weight: normal;"">knowledge (e.g.,</span><br role=""presentation"" /><span style=""font-weight: normal;"">physiology, social</span><br role=""presentation"" /><span style=""font-weight: normal;"">sciences, mechanism of</span><br role=""presentation"" /><span style=""font-weight: normal;"">disease) for normal</span><br role=""presentation"" /><span style=""font-weight: normal;"">function and common</span><br role=""presentation"" /><span style=""font-weight: normal;"">medical conditions</span></p> </div> </div> </div> </div> </td> <td style=""width: 19.969512%;""> <div class=""page"" title=""Page 8""> <div class=""section""> <div class=""layoutArea""> <div class=""column""> <p><span style=""font-weight: normal;"">Explains the scientific</span><br role=""presentation"" /><span style=""font-weight: normal;"">knowledge for complex</span><br role=""presentation"" /><span style=""font-weight: normal;"">medical conditions</span></p> </div> </div> </div> </div> </td> <td style=""width: 19.969512%;""> <div class=""page"" title=""Page 8""> <div class=""section""> <div class=""layoutArea""> <div class=""column""><span style=""font-weight: normal;"">Integrates scientific</span><br role=""presentation"" /><span style=""font-weight: normal;"">knowledge to address</span><br role=""presentation"" /><span style=""font-weight: normal;"">comorbid conditions</span><br role=""presentation"" /><span style=""font-weight: normal;"">within the context of</span><br role=""presentation"" /><span style=""font-weight: normal;"">multisystem disease</span></div> </div> </div> </div> </td> <td style=""width: 20.27439%;""> <div class=""page"" title=""Page 8""> <div class=""section""> <div class=""layoutArea""> <div class=""column""> <p><span style=""font-weight: normal;"">Integrates scientific</span><br role=""presentation"" /><span style=""font-weight: normal;"">knowledge to address</span><br role=""presentation"" /><span style=""font-weight: normal;"">uncommon, atypical, or</span><br role=""presentation"" /><span style=""font-weight: normal;"">complex comorbid</span><br role=""presentation"" /><span style=""font-weight: normal;"">conditions within the</span><br role=""presentation"" /><span style=""font-weight: normal;"">context of multisystem</span><br role=""presentation"" /><span style=""font-weight: normal;"">disease</span></p> </div> </div> </div> </div> </td> <td style=""width: 19.817073%;""> <div class=""page"" title=""Page 8""> <div class=""section""> <div class=""layoutArea""> <div class=""column""> <p><span style=""font-weight: normal;"">Demonstrates a nuanced</span><br role=""presentation"" /><span style=""font-weight: normal;"">understanding of the</span><br role=""presentation"" /><span style=""font-weight: normal;"">scientific knowledge</span><br role=""presentation"" /><span style=""font-weight: normal;"">related to uncommon,</span><br role=""presentation"" /><span style=""font-weight: normal;"">atypical, or complex</span><br role=""presentation"" /><span style=""font-weight: normal;"">conditions</span></p> </div> </div> </div> </div> </td> </tr> </tbody> </table> <p>A zero (""0"") indicates not yet completed level 1</p></div>","0 | 5 | 9","MK1","number",NA,9,NA,NA,NA,"LH",NA,NA,NA,NA
"204","rep_mk1_desc","milestone_entry",NA,"notes","Please describe how [first_name] demonstrates level 5 activities",NA,"MK1",NA,NA,NA,NA,NA,NA,NA,NA,NA,NA,NA
"205","rep_mk2","milestone_entry",NA,"slider","<div class=""rich-text-field-label""><p>Medical Knowledge 2: Therapeutic Knowledge</p> <p>Previous rating: [rep_mk2][previous-instance]</p> <p>Most recent self-evaluation rating: [rep_mk2_self][last-instance]</p> <table style=""border-collapse: collapse; width: 92.927864%;"" border=""1""> <tbody> <tr> <td style=""width: 19.8376%;"">Level 1</td> <td style=""width: 20.15%;"">Level 2</td> <td style=""width: 19.9938%;"">Level 3</td> <td style=""width: 20.15%;"">Level 4</td> <td style=""width: 19.8376%;"">Level 5</td> </tr> <tr> <td style=""width: 19.8376%;""> <div class=""page"" title=""Page 8""> <div class=""section""> <div class=""layoutArea""> <div class=""column""> <p><span style=""font-weight: normal;"">Explains the scientific</span><br role=""presentation"" /><span style=""font-weight: normal;"">basis for common</span><br role=""presentation"" /><span style=""font-weight: normal;"">therapies</span></p> </div> </div> </div> </div> </td> <td style=""width: 20.15%;""> <div class=""page"" title=""Page 8""> <div class=""section""> <div class=""layoutArea""> <div class=""column""> <p><span style=""font-weight: normal;"">Explains the indications,</span><br role=""presentation"" /><span style=""font-weight: normal;"">contraindications, risks, and benefits of common</span><br role=""presentation"" /><span style=""font-weight: normal;"">therapies</span></p> </div> </div> </div> </div> </td> <td style=""width: 19.9938%;""> <div class=""page"" title=""Page 8""> <div class=""section""> <div class=""layoutArea""> <div class=""column""><span style=""font-weight: normal;"">Integrates knowledge of</span><br role=""presentation"" /><span style=""font-weight: normal;"">therapeutic options in</span><br role=""presentation"" /><span style=""font-weight: normal;"">patients with comorbid</span><br role=""presentation"" /><span style=""font-weight: normal;"">conditions, multisystem</span><br role=""presentation"" /><span style=""font-weight: normal;"">disease, or uncertain</span><br role=""presentation"" /><span style=""font-weight: normal;"">diagnosis</span></div> </div> </div> </div> </td> <td style=""width: 20.15%;""> <div class=""page"" title=""Page 8""> <div class=""section""> <div class=""layoutArea""> <div class=""column""> <p><span style=""font-weight: normal;"">Integrates knowledge of</span><br role=""presentation"" /><span style=""font-weight: normal;"">therapeutic options within the clinical and psychosocial context of</span><br role=""presentation"" /><span style=""font-weight: normal;"">the patient to formulate</span><br role=""presentation"" /><span style=""font-weight: normal;"">treatment options</span></p> </div> </div> </div> </div> </td> <td style=""width: 19.8376%;""> <div class=""page"" title=""Page 8""> <div class=""section""> <div class=""layoutArea""> <div class=""column""> <p><span style=""font-weight: normal;"">Demonstrates a nuanced</span><br role=""presentation"" /><span style=""font-weight: normal;"">understanding of</span><br role=""presentation"" /><span style=""font-weight: normal;"">emerging, atypical, or</span><br role=""presentation"" /><span style=""font-weight: normal;"">complex therapeutic</span><br role=""presentation"" /><span style=""font-weight: normal;"">options</span></p> </div> </div> </div> </div> </td> </tr> </tbody> </table> <p>A zero (""0"") indicates not yet completed level 1</p></div>","0 | 5 | 9","MK2","number",NA,9,NA,NA,NA,"LH",NA,NA,NA,NA
"206","rep_mk2_desc","milestone_entry",NA,"notes","Please describe how [first_name] demonstrates level 5 activities",NA,"MK2",NA,NA,NA,NA,NA,NA,NA,NA,NA,NA,NA
"207","rep_mk3","milestone_entry",NA,"slider","<div class=""rich-text-field-label""><p>Medical Knowledge 3: Knowledge of Diagnostic Testing</p> <p>Previous rating: [rep_mk3][previous-instance]</p> <p>Most recent self-evaluation rating: [rep_mk3_self][last-instance]</p> <table style=""border-collapse: collapse; width: 92.927864%;"" border=""1""> <tbody> <tr> <td style=""width: 19.8376%;"">Level 1</td> <td style=""width: 20.15%;"">Level 2</td> <td style=""width: 19.9938%;"">Level 3</td> <td style=""width: 20.15%;"">Level 4</td> <td style=""width: 19.8376%;"">Level 5</td> </tr> <tr> <td style=""width: 19.8376%;""> <div class=""page"" title=""Page 8""> <div class=""section""> <div class=""layoutArea""> <div class=""column""> <p><span style=""font-weight: normal;"">Explains the rationale, risks, and benefits for</span><br role=""presentation"" /><span style=""font-weight: normal;"">common diagnostic</span><br role=""presentation"" /><span style=""font-weight: normal;"">testing</span></p> </div> </div> </div> </div> </td> <td style=""width: 20.15%;""> <div class=""page"" title=""Page 8""> <div class=""section""> <div class=""layoutArea""> <div class=""column""> <p><span style=""font-weight: normal;"">Explains the rationale, risks, and benefits for</span><br role=""presentation"" /><span style=""font-weight: normal;"">complex diagnostic</span><br role=""presentation"" /><span style=""font-weight: normal;"">testing</span></p> </div> </div> </div> </div> </td> <td style=""width: 19.9938%;""> <div class=""page"" title=""Page 8""> <div class=""section""> <div class=""layoutArea""> <div class=""column""><span style=""font-weight: normal;"">Integrates value and test</span><br role=""presentation"" /><span style=""font-weight: normal;"">characteristics of various</span><br role=""presentation"" /><span style=""font-weight: normal;"">diagnostic strategies in</span><br role=""presentation"" /><span style=""font-weight: normal;"">patients with common</span><br role=""presentation"" /><span style=""font-weight: normal;"">diseases</span></div> </div> </div> </div> </td> <td style=""width: 20.15%;""> <div class=""page"" title=""Page 8""> <div class=""section""> <div class=""layoutArea""> <div class=""column""> <p><span style=""font-weight: normal;"">Integrates value and test characteristics of</span><br role=""presentation"" /><span style=""font-weight: normal;"">various diagnostic</span><br role=""presentation"" /><span style=""font-weight: normal;"">strategies in patients</span><br role=""presentation"" /><span style=""font-weight: normal;"">with comorbid</span><br role=""presentation"" /><span style=""font-weight: normal;"">conditions or</span><br role=""presentation"" /><span style=""font-weight: normal;"">multisystem disease</span></p> </div> </div> </div> </div> </td> <td style=""width: 19.8376%;""> <div class=""page"" title=""Page 8""> <div class=""section""> <div class=""layoutArea""> <div class=""column""> <p><span style=""font-weight: normal;"">Demonstrates a nuanced</span><br role=""presentation"" /><span style=""font-weight: normal;"">understanding of</span><br role=""presentation"" /><span style=""font-weight: normal;"">emerging diagnostic tests</span><br role=""presentation"" /><span style=""font-weight: normal;"">and procedures</span></p> </div> </div> </div> </div> </td> </tr> <tr> <td style=""width: 19.8376%;""> <div class=""page"" title=""Page 8""> <div class=""section""> <div class=""layoutArea""> <div class=""column""> <p><span style=""font-weight: normal;"">Interprets results of common diagnostic tests</span></p> </div> </div> </div> </div> </td> <td style=""width: 20.15%;""> <div class=""page"" title=""Page 8""> <div class=""section""> <div class=""layoutArea""> <div class=""column""> <p><span style=""font-weight: normal;"">Interprets complex</span><br role=""presentation"" /><span style=""font-weight: normal;"">diagnostic data</span></p> </div> </div> </div> </div> </td> <td style=""width: 19.9938%;""> <div class=""page"" title=""Page 8""> <div class=""section""> <div class=""layoutArea""> <div class=""column""><span style=""font-weight: normal;"">Integrates complex</span><br role=""presentation"" /><span style=""font-weight: normal;"">diagnostic data accurately to reach high-probability</span><br role=""presentation"" /><span style=""font-weight: normal;"">diagnose</span></div> </div> </div> </div> </td> <td style=""width: 20.15%;""> <div class=""page"" title=""Page 8""> <div class=""section""> <div class=""layoutArea""> <div class=""column""> <p><span style=""font-weight: normal;"">Anticipates and</span><br role=""presentation"" /><span style=""font-weight: normal;"">accounts for limitations</span><br role=""presentation"" /><span style=""font-weight: normal;"">when interpreting</span><br role=""presentation"" /><span style=""font-weight: normal;"">diagnostic data</span></p> </div> </div> </div> </div> </td> <td style=""width: 19.8376%;""> <div class=""page"" title=""Page 8""> <div class=""section""> <div class=""layoutArea""> <div class=""column""> <p> </p> </div> </div> </div> </div> </td> </tr> </tbody> </table> <p>A zero (""0"") indicates not yet completed level 1</p></div>","0 | 5 | 9","MK3","number",NA,9,NA,NA,NA,"LH",NA,NA,NA,NA
"208","rep_mk3_desc","milestone_entry",NA,"notes","Please describe how [first_name] demonstrates level 5 activities",NA,"MK3",NA,NA,NA,NA,NA,NA,NA,NA,NA,NA,NA
"209","rep_sbp1","milestone_entry","Systems-Based Practice","slider","<div class=""rich-text-field-label""><p>Systems-based Practice 1: Patient Safety and Quality Improvement</p> <p>Previous rating: [rep_sbp1][previous-instance]</p> <p>Most recent self-evaluation rating: [rep_sbp1_self][last-instance]</p> <table style=""border-collapse: collapse; width: 92.927864%;"" border=""1""> <tbody> <tr> <td style=""width: 19.8376%;"">Level 1</td> <td style=""width: 20.15%;"">Level 2</td> <td style=""width: 19.9938%;"">Level 3</td> <td style=""width: 20.15%;"">Level 4</td> <td style=""width: 19.8376%;"">Level 5</td> </tr> <tr> <td style=""width: 19.8376%;""> <div class=""page"" title=""Page 8""> <div class=""section""> <div class=""layoutArea""> <div class=""column""> <p><span style=""font-weight: normal;"">Demonstrates</span><br role=""presentation"" /><span style=""font-weight: normal;"">knowledge of common</span><br role=""presentation"" /><span style=""font-weight: normal;"">patient safety events</span></p> </div> </div> </div> </div> </td> <td style=""width: 20.15%;""> <div class=""page"" title=""Page 8""> <div class=""section""> <div class=""layoutArea""> <div class=""column""> <p><span style=""font-weight: normal;"">Identifies system factors that lead to patient safety</span><br role=""presentation"" /><span style=""font-weight: normal;"">events</span></p> </div> </div> </div> </div> </td> <td style=""width: 19.9938%;""> <div class=""page"" title=""Page 8""> <div class=""section""> <div class=""layoutArea""> <div class=""column""><span style=""font-weight: normal;"">Contributes to the analysis of patient safety</span><br role=""presentation"" /><span style=""font-weight: normal;"">events (simulated or actual)</span></div> </div> </div> </div> </td> <td style=""width: 20.15%;""> <div class=""page"" title=""Page 8""> <div class=""section""> <div class=""layoutArea""> <div class=""column""> <p><span style=""font-weight: normal;"">Conducts analysis of</span><br role=""presentation"" /><span style=""font-weight: normal;"">patient safety events</span><br role=""presentation"" /><span style=""font-weight: normal;"">and offers error</span><br role=""presentation"" /><span style=""font-weight: normal;"">prevention strategies</span><br role=""presentation"" /><span style=""font-weight: normal;"">(simulated or actual)</span></p> </div> </div> </div> </div> </td> <td style=""width: 19.8376%;""> <div class=""page"" title=""Page 8""> <div class=""section""> <div class=""layoutArea""> <div class=""column""> <p><span style=""font-weight: normal;"">Leads teams and</span><br role=""presentation"" /><span style=""font-weight: normal;"">processes to modify</span><br role=""presentation"" /><span style=""font-weight: normal;"">systems to prevent</span><br role=""presentation"" /><span style=""font-weight: normal;"">patient safety events</span></p> </div> </div> </div> </div> </td> </tr> <tr> <td style=""width: 19.8376%;""> <div class=""page"" title=""Page 8""> <div class=""section""> <div class=""layoutArea""> <div class=""column""> <p><span style=""font-weight: normal;"">Demonstrates</span><br role=""presentation"" /><span style=""font-weight: normal;"">knowledge of how to</span><br role=""presentation"" /><span style=""font-weight: normal;"">report patient safety</span><br role=""presentation"" /><span style=""font-weight: normal;"">events</span></p> </div> </div> </div> </div> </td> <td style=""width: 20.15%;""> <div class=""page"" title=""Page 8""> <div class=""section""> <div class=""layoutArea""> <div class=""column""> <p><span style=""font-weight: normal;"">Reports patient safety</span><br role=""presentation"" /><span style=""font-weight: normal;"">events through</span><br role=""presentation"" /><span style=""font-weight: normal;"">institutional reporting</span><br role=""presentation"" /><span style=""font-weight: normal;"">systems (actual or</span><br role=""presentation"" /><span style=""font-weight: normal;"">simulated)</span></p> </div> </div> </div> </div> </td> <td style=""width: 19.9938%;""> <div class=""page"" title=""Page 8""> <div class=""section""> <div class=""layoutArea""> <div class=""column""><span style=""font-weight: normal;"">Participates in disclosure of patient safety events to</span><br role=""presentation"" /><span style=""font-weight: normal;"">patients and families</span><br role=""presentation"" /><span style=""font-weight: normal;"">(simulated or actual)</span></div> </div> </div> </div> </td> <td style=""width: 20.15%;""> <div class=""page"" title=""Page 8""> <div class=""section""> <div class=""layoutArea""> <div class=""column""> <p><span style=""font-weight: normal;"">Discloses patient safety events to patients and families (simulated or</span><br role=""presentation"" /><span style=""font-weight: normal;"">actual)</span></p> </div> </div> </div> </div> </td> <td style=""width: 19.8376%;""> <div class=""page"" title=""Page 8""> <div class=""section""> <div class=""layoutArea""> <div class=""column""> <p><span style=""font-weight: normal;"">Models the disclosure of</span><br role=""presentation"" /><span style=""font-weight: normal;"">patient safety events</span></p> </div> </div> </div> </div> </td> </tr> <tr> <td style=""width: 19.8376%;""> <div class=""page"" title=""Page 8""> <div class=""section""> <div class=""layoutArea""> <div class=""column""> <p><span style=""font-weight: normal;"">Demonstrates<br role=""presentation"" />knowledge of basic<br role=""presentation"" />quality improvement<br role=""presentation"" />methodologies and<br role=""presentation"" />metrics</span></p> </div> </div> </div> </div> </td> <td style=""width: 20.15%;""> <div class=""page"" title=""Page 8""> <div class=""section""> <div class=""layoutArea""> <div class=""column""> <p><span style=""font-weight: normal;"">Describes local quality<br role=""presentation"" />improvement initiatives<br role=""presentation"" />(e.g., community<br role=""presentation"" />vaccination rate, infection<br role=""presentation"" />rate, smoking cessation)</span></p> </div> </div> </div> </div> </td> <td style=""width: 19.9938%;""><span style=""font-weight: normal;"">Contributes to local quality improvement</span><br role=""presentation"" /><span style=""font-weight: normal;"">initiatives</span></td> <td style=""width: 20.15%;""> <div class=""page"" title=""Page 8""> <div class=""section""> <div class=""layoutArea""> <div class=""column""> <p><span style=""font-weight: normal;"">Demonstrates the skills<br role=""presentation"" />required to identify,<br role=""presentation"" />develop, implement,<br role=""presentation"" />and analyze a quality<br role=""presentation"" />improvement project</span></p> </div> </div> </div> </div> </td> <td style=""width: 19.8376%;""> <div class=""page"" title=""Page 8""> <div class=""section""> <div class=""layoutArea""> <div class=""column""> <p><span style=""font-weight: normal;"">Creates, implements, and</span><br role=""presentation"" /><span style=""font-weight: normal;"">assesses sustainable</span><br role=""presentation"" /><span style=""font-weight: normal;"">quality improvement</span><br role=""presentation"" /><span style=""font-weight: normal;"">initiatives at the</span><br role=""presentation"" /><span style=""font-weight: normal;"">institutional or community</span><br role=""presentation"" /><span style=""font-weight: normal;"">level</span></p> </div> </div> </div> </div> </td> </tr> </tbody> </table> <p>A zero (""0"") indicates not yet completed level 1</p></div>","0 | 5 | 9","SBP1","number",NA,9,NA,NA,NA,"LH",NA,NA,NA,NA
"210","rep_sbp1_desc","milestone_entry",NA,"notes","Please describe how [first_name] demonstrates level 5 activities",NA,"SBP1",NA,NA,NA,NA,NA,NA,NA,NA,NA,NA,NA
"211","rep_sbp2","milestone_entry",NA,"slider","<div class=""rich-text-field-label""><p>Systems-based Practice 2: System Navigation for Patient-Centered Care</p> <p>Previous rating: [rep_sbp2][previous-instance]</p> <p>Most recent self-evaluation rating: [rep_sbp2_self][last-instance]</p> <table style=""border-collapse: collapse; width: 92.927864%;"" border=""1""> <tbody> <tr> <td style=""width: 19.8376%;"">Level 1</td> <td style=""width: 20.15%;"">Level 2</td> <td style=""width: 19.9938%;"">Level 3</td> <td style=""width: 20.15%;"">Level 4</td> <td style=""width: 19.8376%;"">Level 5</td> </tr> <tr> <td style=""width: 19.8376%;""> <div class=""page"" title=""Page 8""> <div class=""section""> <div class=""layoutArea""> <div class=""column""> <div class=""page"" title=""Page 18""> <div class=""section""> <div class=""layoutArea""> <div class=""column""> <p><span style=""font-weight: normal;"">Demonstrates knowledge of care coordination</span></p> </div> </div> </div> </div> </div> </div> </div> </div> </td> <td style=""width: 20.15%;""> <div class=""page"" title=""Page 8""> <div class=""section""> <div class=""layoutArea""> <div class=""column""> <div class=""page"" title=""Page 18""> <div class=""section""> <div class=""layoutArea""> <div class=""column""> <p><span style=""font-weight: normal;"">Coordinates care of patients by effectively engaging interprofessional teams in routine clinical situations</span></p> </div> </div> </div> </div> </div> </div> </div> </div> </td> <td style=""width: 19.9938%;""> <div class=""page"" title=""Page 8""> <div class=""section""> <div class=""layoutArea""> <div class=""column""> <div class=""page"" title=""Page 18""> <div class=""section""> <div class=""layoutArea""> <div class=""column""> <p><span style=""font-weight: normal;"">Coordinates care of patients by effectively engaging interprofessional teams in complex clinical situations</span></p> </div> </div> </div> </div> </div> </div> </div> </div> </td> <td style=""width: 20.15%;""> <div class=""page"" title=""Page 8""> <div class=""section""> <div class=""layoutArea""> <div class=""column""> <div class=""page"" title=""Page 18""> <div class=""section""> <div class=""layoutArea""> <div class=""column""> <p><span style=""font-weight: normal;"">Models effective coordination of patient- centered care among different disciplines and specialties</span></p> <p> </p> </div> </div> </div> </div> </div> </div> </div> </div> </td> <td style=""width: 19.8376%;""> <div class=""page"" title=""Page 8""> <div class=""section""> <div class=""layoutArea""> <div class=""column""> <div class=""page"" title=""Page 18""> <div class=""section""> <div class=""layoutArea""> <div class=""column""> <p><span style=""font-weight: normal;"">Analyzes the process of care coordination and leads in the design and implementation of improvements</span></p> <p> </p> </div> </div> </div> </div> </div> </div> </div> </div> </td> </tr> <tr> <td style=""width: 19.8376%;""> <div class=""page"" title=""Page 8""> <div class=""section""> <div class=""layoutArea""> <div class=""column""> <div class=""page"" title=""Page 18""> <div class=""section""> <div class=""layoutArea""> <div class=""column""> <p><span style=""font-weight: normal;"">Identifies key elements for safe and effective transitions of care and hand-offs</span></p> </div> </div> </div> </div> </div> </div> </div> </div> </td> <td style=""width: 20.15%;""> <div class=""page"" title=""Page 8""> <div class=""section""> <div class=""layoutArea""> <div class=""column""> <p><span style=""font-weight: normal;"">Performs safe and effective transitions of care/hand-offs in routine clinical situations</span></p> <p> </p> </div> </div> </div> </div> </td> <td style=""width: 19.9938%;""> <div class=""page"" title=""Page 8""> <div class=""section""> <div class=""layoutArea""> <div class=""column""> <p><span style=""font-weight: normal;"">Performs safe and effective transitions of care/hand-offs in complex clinical situations</span></p> <p> </p> </div> </div> </div> </div> </td> <td style=""width: 20.15%;""> <div class=""page"" title=""Page 8""> <div class=""section""> <div class=""layoutArea""> <div class=""column""> <p><span style=""font-weight: normal;"">Models and advocates for safe and effective transitions of care/hand- offs within and across health care delivery systems, including outpatient settings</span></p> </div> </div> </div> </div> </td> <td style=""width: 19.8376%;""> <div class=""page"" title=""Page 8""> <div class=""section""> <div class=""layoutArea""> <div class=""column""> <p><span style=""font-weight: normal;"">Improves quality of transitions of care within and across health care delivery systems to optimize patient outcomes</span></p> <p> </p> </div> </div> </div> </div> </td> </tr> <tr> <td style=""width: 19.8376%;""> <div class=""page"" title=""Page 8""> <div class=""section""> <div class=""layoutArea""> <div class=""column""> <div class=""page"" title=""Page 18""> <div class=""section""> <div class=""layoutArea""> <div class=""column""> <p><span style=""font-weight: normal;"">Demonstrates knowledge of population and community health needs and disparities</span></p> </div> </div> </div> </div> </div> </div> </div> </div> </td> <td style=""width: 20.15%;""> <div class=""page"" title=""Page 8""> <div class=""section""> <div class=""layoutArea""> <div class=""column""> <p><span style=""font-weight: normal;"">Identifies specific population and community health needs and inequities for the local population</span></p> </div> </div> </div> </div> </td> <td style=""width: 19.9938%;""><span style=""font-weight: normal;"">Uses local resources effectively to meet the needs of a patient population and community</span></td> <td style=""width: 20.15%;""> <div class=""page"" title=""Page 8""> <div class=""section""> <div class=""layoutArea""> <div class=""column""> <p><span style=""font-weight: normal;"">Participates in changing and adapting practice to provide for the needs of specific populations</span></p> </div> </div> </div> </div> </td> <td style=""width: 19.8376%;""> <div class=""page"" title=""Page 8""> <div class=""section""> <div class=""layoutArea""> <div class=""column""> <p><span style=""font-weight: normal;"">Leads innovations and advocates for populations and communities with health care inequities</span></p> </div> </div> </div> </div> </td> </tr> </tbody> </table> <p>A zero (""0"") indicates not yet completed level 1</p></div>","0 | 5 | 9","SBP2","number",NA,9,NA,NA,NA,"LH",NA,NA,NA,NA
"212","rep_sbp2_desc","milestone_entry",NA,"notes","Please describe how [first_name] demonstrates level 5 activities",NA,"SBP2",NA,NA,NA,NA,NA,NA,"RH",NA,NA,NA,NA
"213","rep_sbp3","milestone_entry",NA,"slider","<div class=""rich-text-field-label""><p>Systems-based Practice 3: Physician Role in Health Care Systems</p> <p>Previous rating: [rep_sbp3][previous-instance]</p> <p>Most recent self-evaluation rating: [rep_sbp3_self][last-instance]</p> <table style=""border-collapse: collapse; width: 92.927864%;"" border=""1""> <tbody> <tr> <td style=""width: 19.8376%;"">Level 1</td> <td style=""width: 20.15%;"">Level 2</td> <td style=""width: 19.9938%;"">Level 3</td> <td style=""width: 20.15%;"">Level 4</td> <td style=""width: 19.8376%;"">Level 5</td> </tr> <tr> <td style=""width: 19.8376%;""> <div class=""page"" title=""Page 8""> <div class=""section""> <div class=""layoutArea""> <div class=""column""> <div class=""page"" title=""Page 18""> <div class=""section""> <div class=""layoutArea""> <div class=""column""> <div class=""page"" title=""Page 19""> <div class=""section""> <div class=""layoutArea""> <div class=""column""> <p><span style=""font-weight: normal;"">Identifies key components of the health care system</span></p> <p> </p> </div> </div> </div> </div> </div> </div> </div> </div> </div> </div> </div> </div> </td> <td style=""width: 20.15%;""> <div class=""page"" title=""Page 8""> <div class=""section""> <div class=""layoutArea""> <div class=""column""> <div class=""page"" title=""Page 18""> <div class=""section""> <div class=""layoutArea""> <div class=""column""> <div class=""page"" title=""Page 19""> <div class=""section""> <div class=""layoutArea""> <div class=""column""> <p><span style=""font-weight: normal;"">Describes how components of a complex health care system are interrelated, and how this impacts patient care</span></p> </div> </div> </div> </div> </div> </div> </div> </div> </div> </div> </div> </div> </td> <td style=""width: 19.9938%;""> <div class=""page"" title=""Page 8""> <div class=""section""> <div class=""layoutArea""> <div class=""column""> <div class=""page"" title=""Page 18""> <div class=""section""> <div class=""layoutArea""> <div class=""column""> <div class=""page"" title=""Page 19""> <div class=""section""> <div class=""layoutArea""> <div class=""column""> <p><span style=""font-weight: normal;"">Discusses how individual practice affects the regional and national health care system</span></p> </div> </div> </div> </div> </div> </div> </div> </div> </div> </div> </div> </div> </td> <td style=""width: 20.15%;""> <div class=""page"" title=""Page 8""> <div class=""section""> <div class=""layoutArea""> <div class=""column""> <div class=""page"" title=""Page 18""> <div class=""section""> <div class=""layoutArea""> <div class=""column""> <div class=""page"" title=""Page 19""> <div class=""section""> <div class=""layoutArea""> <div class=""column""> <p><span style=""font-weight: normal;"">Manages various components of the complex health care system to provide efficient and effective patient care</span></p> </div> </div> </div> </div> </div> </div> </div> </div> </div> </div> </div> </div> </td> <td style=""width: 19.8376%;""> <div class=""page"" title=""Page 8""> <div class=""section""> <div class=""layoutArea""> <div class=""column""> <div class=""page"" title=""Page 18""> <div class=""section""> <div class=""layoutArea""> <div class=""column""> <div class=""page"" title=""Page 19""> <div class=""section""> <div class=""layoutArea""> <div class=""column""> <p><span style=""font-weight: normal;"">Advocates for or leads systems change that enhances high-value, efficient, and effective patient care</span></p> </div> </div> </div> </div> </div> </div> </div> </div> </div> </div> </div> </div> </td> </tr> <tr> <td style=""width: 19.8376%;""> <div class=""page"" title=""Page 8""> <div class=""section""> <div class=""layoutArea""> <div class=""column""> <div class=""page"" title=""Page 18""> <div class=""section""> <div class=""layoutArea""> <div class=""column""> <p><span style=""font-weight: normal;"">Describes basic health payment systems</span></p> </div> </div> </div> </div> </div> </div> </div> </div> </td> <td style=""width: 20.15%;""> <div class=""page"" title=""Page 8""> <div class=""section""> <div class=""layoutArea""> <div class=""column""> <p><span style=""font-weight: normal;"">Delivers care with consideration of each patient's payment model</span></p> </div> </div> </div> </div> </td> <td style=""width: 19.9938%;""> <div class=""page"" title=""Page 8""> <div class=""section""> <div class=""layoutArea""> <div class=""column""> <p><span style=""font-weight: normal;"">Engages with patients in shared decision making, informed by each patient's payment models</span></p> </div> </div> </div> </div> </td> <td style=""width: 20.15%;""> <div class=""page"" title=""Page 8""> <div class=""section""> <div class=""layoutArea""> <div class=""column""> <p><span style=""font-weight: normal;"">Advocates for patient care needs with consideration of the limitations of each patient's payment model</span></p> </div> </div> </div> </div> </td> <td style=""width: 19.8376%;""> <div class=""page"" title=""Page 8""> <div class=""section""> <div class=""layoutArea""> <div class=""column""> <p><span style=""font-weight: normal;"">Actively engaged in influencing health policy through advocacy activities at the local, regional, or national level</span></p> </div> </div> </div> </div> </td> </tr> </tbody> </table> <p>A zero (""0"") indicates not yet completed level 1</p></div>","0 | 5 | 9","SBP3","number",NA,9,NA,NA,NA,"LH",NA,NA,NA,NA
"214","rep_sbp3_desc","milestone_entry",NA,"notes","Please describe how [first_name] demonstrates level 5 activities",NA,"SBP3",NA,NA,NA,NA,NA,NA,"RH",NA,NA,NA,NA
"215","rep_pbl1","milestone_entry","Practice-Based Learning and Improvement","slider","<div class=""rich-text-field-label""><p>Practice-Based Learning and Improvement 1: Evidence-Based and Informed Practice</p> <p>Previous rating: [rep_pbl1][previous-instance]</p> <p>Most recent self-evaluation rating: [rep_pbl1_self][last-instance]</p> <table style=""border-collapse: collapse; width: 92.927864%;"" border=""1""> <tbody> <tr> <td style=""width: 19.8376%;"">Level 1</td> <td style=""width: 20.15%;"">Level 2</td> <td style=""width: 19.9938%;"">Level 3</td> <td style=""width: 20.15%;"">Level 4</td> <td style=""width: 19.8376%;"">Level 5</td> </tr> <tr> <td style=""width: 19.8376%;""> <div class=""page"" title=""Page 8""> <div class=""section""> <div class=""layoutArea""> <div class=""column""> <div class=""page"" title=""Page 18""> <div class=""section""> <div class=""layoutArea""> <div class=""column""> <div class=""page"" title=""Page 19""> <div class=""section""> <div class=""layoutArea""> <div class=""column""> <p><span style=""font-weight: normal;"">Demonstrates how to access, categorize, and analyze clinical evidence, with guidance</span></p> <p> </p> </div> </div> </div> </div> </div> </div> </div> </div> </div> </div> </div> </div> </td> <td style=""width: 20.15%;""> <div class=""page"" title=""Page 8""> <div class=""section""> <div class=""layoutArea""> <div class=""column""> <div class=""page"" title=""Page 18""> <div class=""section""> <div class=""layoutArea""> <div class=""column""> <div class=""page"" title=""Page 19""> <div class=""section""> <div class=""layoutArea""> <div class=""column""> <p><span style=""font-weight: normal;"">Articulates clinical questions and elicits patient preferences and values to guide evidence- based care</span></p> </div> </div> </div> </div> </div> </div> </div> </div> </div> </div> </div> </div> </td> <td style=""width: 19.9938%;""> <div class=""page"" title=""Page 8""> <div class=""section""> <div class=""layoutArea""> <div class=""column""> <div class=""page"" title=""Page 18""> <div class=""section""> <div class=""layoutArea""> <div class=""column""> <div class=""page"" title=""Page 19""> <div class=""section""> <div class=""layoutArea""> <div class=""column""> <p><span style=""font-weight: normal;"">Critically appraises and applies the best available evidence, integrated with patient preference, to the care of complex patients</span></p> </div> </div> </div> </div> </div> </div> </div> </div> </div> </div> </div> </div> </td> <td style=""width: 20.15%;""> <div class=""page"" title=""Page 8""> <div class=""section""> <div class=""layoutArea""> <div class=""column""> <div class=""page"" title=""Page 18""> <div class=""section""> <div class=""layoutArea""> <div class=""column""> <div class=""page"" title=""Page 19""> <div class=""section""> <div class=""layoutArea""> <div class=""column""> <p><span style=""font-weight: normal;"">Applies evidence, even in the face of uncertainty and conflicting evidence, to guide care, tailored to the individual patient</span></p> </div> </div> </div> </div> </div> </div> </div> </div> </div> </div> </div> </div> </td> <td style=""width: 19.8376%;""> <div class=""page"" title=""Page 8""> <div class=""section""> <div class=""layoutArea""> <div class=""column""> <div class=""page"" title=""Page 18""> <div class=""section""> <div class=""layoutArea""> <div class=""column""> <div class=""page"" title=""Page 19""> <div class=""section""> <div class=""layoutArea""> <div class=""column""> <div class=""page"" title=""Page 20""> <div class=""page"" title=""Page 20""> <div class=""section""> <div class=""layoutArea""> <div class=""column""> <p><span style=""font-weight: normal;"">Coaches others to critically appraise and apply evidence to patient care</span></p> </div> </div> </div> </div> <div class=""page"" title=""Page 20""> </div> </div> </div> </div> </div> </div> </div> </div> </div> </div> </div> </div> </div> </div> </td> </tr> </tbody> </table> <div class=""page"" title=""Page 20""> </div> <div class=""page"" title=""Page 20""> <div class=""page"" title=""Page 20""> </div> <div class=""page"" title=""Page 20"">A zero (""0"") indicates not yet completed level 1</div> <div class=""page"" title=""Page 20""> </div> </div></div>","0 | 5 | 9","PBL1","number",NA,9,NA,NA,NA,"LH",NA,NA,NA,NA
"216","rep_pbl1_desc","milestone_entry",NA,"notes","Please describe how [first_name] demonstrates level 5 activities",NA,"PBL1",NA,NA,NA,NA,NA,NA,NA,NA,NA,NA,NA
"217","rep_pbl2","milestone_entry",NA,"slider","<div class=""rich-text-field-label""><p>Practice-Based Learning and Improvement 2: Reflective Practice and Commitment to Personal Growth</p> <p>Previous rating: [rep_pbl2][previous-instance]</p> <p>Most recent self-evaluation rating: [rep_pbl2_self][last-instance]</p> <table style=""border-collapse: collapse; width: 92.927864%; height: 468px;"" border=""1""> <tbody> <tr style=""height: 18px;""> <td style=""width: 19.8376%; height: 18px;"">Level 1</td> <td style=""width: 20.15%; height: 18px;"">Level 2</td> <td style=""width: 19.9938%; height: 18px;"">Level 3</td> <td style=""width: 20.15%; height: 18px;"">Level 4</td> <td style=""width: 19.8376%; height: 18px;"">Level 5</td> </tr> <tr style=""height: 136px;""> <td style=""width: 19.8376%; height: 136px;""> <div class=""page"" title=""Page 8""> <div class=""section""> <div class=""layoutArea""> <div class=""column""> <div class=""page"" title=""Page 18""> <div class=""section""> <div class=""layoutArea""> <div class=""column""> <div class=""page"" title=""Page 19""> <div class=""section""> <div class=""layoutArea""> <div class=""column""> <div class=""page"" title=""Page 21""> <div class=""section""> <div class=""layoutArea""> <div class=""column""> <p><span style=""font-weight: normal;"">Accepts responsibility for personal and professional development by establishing goals</span></p> </div> </div> </div> </div> </div> </div> </div> </div> </div> </div> </div> </div> </div> </div> </div> </div> </td> <td style=""width: 20.15%; height: 136px;""> <div class=""page"" title=""Page 8""> <div class=""section""> <div class=""layoutArea""> <div class=""column""> <div class=""page"" title=""Page 18""> <div class=""section""> <div class=""layoutArea""> <div class=""column""> <div class=""page"" title=""Page 19""> <div class=""section""> <div class=""layoutArea""> <div class=""column""> <div class=""page"" title=""Page 21""> <div class=""section""> <div class=""layoutArea""> <div class=""column""> <p><span style=""font-weight: normal;"">Demonstrates openness to performance data (feedback and other input) to inform goals</span></p> </div> </div> </div> </div> </div> </div> </div> </div> </div> </div> </div> </div> </div> </div> </div> </div> </td> <td style=""width: 19.9938%; height: 136px;""> <div class=""page"" title=""Page 8""> <div class=""section""> <div class=""layoutArea""> <div class=""column""> <div class=""page"" title=""Page 18""> <div class=""section""> <div class=""layoutArea""> <div class=""column""> <div class=""page"" title=""Page 19""> <div class=""section""> <div class=""layoutArea""> <div class=""column""> <div class=""page"" title=""Page 21""> <div class=""section""> <div class=""layoutArea""> <div class=""column""> <p><span style=""font-weight: normal;"">Seeks performance data episodically, with adaptability, and humility</span></p> </div> </div> </div> </div> </div> </div> </div> </div> </div> </div> </div> </div> </div> </div> </div> </div> </td> <td style=""width: 20.15%; height: 136px;""> <div class=""page"" title=""Page 8""> <div class=""section""> <div class=""layoutArea""> <div class=""column""> <div class=""page"" title=""Page 18""> <div class=""section""> <div class=""layoutArea""> <div class=""column""> <div class=""page"" title=""Page 19""> <div class=""section""> <div class=""layoutArea""> <div class=""column""> <div class=""page"" title=""Page 21""> <div class=""section""> <div class=""layoutArea""> <div class=""column""> <p><span style=""font-weight: normal;"">Seeks performance data consistently with adaptability, and humility</span></p> </div> </div> </div> </div> </div> </div> </div> </div> </div> </div> </div> </div> </div> </div> </div> </div> </td> <td style=""width: 19.8376%; height: 136px;""> <div class=""page"" title=""Page 8""> <div class=""section""> <div class=""layoutArea""> <div class=""column""> <div class=""page"" title=""Page 18""> <div class=""section""> <div class=""layoutArea""> <div class=""column""> <div class=""page"" title=""Page 19""> <div class=""section""> <div class=""layoutArea""> <div class=""column""> <div class=""page"" title=""Page 20""> <div class=""page"" title=""Page 20""> <div class=""section""> <div class=""layoutArea""> <div class=""column""> <div class=""page"" title=""Page 21""> <div class=""section""> <div class=""layoutArea""> <div class=""column""> <p><span style=""font-weight: normal;"">Models consistently seeking performance data with adaptability and humility</span></p> </div> </div> </div> </div> </div> </div> </div> </div> </div> </div> </div> </div> </div> </div> </div> </div> </div> </div> </div> </div> </div> </td> </tr> <tr style=""height: 168px;""> <td style=""width: 19.8376%; height: 168px;""> <div class=""page"" title=""Page 8""> <div class=""section""> <div class=""layoutArea""> <div class=""column""> <div class=""page"" title=""Page 18""> <div class=""section""> <div class=""layoutArea""> <div class=""column""> <div class=""page"" title=""Page 19""> <div class=""section""> <div class=""layoutArea""> <div class=""column""> <p><span style=""font-weight: normal;""> Identifies the factors that contribute to gap(s) between ideal and actual performance, with guidance</span></p> </div> </div> </div> </div> </div> </div> </div> </div> </div> </div> </div> </div> </td> <td style=""width: 20.15%; height: 168px;""> <div class=""page"" title=""Page 8""> <div class=""section""> <div class=""layoutArea""> <div class=""column""> <div class=""page"" title=""Page 18""> <div class=""section""> <div class=""layoutArea""> <div class=""column""> <div class=""page"" title=""Page 19""> <div class=""section""> <div class=""layoutArea""> <div class=""column""> <p><span style=""font-weight: normal;"">Analyzes and reflects on the factors which contribute to gap(s) between ideal and actual performance, with guidance</span></p> </div> </div> </div> </div> </div> </div> </div> </div> </div> </div> </div> </div> </td> <td style=""width: 19.9938%; height: 168px;""> <div class=""page"" title=""Page 8""> <div class=""section""> <div class=""layoutArea""> <div class=""column""> <div class=""page"" title=""Page 18""> <div class=""section""> <div class=""layoutArea""> <div class=""column""> <div class=""page"" title=""Page 19""> <div class=""section""> <div class=""layoutArea""> <div class=""column""> <p><span style=""font-weight: normal;"">Institutes behavioral change(s) to narrow the gap(s) between ideal and actual performance </span></p> </div> </div> </div> </div> </div> </div> </div> </div> </div> </div> </div> </div> </td> <td style=""width: 20.15%; height: 168px;""> <div class=""page"" title=""Page 8""> <div class=""section""> <div class=""layoutArea""> <div class=""column""> <div class=""page"" title=""Page 18""> <div class=""section""> <div class=""layoutArea""> <div class=""column""> <div class=""page"" title=""Page 19""> <div class=""section""> <div class=""layoutArea""> <div class=""column""> <p><span style=""font-weight: normal;"">Challenges one's own assumptions and considers alternatives in narrowing the gap(s) between ideal and actual performance </span></p> </div> </div> </div> </div> </div> </div> </div> </div> </div> </div> </div> </div> </td> <td style=""width: 19.8376%; height: 168px;""> <div class=""page"" title=""Page 8""> <div class=""section""> <div class=""layoutArea""> <div class=""column""> <div class=""page"" title=""Page 18""> <div class=""section""> <div class=""layoutArea""> <div class=""column""> <div class=""page"" title=""Page 19""> <div class=""section""> <div class=""layoutArea""> <div class=""column""> <div class=""page"" title=""Page 20""> <div class=""page"" title=""Page 20""> <div class=""section""> <div class=""layoutArea""> <div class=""column""> <p><span style=""font-weight: normal;"">Coaches others on reflective practice </span></p> </div> </div> </div> </div> </div> </div> </div> </div> </div> </div> </div> </div> </div> </div> </div> </div> </div> </td> </tr> <tr style=""height: 146px;""> <td style=""width: 19.8376%; height: 146px;""> <div class=""page"" title=""Page 8""> <div class=""section""> <div class=""layoutArea""> <div class=""column""> <div class=""page"" title=""Page 18""> <div class=""section""> <div class=""layoutArea""> <div class=""column""> <div class=""page"" title=""Page 19""> <div class=""section""> <div class=""layoutArea""> <div class=""column""> <p><span style=""font-weight: normal;""> </span></p> </div> </div> </div> </div> </div> </div> </div> </div> </div> </div> </div> </div> </td> <td style=""width: 20.15%; height: 146px;""> <div class=""page"" title=""Page 8""> <div class=""section""> <div class=""layoutArea""> <div class=""column""> <div class=""page"" title=""Page 18""> <div class=""section""> <div class=""layoutArea""> <div class=""column""> <div class=""page"" title=""Page 19""> <div class=""section""> <div class=""layoutArea""> <div class=""column""> <p><span style=""font-weight: normal;""> Actively seeks opportunities to improve</span></p> </div> </div> </div> </div> </div> </div> </div> </div> </div> </div> </div> </div> </td> <td style=""width: 19.9938%; height: 146px;""> <div class=""page"" title=""Page 8""> <div class=""section""> <div class=""layoutArea""> <div class=""column""> <div class=""page"" title=""Page 18""> <div class=""section""> <div class=""layoutArea""> <div class=""column""> <div class=""page"" title=""Page 19""> <div class=""section""> <div class=""layoutArea""> <div class=""column""> <p><span style=""font-weight: normal;"">Designs and implements an individualized learning plan, with prompting </span></p> </div> </div> </div> </div> </div> </div> </div> </div> </div> </div> </div> </div> </td> <td style=""width: 20.15%; height: 146px;""> <div class=""page"" title=""Page 8""> <div class=""section""> <div class=""layoutArea""> <div class=""column""> <div class=""page"" title=""Page 18""> <div class=""section""> <div class=""layoutArea""> <div class=""column""> <div class=""page"" title=""Page 19""> <div class=""section""> <div class=""layoutArea""> <div class=""column""> <p><span style=""font-weight: normal;"">Independently creates and implements an individualized learning plan </span></p> </div> </div> </div> </div> </div> </div> </div> </div> </div> </div> </div> </div> </td> <td style=""width: 19.8376%; height: 146px;""> <div class=""page"" title=""Page 8""> <div class=""section""> <div class=""layoutArea""> <div class=""column""> <div class=""page"" title=""Page 18""> <div class=""section""> <div class=""layoutArea""> <div class=""column""> <div class=""page"" title=""Page 19""> <div class=""section""> <div class=""layoutArea""> <div class=""column""> <div class=""page"" title=""Page 20""> <div class=""page"" title=""Page 20""> <div class=""section""> <div class=""layoutArea""> <div class=""column""> <p><span style=""font-weight: normal;"">Uses performance data to measure the effectiveness of the individualized learning plan and when necessary, improves it </span></p> </div> </div> </div> </div> </div> </div> </div> </div> </div> </div> </div> </div> </div> </div> </div> </div> </div> </td> </tr> </tbody> </table> <div class=""page"" title=""Page 20""> </div> <div class=""page"" title=""Page 20""> <div class=""page"" title=""Page 20""> </div> <div class=""page"" title=""Page 20"">A zero (""0"") indicates not yet completed level 1</div> <div class=""page"" title=""Page 20""> </div> </div></div>","0 | 5 | 9","PBL2","number",NA,9,NA,NA,NA,"LH",NA,NA,NA,NA
"218","rep_pbl2_desc","milestone_entry",NA,"notes","Please describe how [first_name] demonstrates level 5 activities",NA,"PBL2",NA,NA,NA,NA,NA,NA,NA,NA,NA,NA,NA
"219","rep_prof1","milestone_entry","Professionalism","slider","<div class=""rich-text-field-label""><p>Professionalism 1:  Professional Behavior</p> <p>Previous rating: [rep_prof1][previous-instance]</p> <p>Most recent self-evaluation rating: [rep_prof1_self][last-instance]</p> <table style=""border-collapse: collapse; width: 92.927864%;"" border=""1""> <tbody> <tr> <td style=""width: 19.8376%;"">Level 1</td> <td style=""width: 20.15%;"">Level 2</td> <td style=""width: 19.9938%;"">Level 3</td> <td style=""width: 20.15%;"">Level 4</td> <td style=""width: 19.8376%;"">Level 5</td> </tr> <tr> <td style=""width: 19.8376%;""> <div class=""page"" title=""Page 8""> <div class=""section""> <div class=""layoutArea""> <div class=""column""> <div class=""page"" title=""Page 18""> <div class=""section""> <div class=""layoutArea""> <div class=""column""> <div class=""page"" title=""Page 19""> <div class=""section""> <div class=""layoutArea""> <div class=""column""> <div class=""page"" title=""Page 21""> <div class=""section""> <div class=""layoutArea""> <div class=""column""> <p> </p> <div class=""page"" title=""Page 22""> <div class=""section""> <div class=""layoutArea""> <div class=""column""> <p><span style=""font-weight: normal;"">Demonstrates professional behavior in routine situations</span></p> </div> </div> </div> </div> </div> </div> </div> </div> <p> </p> </div> </div> </div> </div> </div> </div> </div> </div> </div> </div> </div> </div> </td> <td style=""width: 20.15%;""> <div class=""page"" title=""Page 8""> <div class=""section""> <div class=""layoutArea""> <div class=""column""> <div class=""page"" title=""Page 18""> <div class=""section""> <div class=""layoutArea""> <div class=""column""> <div class=""page"" title=""Page 19""> <div class=""section""> <div class=""layoutArea""> <div class=""column""> <div class=""page"" title=""Page 21""> <div class=""section""> <div class=""layoutArea""> <div class=""column""> <div class=""page"" title=""Page 22""> <div class=""section""> <div class=""layoutArea""> <div class=""column""> <p><span style=""font-weight: normal;"">Identifies potential triggers for professionalism lapses and accepts responsibility for one's own professionalism lapses</span></p> </div> </div> </div> </div> </div> </div> </div> </div> </div> </div> </div> </div> </div> </div> </div> </div> </div> </div> </div> </div> </td> <td style=""width: 19.9938%;""> <div class=""page"" title=""Page 8""> <div class=""section""> <div class=""layoutArea""> <div class=""column""> <div class=""page"" title=""Page 18""> <div class=""section""> <div class=""layoutArea""> <div class=""column""> <div class=""page"" title=""Page 19""> <div class=""section""> <div class=""layoutArea""> <div class=""column""> <div class=""page"" title=""Page 21""> <div class=""section""> <div class=""layoutArea""> <div class=""column""> <div class=""page"" title=""Page 22""> <div class=""section""> <div class=""layoutArea""> <div class=""column""> <p><span style=""font-weight: normal;"">Demonstrates a pattern of professional behavior in complex or stressful situations</span></p> </div> </div> </div> </div> </div> </div> </div> </div> </div> </div> </div> </div> </div> </div> </div> </div> </div> </div> </div> </div> </td> <td style=""width: 20.15%;""> <div class=""page"" title=""Page 8""> <div class=""section""> <div class=""layoutArea""> <div class=""column""> <div class=""page"" title=""Page 18""> <div class=""section""> <div class=""layoutArea""> <div class=""column""> <div class=""page"" title=""Page 19""> <div class=""section""> <div class=""layoutArea""> <div class=""column""> <div class=""page"" title=""Page 21""> <div class=""section""> <div class=""layoutArea""> <div class=""column""> <div class=""page"" title=""Page 22""> <div class=""section""> <div class=""layoutArea""> <div class=""column""> <p><span style=""font-weight: normal;"">Recognizes situations that may trigger professionalism lapses and intervenes to prevent lapses in oneself and others</span></p> </div> </div> </div> </div> </div> </div> </div> </div> </div> </div> </div> </div> </div> </div> </div> </div> </div> </div> </div> </div> </td> <td style=""width: 19.8376%;""> <div class=""page"" title=""Page 8""> <div class=""section""> <div class=""layoutArea""> <div class=""column""> <div class=""page"" title=""Page 18""> <div class=""section""> <div class=""layoutArea""> <div class=""column""> <div class=""page"" title=""Page 19""> <div class=""section""> <div class=""layoutArea""> <div class=""column""> <div class=""page"" title=""Page 20""> <div class=""page"" title=""Page 20""> <div class=""section""> <div class=""layoutArea""> <div class=""column""> <div class=""page"" title=""Page 21""> <div class=""section""> <div class=""layoutArea""> <div class=""column""> <div class=""page"" title=""Page 22""> <div class=""section""> <div class=""layoutArea""> <div class=""column""> <p><span style=""font-weight: normal;"">Coaches others when their behavior fails to meet professional expectations</span></p> </div> </div> </div> </div> </div> </div> </div> </div> </div> </div> </div> </div> <div class=""page"" title=""Page 20""> </div> </div> </div> </div> </div> </div> </div> </div> </div> </div> </div> </div> </div> </div> </td> </tr> </tbody> </table> <div class=""page"" title=""Page 20""> </div> <div class=""page"" title=""Page 20""> <div class=""page"" title=""Page 20""> </div> <div class=""page"" title=""Page 20"">A zero (""0"") indicates not yet completed level 1</div> <div class=""page"" title=""Page 20""> </div> </div></div>","0 | 5 | 9","PROF1","number",NA,9,NA,NA,NA,"LH",NA,NA,NA,NA
"220","rep_prof1_desc","milestone_entry",NA,"notes","Please describe how [first_name] demonstrates level 5 activities",NA,"PROF1",NA,NA,NA,NA,NA,NA,NA,NA,NA,NA,NA
"221","rep_prof2","milestone_entry",NA,"slider","<div class=""rich-text-field-label""><p>Professionalism 2: Ethical Principles</p> <p>Previous rating: [rep_prof2][previous-instance]</p> <p>Most recent self-evaluation rating: [rep_prof2_self][last-instance]</p> <table style=""border-collapse: collapse; width: 92.927864%; height: 239.984375px;"" border=""1""> <tbody> <tr style=""height: 25px;""> <td style=""width: 19.8376%; height: 25px;"">Level 1</td> <td style=""width: 20.15%; height: 25px;"">Level 2</td> <td style=""width: 19.9938%; height: 25px;"">Level 3</td> <td style=""width: 20.15%; height: 25px;"">Level 4</td> <td style=""width: 19.8376%; height: 25px;"">Level 5</td> </tr> <tr style=""height: 214.984375px;""> <td style=""width: 19.8376%; height: 214.984375px;""> <div class=""page"" title=""Page 8""> <div class=""section""> <div class=""layoutArea""> <div class=""column""> <div class=""page"" title=""Page 18""> <div class=""section""> <div class=""layoutArea""> <div class=""column""> <div class=""page"" title=""Page 19""> <div class=""section""> <div class=""layoutArea""> <div class=""column""> <div class=""page"" title=""Page 21""> <div class=""section""> <div class=""layoutArea""> <div class=""column""> <p> </p> <div class=""page"" title=""Page 22""> <div class=""section""> <div class=""layoutArea""> <div class=""column""> <div class=""page"" title=""Page 23""> <div class=""section""> <div class=""layoutArea""> <div class=""column""> <p><span style=""font-weight: normal;"">Demonstrates knowledge of basic ethical principles</span></p> </div> </div> </div> </div> </div> </div> </div> </div> </div> </div> </div> </div> </div> </div> </div> </div> </div> </div> </div> </div> </div> </div> </div> </div> </td> <td style=""width: 20.15%; height: 214.984375px;""> <div class=""page"" title=""Page 8""> <div class=""section""> <div class=""layoutArea""> <div class=""column""> <div class=""page"" title=""Page 18""> <div class=""section""> <div class=""layoutArea""> <div class=""column""> <div class=""page"" title=""Page 19""> <div class=""section""> <div class=""layoutArea""> <div class=""column""> <div class=""page"" title=""Page 21""> <div class=""section""> <div class=""layoutArea""> <div class=""column""> <div class=""page"" title=""Page 22""> <div class=""section""> <div class=""layoutArea""> <div class=""column""> <div class=""page"" title=""Page 23""> <div class=""section""> <div class=""layoutArea""> <div class=""column""> <p><span style=""font-weight: normal;"">Applies basic principles to address straightforward ethical situations</span></p> </div> </div> </div> </div> </div> </div> </div> </div> </div> </div> </div> </div> </div> </div> </div> </div> </div> </div> </div> </div> </div> </div> </div> </div> </td> <td style=""width: 19.9938%; height: 214.984375px;""> <div class=""page"" title=""Page 8""> <div class=""section""> <div class=""layoutArea""> <div class=""column""> <div class=""page"" title=""Page 18""> <div class=""section""> <div class=""layoutArea""> <div class=""column""> <div class=""page"" title=""Page 19""> <div class=""section""> <div class=""layoutArea""> <div class=""column""> <div class=""page"" title=""Page 21""> <div class=""section""> <div class=""layoutArea""> <div class=""column""> <div class=""page"" title=""Page 22""> <div class=""section""> <div class=""layoutArea""> <div class=""column""> <div class=""page"" title=""Page 23""> <div class=""section""> <div class=""layoutArea""> <div class=""column""> <p><span style=""font-weight: normal;"">Analyzes complex situations using ethical principles and identifies the need to seek help in addressing complex ethical situations</span></p> </div> </div> </div> </div> </div> </div> </div> </div> </div> </div> </div> </div> </div> </div> </div> </div> </div> </div> </div> </div> </div> </div> </div> </div> </td> <td style=""width: 20.15%; height: 214.984375px;""> <div class=""page"" title=""Page 8""> <div class=""section""> <div class=""layoutArea""> <div class=""column""> <div class=""page"" title=""Page 18""> <div class=""section""> <div class=""layoutArea""> <div class=""column""> <div class=""page"" title=""Page 19""> <div class=""section""> <div class=""layoutArea""> <div class=""column""> <div class=""page"" title=""Page 21""> <div class=""section""> <div class=""layoutArea""> <div class=""column""> <div class=""page"" title=""Page 22""> <div class=""section""> <div class=""layoutArea""> <div class=""column""> <div class=""page"" title=""Page 23""> <div class=""section""> <div class=""layoutArea""> <div class=""column""> <p><span style=""font-weight: normal;"">Analyzes complex situations and engages with appropriate resources for managing and addressing ethical dilemmas as needed</span></p> </div> </div> </div> </div> </div> </div> </div> </div> </div> </div> </div> </div> </div> </div> </div> </div> </div> </div> </div> </div> </div> </div> </div> </div> </td> <td style=""width: 19.8376%; height: 214.984375px;""> <div class=""page"" title=""Page 8""> <div class=""section""> <div class=""layoutArea""> <div class=""column""> <div class=""page"" title=""Page 18""> <div class=""section""> <div class=""layoutArea""> <div class=""column""> <div class=""page"" title=""Page 19""> <div class=""section""> <div class=""layoutArea""> <div class=""column""> <div class=""page"" title=""Page 20""> <div class=""page"" title=""Page 20""> <div class=""section""> <div class=""layoutArea""> <div class=""column""> <div class=""page"" title=""Page 21""> <div class=""section""> <div class=""layoutArea""> <div class=""column""> <div class=""page"" title=""Page 22""> <div class=""section""> <div class=""layoutArea""> <div class=""column""> <div class=""page"" title=""Page 23""> <div class=""section""> <div class=""layoutArea""> <div class=""column""> <p><span style=""font-weight: normal;"">Identifies and seeks to address system-level factors that induce or exacerbate ethical problems or impede their resolution</span></p> </div> </div> </div> </div> </div> </div> </div> </div> </div> </div> </div> </div> </div> </div> </div> </div> <div class=""page"" title=""Page 20""> </div> </div> </div> </div> </div> </div> </div> </div> </div> </div> </div> </div> </div> </div> </td> </tr> </tbody> </table> <div class=""page"" title=""Page 20""> </div> <div class=""page"" title=""Page 20""> <div class=""page"" title=""Page 20""> </div> <div class=""page"" title=""Page 20"">A zero (""0"") indicates not yet completed level 1</div> <div class=""page"" title=""Page 20""> </div> </div></div>","0 | 5 | 9","PROF2","number",NA,9,NA,NA,NA,"LH",NA,NA,NA,NA
"222","rep_prof2_desc","milestone_entry",NA,"notes","Please describe how [first_name] demonstrates level 5 activities",NA,"PROF2",NA,NA,NA,NA,NA,NA,NA,NA,NA,NA,NA
"223","rep_prof3","milestone_entry",NA,"slider","<div class=""rich-text-field-label""><p>Professionalism 3:  Accountability/Conscientiousness</p> <p>Previous rating: [rep_prof3][previous-instance]</p> <p>Most recent self-evaluation rating: [rep_prof3_self][last-instance]</p> <table style=""border-collapse: collapse; width: 92.927864%; height: 187px;"" border=""1""> <tbody> <tr style=""height: 18px;""> <td style=""width: 19.8376%; height: 18px;"">Level 1</td> <td style=""width: 20.15%; height: 18px;"">Level 2</td> <td style=""width: 19.9938%; height: 18px;"">Level 3</td> <td style=""width: 20.15%; height: 18px;"">Level 4</td> <td style=""width: 19.8376%; height: 18px;"">Level 5</td> </tr> <tr style=""height: 169px;""> <td style=""width: 19.8376%; height: 169px;""> <div class=""page"" title=""Page 8""> <div class=""section""> <div class=""layoutArea""> <div class=""column""> <div class=""page"" title=""Page 18""> <div class=""section""> <div class=""layoutArea""> <div class=""column""> <div class=""page"" title=""Page 19""> <div class=""section""> <div class=""layoutArea""> <div class=""column""> <div class=""page"" title=""Page 21""> <div class=""section""> <div class=""layoutArea""> <div class=""column""> <p> </p> <div class=""page"" title=""Page 22""> <div class=""section""> <div class=""layoutArea""> <div class=""column""> <div class=""page"" title=""Page 23""> <div class=""section""> <div class=""layoutArea""> <div class=""column""> <div class=""page"" title=""Page 24""> <div class=""section""> <div class=""layoutArea""> <div class=""column""> <p><span style=""font-weight: normal;"">Performs administrative tasks and patient care responsibilities, with prompting</span></p> </div> </div> </div> </div> </div> </div> </div> </div> </div> </div> </div> </div> </div> </div> </div> </div> <p> </p> </div> </div> </div> </div> </div> </div> </div> </div> </div> </div> </div> </div> </td> <td style=""width: 20.15%; height: 169px;""> <div class=""page"" title=""Page 8""> <div class=""section""> <div class=""layoutArea""> <div class=""column""> <div class=""page"" title=""Page 18""> <div class=""section""> <div class=""layoutArea""> <div class=""column""> <div class=""page"" title=""Page 19""> <div class=""section""> <div class=""layoutArea""> <div class=""column""> <div class=""page"" title=""Page 21""> <div class=""section""> <div class=""layoutArea""> <div class=""column""> <div class=""page"" title=""Page 22""> <div class=""section""> <div class=""layoutArea""> <div class=""column""> <div class=""page"" title=""Page 23""> <div class=""section""> <div class=""layoutArea""> <div class=""column""> <div class=""page"" title=""Page 24""> <div class=""section""> <div class=""layoutArea""> <div class=""column""> <p><span style=""font-weight: normal;"">Performs administrative tasks and patient care responsibilities in a timely manner in routine situations</span></p> </div> </div> </div> </div> </div> </div> </div> </div> </div> </div> </div> </div> </div> </div> </div> </div> </div> </div> </div> </div> </div> </div> </div> </div> </div> </div> </div> </div> </td> <td style=""width: 19.9938%; height: 169px;""> <div class=""page"" title=""Page 8""> <div class=""section""> <div class=""layoutArea""> <div class=""column""> <div class=""page"" title=""Page 18""> <div class=""section""> <div class=""layoutArea""> <div class=""column""> <div class=""page"" title=""Page 19""> <div class=""section""> <div class=""layoutArea""> <div class=""column""> <div class=""page"" title=""Page 21""> <div class=""section""> <div class=""layoutArea""> <div class=""column""> <div class=""page"" title=""Page 22""> <div class=""section""> <div class=""layoutArea""> <div class=""column""> <div class=""page"" title=""Page 23""> <div class=""section""> <div class=""layoutArea""> <div class=""column""> <div class=""page"" title=""Page 24""> <div class=""section""> <div class=""layoutArea""> <div class=""column""> <p><span style=""font-weight: normal;"">Performs administrative tasks and patient care responsibilities in a timely manner in complex or stressful situations</span></p> </div> </div> </div> </div> </div> </div> </div> </div> </div> </div> </div> </div> </div> </div> </div> </div> </div> </div> </div> </div> </div> </div> </div> </div> </div> </div> </div> </div> </td> <td style=""width: 20.15%; height: 169px;""> <div class=""page"" title=""Page 8""> <div class=""section""> <div class=""layoutArea""> <div class=""column""> <div class=""page"" title=""Page 18""> <div class=""section""> <div class=""layoutArea""> <div class=""column""> <div class=""page"" title=""Page 19""> <div class=""section""> <div class=""layoutArea""> <div class=""column""> <div class=""page"" title=""Page 21""> <div class=""section""> <div class=""layoutArea""> <div class=""column""> <div class=""page"" title=""Page 22""> <div class=""section""> <div class=""layoutArea""> <div class=""column""> <div class=""page"" title=""Page 23""> <div class=""section""> <div class=""layoutArea""> <div class=""column""> <div class=""page"" title=""Page 24""> <div class=""section""> <div class=""layoutArea""> <div class=""column""> <p><span style=""font-weight: normal;"">Proactively implements strategies to ensure that the needs of patients, teams, and systems are met</span></p> </div> </div> </div> </div> </div> </div> </div> </div> </div> </div> </div> </div> </div> </div> </div> </div> </div> </div> </div> </div> </div> </div> </div> </div> </div> </div> </div> </div> </td> <td style=""width: 19.8376%; height: 169px;""> <div class=""page"" title=""Page 8""> <div class=""section""> <div class=""layoutArea""> <div class=""column""> <div class=""page"" title=""Page 18""> <div class=""section""> <div class=""layoutArea""> <div class=""column""> <div class=""page"" title=""Page 19""> <div class=""section""> <div class=""layoutArea""> <div class=""column""> <div class=""page"" title=""Page 20""> <div class=""page"" title=""Page 20""> <div class=""section""> <div class=""layoutArea""> <div class=""column""> <div class=""page"" title=""Page 21""> <div class=""section""> <div class=""layoutArea""> <div class=""column""> <div class=""page"" title=""Page 22""> <div class=""section""> <div class=""layoutArea""> <div class=""column""> <div class=""page"" title=""Page 23""> <div class=""section""> <div class=""layoutArea""> <div class=""column""> <div class=""page"" title=""Page 24""> <div class=""section""> <div class=""layoutArea""> <div class=""column""> <p><span style=""font-weight: normal;"">Creates strategies to enhance other's ability to efficiently complete administrative tasks and patient care responsibilities</span></p> </div> </div> </div> </div> </div> </div> </div> </div> </div> </div> </div> </div> </div> </div> </div> </div> </div> </div> </div> </div> <div class=""page"" title=""Page 20""> </div> </div> </div> </div> </div> </div> </div> </div> </div> </div> </div> </div> </div> </div> </td> </tr> </tbody> </table> <div class=""page"" title=""Page 20""> </div> <div class=""page"" title=""Page 20""> <div class=""page"" title=""Page 20""> </div> <div class=""page"" title=""Page 20"">A zero (""0"") indicates not yet completed level 1</div> <div class=""page"" title=""Page 20""> </div> </div></div>","0 | 5 | 9","PROF3","number",NA,9,NA,NA,NA,"LH",NA,NA,NA,NA
"224","rep_prof3_desc","milestone_entry",NA,"notes","Please describe how [first_name] demonstrates level 5 activities",NA,"PROF3",NA,NA,NA,NA,NA,NA,NA,NA,NA,NA,NA
"225","rep_prof4","milestone_entry",NA,"slider","<div class=""rich-text-field-label""><p>Professionalism 4: Knowledge of Systemic and Individual Factors of Well-Being</p> <p>Previous rating: [rep_prof4][previous-instance]</p> <p>Most recent self-evaluation rating: [rep_prof4_self][last-instance]</p> <table style=""border-collapse: collapse; width: 92.927864%; height: 280px;"" border=""1""> <tbody> <tr style=""height: 18px;""> <td style=""width: 19.8376%; height: 18px;"">Level 1</td> <td style=""width: 20.15%; height: 18px;"">Level 2</td> <td style=""width: 19.9938%; height: 18px;"">Level 3</td> <td style=""width: 20.15%; height: 18px;"">Level 4</td> <td style=""width: 19.8376%; height: 18px;"">Level 5</td> </tr> <tr style=""height: 152px;""> <td style=""width: 19.8376%; height: 152px;""> <div class=""page"" title=""Page 8""> <div class=""section""> <div class=""layoutArea""> <div class=""column""> <div class=""page"" title=""Page 18""> <div class=""section""> <div class=""layoutArea""> <div class=""column""> <div class=""page"" title=""Page 19""> <div class=""section""> <div class=""layoutArea""> <div class=""column""> <div class=""page"" title=""Page 21""> <div class=""section""> <div class=""layoutArea""> <div class=""column""> <p> </p> <div class=""page"" title=""Page 22""> <div class=""section""> <div class=""layoutArea""> <div class=""column""> <div class=""page"" title=""Page 23""> <div class=""section""> <div class=""layoutArea""> <div class=""column""> <div class=""page"" title=""Page 24""> <div class=""section""> <div class=""layoutArea""> <div class=""column""> <div class=""page"" title=""Page 25""> <div class=""section""> <div class=""layoutArea""> <div class=""column""> <p><span style=""font-weight: normal;"">Recognizes the importance of getting help when needed to address personal and professional well-being</span></p> </div> </div> </div> </div> </div> </div> </div> </div> </div> </div> </div> </div> </div> </div> </div> </div> </div> </div> </div> </div> </div> </div> </div> </div> </div> </div> </div> </div> </div> </div> </div> </div> </td> <td style=""width: 20.15%; height: 152px;""> <div class=""page"" title=""Page 8""> <div class=""section""> <div class=""layoutArea""> <div class=""column""> <div class=""page"" title=""Page 18""> <div class=""section""> <div class=""layoutArea""> <div class=""column""> <div class=""page"" title=""Page 19""> <div class=""section""> <div class=""layoutArea""> <div class=""column""> <div class=""page"" title=""Page 21""> <div class=""section""> <div class=""layoutArea""> <div class=""column""> <div class=""page"" title=""Page 22""> <div class=""section""> <div class=""layoutArea""> <div class=""column""> <div class=""page"" title=""Page 23""> <div class=""section""> <div class=""layoutArea""> <div class=""column""> <div class=""page"" title=""Page 24""> <div class=""section""> <div class=""layoutArea""> <div class=""column""> <div class=""page"" title=""Page 25""> <div class=""section""> <div class=""layoutArea""> <div class=""column""> <p><span style=""font-weight: normal;"">Lists resources to support personal and professional well-being</span></p> </div> </div> </div> </div> </div> </div> </div> </div> </div> </div> </div> </div> </div> </div> </div> </div> </div> </div> </div> </div> </div> </div> </div> </div> </div> </div> </div> </div> </div> </div> </div> </div> </td> <td style=""width: 19.9938%; height: 152px;""> <div class=""page"" title=""Page 8""> <div class=""section""> <div class=""layoutArea""> <div class=""column""> <div class=""page"" title=""Page 18""> <div class=""section""> <div class=""layoutArea""> <div class=""column""> <div class=""page"" title=""Page 19""> <div class=""section""> <div class=""layoutArea""> <div class=""column""> <div class=""page"" title=""Page 21""> <div class=""section""> <div class=""layoutArea""> <div class=""column""> <div class=""page"" title=""Page 22""> <div class=""section""> <div class=""layoutArea""> <div class=""column""> <div class=""page"" title=""Page 23""> <div class=""section""> <div class=""layoutArea""> <div class=""column""> <div class=""page"" title=""Page 24""> <div class=""section""> <div class=""layoutArea""> <div class=""column""> <div class=""page"" title=""Page 25""> <div class=""section""> <div class=""layoutArea""> <div class=""column""> <p><span style=""font-weight: normal;"">With prompting, reflects on how personal and professional well-being may impact one's clinical practice</span></p> </div> </div> </div> </div> </div> </div> </div> </div> </div> </div> </div> </div> </div> </div> </div> </div> </div> </div> </div> </div> </div> </div> </div> </div> </div> </div> </div> </div> </div> </div> </div> </div> </td> <td style=""width: 20.15%; height: 152px;""> <div class=""page"" title=""Page 8""> <div class=""section""> <div class=""layoutArea""> <div class=""column""> <div class=""page"" title=""Page 18""> <div class=""section""> <div class=""layoutArea""> <div class=""column""> <div class=""page"" title=""Page 19""> <div class=""section""> <div class=""layoutArea""> <div class=""column""> <div class=""page"" title=""Page 21""> <div class=""section""> <div class=""layoutArea""> <div class=""column""> <div class=""page"" title=""Page 22""> <div class=""section""> <div class=""layoutArea""> <div class=""column""> <div class=""page"" title=""Page 23""> <div class=""section""> <div class=""layoutArea""> <div class=""column""> <div class=""page"" title=""Page 24""> <div class=""section""> <div class=""layoutArea""> <div class=""column""> <div class=""page"" title=""Page 25""> <div class=""section""> <div class=""layoutArea""> <div class=""column""> <p><span style=""font-weight: normal;"">Reflects on actions in real time to proactively respond to the inherent emotional challenges of physician work</span></p> </div> </div> </div> </div> </div> </div> </div> </div> </div> </div> </div> </div> </div> </div> </div> </div> </div> </div> </div> </div> </div> </div> </div> </div> </div> </div> </div> </div> </div> </div> </div> </div> </td> <td style=""width: 19.8376%; height: 152px;""> <div class=""page"" title=""Page 8""> <div class=""section""> <div class=""layoutArea""> <div class=""column""> <div class=""page"" title=""Page 18""> <div class=""section""> <div class=""layoutArea""> <div class=""column""> <div class=""page"" title=""Page 19""> <div class=""section""> <div class=""layoutArea""> <div class=""column""> <div class=""page"" title=""Page 20""> <div class=""page"" title=""Page 20""> <div class=""section""> <div class=""layoutArea""> <div class=""column""> <div class=""page"" title=""Page 21""> <div class=""section""> <div class=""layoutArea""> <div class=""column""> <div class=""page"" title=""Page 22""> <div class=""section""> <div class=""layoutArea""> <div class=""column""> <div class=""page"" title=""Page 23""> <div class=""section""> <div class=""layoutArea""> <div class=""column""> <div class=""page"" title=""Page 24""> <div class=""section""> <div class=""layoutArea""> <div class=""column""> <div class=""page"" title=""Page 25""> <div class=""section""> <div class=""layoutArea""> <div class=""column""> <p><span style=""font-weight: normal;"">Participates in institutional changes to promote personal and professional well-being</span></p> </div> </div> </div> </div> </div> </div> </div> </div> </div> </div> </div> </div> </div> </div> </div> </div> </div> </div> </div> </div> </div> </div> </div> </div> </div> </div> </div> </div> </div> </div> </div> </div> </div> </div> </div> </div> </div> </td> </tr> <tr style=""height: 110px;""> <td style=""width: 19.8376%; height: 110px;""> <div class=""page"" title=""Page 8""> <div class=""section""> <div class=""layoutArea""> <div class=""column""> <div class=""page"" title=""Page 18""> <div class=""section""> <div class=""layoutArea""> <div class=""column""> <div class=""page"" title=""Page 19""> <div class=""section""> <div class=""layoutArea""> <div class=""column""> <p><span style=""font-weight: normal;""> </span></p> </div> </div> </div> </div> </div> </div> </div> </div> </div> </div> </div> </div> </td> <td style=""width: 20.15%; height: 110px;""> <div class=""page"" title=""Page 8""> <div class=""section""> <div class=""layoutArea""> <div class=""column""> <div class=""page"" title=""Page 18""> <div class=""section""> <div class=""layoutArea""> <div class=""column""> <div class=""page"" title=""Page 19""> <div class=""section""> <div class=""layoutArea""> <div class=""column""> <p><span style=""font-weight: normal;""> Recognizes that institutional factors affect well-being</span></p> </div> </div> </div> </div> </div> </div> </div> </div> </div> </div> </div> </div> </td> <td style=""width: 19.9938%; height: 110px;""> <div class=""page"" title=""Page 8""> <div class=""section""> <div class=""layoutArea""> <div class=""column""> <div class=""page"" title=""Page 18""> <div class=""section""> <div class=""layoutArea""> <div class=""column""> <div class=""page"" title=""Page 19""> <div class=""section""> <div class=""layoutArea""> <div class=""column""> <p><span style=""font-weight: normal;""> Describes institutional factors that affect well- being</span></p> </div> </div> </div> </div> </div> </div> </div> </div> </div> </div> </div> </div> </td> <td style=""width: 20.15%; height: 110px;""> <div class=""page"" title=""Page 8""> <div class=""section""> <div class=""layoutArea""> <div class=""column""> <div class=""page"" title=""Page 18""> <div class=""section""> <div class=""layoutArea""> <div class=""column""> <div class=""page"" title=""Page 19""> <div class=""section""> <div class=""layoutArea""> <div class=""column""> <p><span style=""font-weight: normal;""> Suggests potential solutions to institutional factors that affect well- being</span></p> </div> </div> </div> </div> </div> </div> </div> </div> </div> </div> </div> </div> </td> <td style=""width: 19.8376%; height: 110px;""> <div class=""page"" title=""Page 8""> <div class=""section""> <div class=""layoutArea""> <div class=""column""> <div class=""page"" title=""Page 18""> <div class=""section""> <div class=""layoutArea""> <div class=""column""> <div class=""page"" title=""Page 19""> <div class=""section""> <div class=""layoutArea""> <div class=""column""> <div class=""page"" title=""Page 20""> <div class=""page"" title=""Page 20""> <div class=""section""> <div class=""layoutArea""> <div class=""column""> <p><span style=""font-weight: normal;""> </span></p> </div> </div> </div> </div> </div> </div> </div> </div> </div> </div> </div> </div> </div> </div> </div> </div> </div> </td> </tr> </tbody> </table> <div class=""page"" title=""Page 20""> </div> <div class=""page"" title=""Page 20""> <div class=""page"" title=""Page 20""> </div> <div class=""page"" title=""Page 20"">A zero (""0"") indicates not yet completed level 1</div> <div class=""page"" title=""Page 20""> </div> </div></div>","0 | 5 | 9","PROF4","number",NA,9,NA,NA,NA,"LH",NA,NA,NA,NA
"226","rep_prof4_desc","milestone_entry",NA,"notes","Please describe how [first_name] demonstrates level 5 activities",NA,"PROF4",NA,NA,NA,NA,NA,NA,NA,NA,NA,NA,NA
"227","rep_ics1","milestone_entry","Interpersonal and Communication Skills","slider","<div class=""rich-text-field-label""><p>Interpersonal and Communication Skills 1: Patient- and Family-Centered Communication</p> <p>Previous rating: [rep_ics1][previous-instance]</p> <p>Most recent self-evaluation rating: [rep_ics1_self][last-instance]</p> <table style=""border-collapse: collapse; width: 92.927864%; height: 326px;"" border=""1""> <tbody> <tr style=""height: 18px;""> <td style=""width: 19.8376%; height: 18px;"">Level 1</td> <td style=""width: 20.15%; height: 18px;"">Level 2</td> <td style=""width: 19.9938%; height: 18px;"">Level 3</td> <td style=""width: 20.15%; height: 18px;"">Level 4</td> <td style=""width: 19.8376%; height: 18px;"">Level 5</td> </tr> <tr style=""height: 198px;""> <td style=""width: 19.8376%; height: 198px;""> <div class=""page"" title=""Page 8""> <div class=""section""> <div class=""layoutArea""> <div class=""column""> <div class=""page"" title=""Page 18""> <div class=""section""> <div class=""layoutArea""> <div class=""column""> <div class=""page"" title=""Page 19""> <div class=""section""> <div class=""layoutArea""> <div class=""column""> <div class=""page"" title=""Page 21""> <div class=""section""> <div class=""layoutArea""> <div class=""column""> <p> </p> <div class=""page"" title=""Page 22""> <div class=""section""> <div class=""layoutArea""> <div class=""column""> <div class=""page"" title=""Page 23""> <div class=""section""> <div class=""layoutArea""> <div class=""column""> <div class=""page"" title=""Page 24""> <div class=""section""> <div class=""layoutArea""> <div class=""column""> <div class=""page"" title=""Page 25""> <div class=""section""> <div class=""layoutArea""> <div class=""column""> <div class=""page"" title=""Page 26""> <div class=""section""> <div class=""layoutArea""> <div class=""column""> <p><span style=""font-weight: normal;"">Uses language and non- verbal behavior to demonstrate respect and establish rapport</span></p> </div> </div> </div> </div> </div> </div> </div> </div> </div> </div> </div> </div> </div> </div> </div> </div> </div> </div> </div> </div> </div> </div> </div> </div> </div> </div> </div> </div> </div> </div> </div> </div> </div> </div> </div> </div> </td> <td style=""width: 20.15%; height: 198px;""> <div class=""page"" title=""Page 8""> <div class=""section""> <div class=""layoutArea""> <div class=""column""> <div class=""page"" title=""Page 18""> <div class=""section""> <div class=""layoutArea""> <div class=""column""> <div class=""page"" title=""Page 19""> <div class=""section""> <div class=""layoutArea""> <div class=""column""> <div class=""page"" title=""Page 21""> <div class=""section""> <div class=""layoutArea""> <div class=""column""> <div class=""page"" title=""Page 22""> <div class=""section""> <div class=""layoutArea""> <div class=""column""> <div class=""page"" title=""Page 23""> <div class=""section""> <div class=""layoutArea""> <div class=""column""> <div class=""page"" title=""Page 24""> <div class=""section""> <div class=""layoutArea""> <div class=""column""> <div class=""page"" title=""Page 25""> <div class=""section""> <div class=""layoutArea""> <div class=""column""> <div class=""page"" title=""Page 26""> <div class=""section""> <div class=""layoutArea""> <div class=""column""> <p><span style=""font-weight: normal;"">Establishes and maintains a therapeutic relationship using effective communication behaviors in straightforward encounters</span></p> </div> </div> </div> </div> </div> </div> </div> </div> </div> </div> </div> </div> </div> </div> </div> </div> </div> </div> </div> </div> </div> </div> </div> </div> </div> </div> </div> </div> </div> </div> </div> </div> </div> </div> </div> </div> </td> <td style=""width: 19.9938%; height: 198px;""> <div class=""page"" title=""Page 8""> <div class=""section""> <div class=""layoutArea""> <div class=""column""> <div class=""page"" title=""Page 18""> <div class=""section""> <div class=""layoutArea""> <div class=""column""> <div class=""page"" title=""Page 19""> <div class=""section""> <div class=""layoutArea""> <div class=""column""> <div class=""page"" title=""Page 21""> <div class=""section""> <div class=""layoutArea""> <div class=""column""> <div class=""page"" title=""Page 22""> <div class=""section""> <div class=""layoutArea""> <div class=""column""> <div class=""page"" title=""Page 23""> <div class=""section""> <div class=""layoutArea""> <div class=""column""> <div class=""page"" title=""Page 24""> <div class=""section""> <div class=""layoutArea""> <div class=""column""> <div class=""page"" title=""Page 25""> <div class=""section""> <div class=""layoutArea""> <div class=""column""> <div class=""page"" title=""Page 26""> <div class=""section""> <div class=""layoutArea""> <div class=""column""> <p><span style=""font-weight: normal;"">Establishes and maintains a therapeutic relationship using effective communication behaviors in challenging patient encounters</span></p> </div> </div> </div> </div> </div> </div> </div> </div> </div> </div> </div> </div> </div> </div> </div> </div> </div> </div> </div> </div> </div> </div> </div> </div> </div> </div> </div> </div> </div> </div> </div> </div> </div> </div> </div> </div> </td> <td style=""width: 20.15%; height: 198px;""> <div class=""page"" title=""Page 8""> <div class=""section""> <div class=""layoutArea""> <div class=""column""> <div class=""page"" title=""Page 18""> <div class=""section""> <div class=""layoutArea""> <div class=""column""> <div class=""page"" title=""Page 19""> <div class=""section""> <div class=""layoutArea""> <div class=""column""> <div class=""page"" title=""Page 21""> <div class=""section""> <div class=""layoutArea""> <div class=""column""> <div class=""page"" title=""Page 22""> <div class=""section""> <div class=""layoutArea""> <div class=""column""> <div class=""page"" title=""Page 23""> <div class=""section""> <div class=""layoutArea""> <div class=""column""> <div class=""page"" title=""Page 24""> <div class=""section""> <div class=""layoutArea""> <div class=""column""> <div class=""page"" title=""Page 25""> <div class=""section""> <div class=""layoutArea""> <div class=""column""> <div class=""page"" title=""Page 26""> <div class=""section""> <div class=""layoutArea""> <div class=""column""> <p><span style=""font-weight: normal;"">Establishes and maintains therapeutic relationships using shared decision making, regardless of complexity</span></p> </div> </div> </div> </div> </div> </div> </div> </div> </div> </div> </div> </div> </div> </div> </div> </div> </div> </div> </div> </div> </div> </div> </div> </div> </div> </div> </div> </div> </div> </div> </div> </div> </div> </div> </div> </div> </td> <td style=""width: 19.8376%; height: 198px;""> <div class=""page"" title=""Page 8""> <div class=""section""> <div class=""layoutArea""> <div class=""column""> <div class=""page"" title=""Page 18""> <div class=""section""> <div class=""layoutArea""> <div class=""column""> <div class=""page"" title=""Page 19""> <div class=""section""> <div class=""layoutArea""> <div class=""column""> <div class=""page"" title=""Page 20""> <div class=""page"" title=""Page 20""> <div class=""section""> <div class=""layoutArea""> <div class=""column""> <div class=""page"" title=""Page 21""> <div class=""section""> <div class=""layoutArea""> <div class=""column""> <div class=""page"" title=""Page 22""> <div class=""section""> <div class=""layoutArea""> <div class=""column""> <div class=""page"" title=""Page 23""> <div class=""section""> <div class=""layoutArea""> <div class=""column""> <div class=""page"" title=""Page 24""> <div class=""section""> <div class=""layoutArea""> <div class=""column""> <div class=""page"" title=""Page 25""> <div class=""section""> <div class=""layoutArea""> <div class=""column""> <div class=""page"" title=""Page 26""> <div class=""section""> <div class=""layoutArea""> <div class=""column""> <p><span style=""font-weight: normal;"">Coaches others in developing and maintaining therapeutic relationships and mitigating communication barriers</span></p> </div> </div> </div> </div> </div> </div> </div> </div> </div> </div> </div> </div> </div> </div> </div> </div> </div> </div> </div> </div> </div> </div> </div> </div> </div> </div> </div> </div> </div> </div> </div> </div> </div> </div> </div> </div> </div> </div> </div> </div> </div> </td> </tr> <tr style=""height: 110px;""> <td style=""width: 19.8376%; height: 110px;""> <div class=""page"" title=""Page 8""> <div class=""section""> <div class=""layoutArea""> <div class=""column""> <div class=""page"" title=""Page 18""> <div class=""section""> <div class=""layoutArea""> <div class=""column""> <div class=""page"" title=""Page 19""> <div class=""section""> <div class=""layoutArea""> <div class=""column""> <p><span style=""font-weight: normal;""> </span></p> </div> </div> </div> </div> </div> </div> </div> </div> </div> </div> </div> </div> </td> <td style=""width: 20.15%; height: 110px;""> <div class=""page"" title=""Page 8""> <div class=""section""> <div class=""layoutArea""> <div class=""column""> <div class=""page"" title=""Page 18""> <div class=""section""> <div class=""layoutArea""> <div class=""column""> <div class=""page"" title=""Page 19""> <div class=""section""> <div class=""layoutArea""> <div class=""column""> <p><span style=""font-weight: normal;"">Identifies common barriers to effective communication </span></p> </div> </div> </div> </div> </div> </div> </div> </div> </div> </div> </div> </div> </td> <td style=""width: 19.9938%; height: 110px;""> <div class=""page"" title=""Page 8""> <div class=""section""> <div class=""layoutArea""> <div class=""column""> <div class=""page"" title=""Page 18""> <div class=""section""> <div class=""layoutArea""> <div class=""column""> <div class=""page"" title=""Page 19""> <div class=""section""> <div class=""layoutArea""> <div class=""column""> <p><span style=""font-weight: normal;"">Identifies complex barriers to effective communication, including personal bias </span></p> </div> </div> </div> </div> </div> </div> </div> </div> </div> </div> </div> </div> </td> <td style=""width: 20.15%; height: 110px;""> <div class=""page"" title=""Page 8""> <div class=""section""> <div class=""layoutArea""> <div class=""column""> <div class=""page"" title=""Page 18""> <div class=""section""> <div class=""layoutArea""> <div class=""column""> <div class=""page"" title=""Page 19""> <div class=""section""> <div class=""layoutArea""> <div class=""column""> <p><span style=""font-weight: normal;"">Mitigates communication barriers </span></p> </div> </div> </div> </div> </div> </div> </div> </div> </div> </div> </div> </div> </td> <td style=""width: 19.8376%; height: 110px;""> <div class=""page"" title=""Page 8""> <div class=""section""> <div class=""layoutArea""> <div class=""column""> <div class=""page"" title=""Page 18""> <div class=""section""> <div class=""layoutArea""> <div class=""column""> <div class=""page"" title=""Page 19""> <div class=""section""> <div class=""layoutArea""> <div class=""column""> <div class=""page"" title=""Page 20""> <div class=""page"" title=""Page 20""> <div class=""section""> <div class=""layoutArea""> <div class=""column""> <p><span style=""font-weight: normal;"">Models the mitigation of communication barriers </span></p> </div> </div> </div> </div> </div> </div> </div> </div> </div> </div> </div> </div> </div> </div> </div> </div> </div> </td> </tr> </tbody> </table> <div class=""page"" title=""Page 20""> </div> <div class=""page"" title=""Page 20""> <div class=""page"" title=""Page 20""> </div> <div class=""page"" title=""Page 20"">A zero (""0"") indicates not yet completed level 1</div> <div class=""page"" title=""Page 20""> </div> </div></div>","0 | 5 | 9","ICS1","number",NA,9,NA,NA,NA,"LH",NA,NA,NA,NA
"228","rep_ics1_desc","milestone_entry",NA,"notes","Please describe how [first_name] demonstrates level 5 activities",NA,"ICS1",NA,NA,NA,NA,NA,NA,NA,NA,NA,NA,NA
"229","rep_ics2","milestone_entry",NA,"slider","<div class=""rich-text-field-label""><p>Interpersonal and Communication Skills 2: Interprofessional and Team Communication</p> <p>Previous rating: [rep_ics2][previous-instance]</p> <p>Most recent self-evaluation rating: [rep_ics2_self][last-instance]</p> <table style=""border-collapse: collapse; width: 92.927864%;"" border=""1""> <tbody> <tr> <td style=""width: 19.8376%;"">Level 1</td> <td style=""width: 20.15%;"">Level 2</td> <td style=""width: 19.9938%;"">Level 3</td> <td style=""width: 20.15%;"">Level 4</td> <td style=""width: 19.8376%;"">Level 5</td> </tr> <tr> <td style=""width: 19.8376%;""> <div class=""page"" title=""Page 8""> <div class=""section""> <div class=""layoutArea""> <div class=""column""> <div class=""page"" title=""Page 18""> <div class=""section""> <div class=""layoutArea""> <div class=""column""> <div class=""page"" title=""Page 19""> <div class=""section""> <div class=""layoutArea""> <div class=""column""> <div class=""page"" title=""Page 21""> <div class=""section""> <div class=""layoutArea""> <div class=""column""> <p> </p> <div class=""page"" title=""Page 22""> <div class=""section""> <div class=""layoutArea""> <div class=""column""> <div class=""page"" title=""Page 23""> <div class=""section""> <div class=""layoutArea""> <div class=""column""> <div class=""page"" title=""Page 24""> <div class=""section""> <div class=""layoutArea""> <div class=""column""> <div class=""page"" title=""Page 25""> <div class=""section""> <div class=""layoutArea""> <div class=""column""> <div class=""page"" title=""Page 26""> <div class=""section""> <div class=""layoutArea""> <div class=""column""> <div class=""page"" title=""Page 27""> <div class=""section""> <div class=""layoutArea""> <div class=""column""> <p><span style=""font-weight: normal;"">Respectfully requests and responds to a consultation</span></p> </div> </div> </div> </div> </div> </div> </div> </div> </div> </div> </div> </div> </div> </div> </div> </div> </div> </div> </div> </div> </div> </div> </div> </div> </div> </div> </div> </div> </div> </div> </div> </div> </div> </div> </div> </div> </div> </div> </div> </div> </td> <td style=""width: 20.15%;""> <div class=""page"" title=""Page 8""> <div class=""section""> <div class=""layoutArea""> <div class=""column""> <div class=""page"" title=""Page 18""> <div class=""section""> <div class=""layoutArea""> <div class=""column""> <div class=""page"" title=""Page 19""> <div class=""section""> <div class=""layoutArea""> <div class=""column""> <div class=""page"" title=""Page 21""> <div class=""section""> <div class=""layoutArea""> <div class=""column""> <div class=""page"" title=""Page 22""> <div class=""section""> <div class=""layoutArea""> <div class=""column""> <div class=""page"" title=""Page 23""> <div class=""section""> <div class=""layoutArea""> <div class=""column""> <div class=""page"" title=""Page 24""> <div class=""section""> <div class=""layoutArea""> <div class=""column""> <div class=""page"" title=""Page 25""> <div class=""section""> <div class=""layoutArea""> <div class=""column""> <div class=""page"" title=""Page 26""> <div class=""section""> <div class=""layoutArea""> <div class=""column""> <div class=""page"" title=""Page 27""> <div class=""section""> <div class=""layoutArea""> <div class=""column""> <p><span style=""font-weight: normal;"">Clearly and concisely requests and responds to a consultation</span></p> </div> </div> </div> </div> </div> </div> </div> </div> </div> </div> </div> </div> </div> </div> </div> </div> </div> </div> </div> </div> </div> </div> </div> </div> </div> </div> </div> </div> </div> </div> </div> </div> </div> </div> </div> </div> </div> </div> </div> </div> </td> <td style=""width: 19.9938%;""> <div class=""page"" title=""Page 8""> <div class=""section""> <div class=""layoutArea""> <div class=""column""> <div class=""page"" title=""Page 18""> <div class=""section""> <div class=""layoutArea""> <div class=""column""> <div class=""page"" title=""Page 19""> <div class=""section""> <div class=""layoutArea""> <div class=""column""> <div class=""page"" title=""Page 21""> <div class=""section""> <div class=""layoutArea""> <div class=""column""> <div class=""page"" title=""Page 22""> <div class=""section""> <div class=""layoutArea""> <div class=""column""> <div class=""page"" title=""Page 23""> <div class=""section""> <div class=""layoutArea""> <div class=""column""> <div class=""page"" title=""Page 24""> <div class=""section""> <div class=""layoutArea""> <div class=""column""> <div class=""page"" title=""Page 25""> <div class=""section""> <div class=""layoutArea""> <div class=""column""> <div class=""page"" title=""Page 26""> <div class=""section""> <div class=""layoutArea""> <div class=""column""> <div class=""page"" title=""Page 27""> <div class=""section""> <div class=""layoutArea""> <div class=""column""> <p><span style=""font-weight: normal;"">Checks own and others' understanding of recommendations when providing or receiving consultation</span></p> </div> </div> </div> </div> </div> </div> </div> </div> </div> </div> </div> </div> </div> </div> </div> </div> </div> </div> </div> </div> </div> </div> </div> </div> </div> </div> </div> </div> </div> </div> </div> </div> </div> </div> </div> </div> </div> </div> </div> </div> </td> <td style=""width: 20.15%;""> <div class=""page"" title=""Page 8""> <div class=""section""> <div class=""layoutArea""> <div class=""column""> <div class=""page"" title=""Page 18""> <div class=""section""> <div class=""layoutArea""> <div class=""column""> <div class=""page"" title=""Page 19""> <div class=""section""> <div class=""layoutArea""> <div class=""column""> <div class=""page"" title=""Page 21""> <div class=""section""> <div class=""layoutArea""> <div class=""column""> <div class=""page"" title=""Page 22""> <div class=""section""> <div class=""layoutArea""> <div class=""column""> <div class=""page"" title=""Page 23""> <div class=""section""> <div class=""layoutArea""> <div class=""column""> <div class=""page"" title=""Page 24""> <div class=""section""> <div class=""layoutArea""> <div class=""column""> <div class=""page"" title=""Page 25""> <div class=""section""> <div class=""layoutArea""> <div class=""column""> <div class=""page"" title=""Page 26""> <div class=""section""> <div class=""layoutArea""> <div class=""column""> <p> </p> <div class=""page"" title=""Page 27""> <div class=""section""> <div class=""layoutArea""> <div class=""column""> <p><span style=""font-weight: normal;"">Coordinates recommendations from different consultants to optimize patient care</span></p> </div> </div> </div> </div> </div> </div> </div> </div> </div> </div> </div> </div> </div> </div> </div> </div> </div> </div> </div> </div> </div> </div> </div> </div> </div> </div> </div> </div> </div> </div> </div> </div> </div> </div> </div> </div> </div> </div> </div> </div> </td> <td style=""width: 19.8376%;""> <div class=""page"" title=""Page 8""> <div class=""section""> <div class=""layoutArea""> <div class=""column""> <div class=""page"" title=""Page 18""> <div class=""section""> <div class=""layoutArea""> <div class=""column""> <div class=""page"" title=""Page 19""> <div class=""section""> <div class=""layoutArea""> <div class=""column""> <div class=""page"" title=""Page 20""> <div class=""page"" title=""Page 20""> <div class=""section""> <div class=""layoutArea""> <div class=""column""> <div class=""page"" title=""Page 21""> <div class=""section""> <div class=""layoutArea""> <div class=""column""> <div class=""page"" title=""Page 22""> <div class=""section""> <div class=""layoutArea""> <div class=""column""> <div class=""page"" title=""Page 23""> <div class=""section""> <div class=""layoutArea""> <div class=""column""> <div class=""page"" title=""Page 24""> <div class=""section""> <div class=""layoutArea""> <div class=""column""> <div class=""page"" title=""Page 25""> <div class=""section""> <div class=""layoutArea""> <div class=""column""> <div class=""page"" title=""Page 26""> <div class=""section""> <div class=""layoutArea""> <div class=""column""> <div class=""page"" title=""Page 27""> <div class=""section""> <div class=""layoutArea""> <div class=""column""> <div class=""page"" title=""Page 27""> <div class=""section""> <div class=""layoutArea""> <div class=""column""> <p><span style=""font-weight: normal;"">Facilitates conflict resolution between and amongst consultants when disagreement exists</span></p> </div> </div> </div> </div> </div> </div> </div> </div> </div> </div> </div> </div> </div> </div> </div> </div> </div> </div> </div> </div> </div> </div> </div> </div> </div> </div> </div> </div> </div> </div> </div> </div> </div> </div> </div> </div> </div> </div> </div> </div> </div> </div> </div> </div> </div> </div> </div> </div> </div> </td> </tr> <tr> <td style=""width: 19.8376%;""> <div class=""page"" title=""Page 8""> <div class=""section""> <div class=""layoutArea""> <div class=""column""> <div class=""page"" title=""Page 18""> <div class=""section""> <div class=""layoutArea""> <div class=""column""> <div class=""page"" title=""Page 19""> <div class=""section""> <div class=""layoutArea""> <div class=""column""> <p><span style=""font-weight: normal;""> Uses verbal and non- verbal communication that values all members of the interprofessional team</span></p> </div> </div> </div> </div> </div> </div> </div> </div> </div> </div> </div> </div> </td> <td style=""width: 20.15%;""> <div class=""page"" title=""Page 8""> <div class=""section""> <div class=""layoutArea""> <div class=""column""> <div class=""page"" title=""Page 18""> <div class=""section""> <div class=""layoutArea""> <div class=""column""> <div class=""page"" title=""Page 19""> <div class=""section""> <div class=""layoutArea""> <div class=""column""> <p><span style=""font-weight: normal;"">Communicates information, including basic feedback with all interprofessional team members </span></p> </div> </div> </div> </div> </div> </div> </div> </div> </div> </div> </div> </div> </td> <td style=""width: 19.9938%;""> <div class=""page"" title=""Page 8""> <div class=""section""> <div class=""layoutArea""> <div class=""column""> <div class=""page"" title=""Page 18""> <div class=""section""> <div class=""layoutArea""> <div class=""column""> <div class=""page"" title=""Page 19""> <div class=""section""> <div class=""layoutArea""> <div class=""column""> <p><span style=""font-weight: normal;"">Facilitates interprofessional team communication to reconcile conflict and provides difficult feedback </span></p> </div> </div> </div> </div> </div> </div> </div> </div> </div> </div> </div> </div> </td> <td style=""width: 20.15%;""> <div class=""page"" title=""Page 8""> <div class=""section""> <div class=""layoutArea""> <div class=""column""> <div class=""page"" title=""Page 18""> <div class=""section""> <div class=""layoutArea""> <div class=""column""> <div class=""page"" title=""Page 19""> <div class=""section""> <div class=""layoutArea""> <div class=""column""> <p><span style=""font-weight: normal;"">Adapts communication style to fit interprofessional team needs and maximizes impact of feedback to the team </span></p> </div> </div> </div> </div> </div> </div> </div> </div> </div> </div> </div> </div> </td> <td style=""width: 19.8376%;""> <div class=""page"" title=""Page 8""> <div class=""section""> <div class=""layoutArea""> <div class=""column""> <div class=""page"" title=""Page 18""> <div class=""section""> <div class=""layoutArea""> <div class=""column""> <div class=""page"" title=""Page 19""> <div class=""section""> <div class=""layoutArea""> <div class=""column""> <div class=""page"" title=""Page 20""> <div class=""page"" title=""Page 20""> <div class=""section""> <div class=""layoutArea""> <div class=""column""> <p><span style=""font-weight: normal;"">Models flexible communication strategies that facilitate excellence in interprofessional teamwork </span></p> </div> </div> </div> </div> </div> </div> </div> </div> </div> </div> </div> </div> </div> </div> </div> </div> </div> </td> </tr> </tbody> </table> <div class=""page"" title=""Page 20""> </div> <div class=""page"" title=""Page 20""> <div class=""page"" title=""Page 20""> </div> <div class=""page"" title=""Page 20"">A zero (""0"") indicates not yet completed level 1</div> <div class=""page"" title=""Page 20""> </div> </div></div>","0 | 5 | 9","ICS2","number",NA,9,NA,NA,NA,"LH",NA,NA,NA,NA
"230","rep_ics2_desc","milestone_entry",NA,"notes","Please describe how [first_name] demonstrates level 5 activities",NA,"ICS2",NA,NA,NA,NA,NA,NA,NA,NA,NA,NA,NA
"231","rep_ics3","milestone_entry",NA,"slider","<div class=""rich-text-field-label""><p>Interpersonal and Communication Skills 3: Communication within Health Care Systems</p> <p>Previous rating: [rep_ics3][previous-instance]</p> <p>Most recent self-evaluation rating: [rep_ics3_self][last-instance]</p> <table style=""border-collapse: collapse; width: 92.927864%;"" border=""1""> <tbody> <tr> <td style=""width: 19.817073%;"">Level 1</td> <td style=""width: 20.121951%;"">Level 2</td> <td style=""width: 19.969512%;"">Level 3</td> <td style=""width: 20.121951%;"">Level 4</td> <td style=""width: 19.817073%;"">Level 5</td> </tr> <tr> <td style=""width: 19.817073%;""> <div class=""page"" title=""Page 8""> <div class=""section""> <div class=""layoutArea""> <div class=""column""> <div class=""page"" title=""Page 18""> <div class=""section""> <div class=""layoutArea""> <div class=""column""> <div class=""page"" title=""Page 19""> <div class=""section""> <div class=""layoutArea""> <div class=""column""> <div class=""page"" title=""Page 21""> <div class=""section""> <div class=""layoutArea""> <div class=""column""> <p><span style=""font-weight: normal;"">Accurately documents comprehensive and current information</span></p> </div> </div> </div> </div> </div> </div> </div> </div> </div> </div> </div> </div> </div> </div> </div> </div> </td> <td style=""width: 20.121951%;""> <div class=""page"" title=""Page 8""> <div class=""section""> <div class=""layoutArea""> <div class=""column""> <div class=""page"" title=""Page 18""> <div class=""section""> <div class=""layoutArea""> <div class=""column""> <div class=""page"" title=""Page 19""> <div class=""section""> <div class=""layoutArea""> <div class=""column""> <div class=""page"" title=""Page 21""> <div class=""section""> <div class=""layoutArea""> <div class=""column""> <div class=""page"" title=""Page 22""> <div class=""section""> <div class=""layoutArea""> <div class=""column""> <div class=""page"" title=""Page 23""> <div class=""section""> <div class=""layoutArea""> <div class=""column""> <div class=""page"" title=""Page 24""> <div class=""section""> <div class=""layoutArea""> <div class=""column""> <div class=""page"" title=""Page 25""> <div class=""section""> <div class=""layoutArea""> <div class=""column""> <div class=""page"" title=""Page 26""> <div class=""section""> <div class=""layoutArea""> <div class=""column""> <div class=""page"" title=""Page 27""> <div class=""section""> <div class=""layoutArea""> <div class=""column""> <div class=""page"" title=""Page 28""> <div class=""section""> <div class=""layoutArea""> <div class=""column""> <p><span style=""font-weight: normal;"">Documents clinical encounter, including reasoning, through organized notes</span></p> </div> </div> </div> </div> </div> </div> </div> </div> </div> </div> </div> </div> </div> </div> </div> </div> </div> </div> </div> </div> </div> </div> </div> </div> </div> </div> </div> </div> </div> </div> </div> </div> </div> </div> </div> </div> </div> </div> </div> </div> </div> </div> </div> </div> </td> <td style=""width: 19.969512%;""> <div class=""page"" title=""Page 8""> <div class=""section""> <div class=""layoutArea""> <div class=""column""> <div class=""page"" title=""Page 18""> <div class=""section""> <div class=""layoutArea""> <div class=""column""> <div class=""page"" title=""Page 19""> <div class=""section""> <div class=""layoutArea""> <div class=""column""> <div class=""page"" title=""Page 21""> <div class=""section""> <div class=""layoutArea""> <div class=""column""> <div class=""page"" title=""Page 22""> <div class=""section""> <div class=""layoutArea""> <div class=""column""> <div class=""page"" title=""Page 23""> <div class=""section""> <div class=""layoutArea""> <div class=""column""> <div class=""page"" title=""Page 24""> <div class=""section""> <div class=""layoutArea""> <div class=""column""> <div class=""page"" title=""Page 25""> <div class=""section""> <div class=""layoutArea""> <div class=""column""> <div class=""page"" title=""Page 26""> <div class=""section""> <div class=""layoutArea""> <div class=""column""> <div class=""page"" title=""Page 27""> <div class=""section""> <div class=""layoutArea""> <div class=""column""> <div class=""page"" title=""Page 28""> <div class=""section""> <div class=""layoutArea""> <div class=""column""> <p><span style=""font-weight: normal;"">Documents clinical encounter through concise and thorough notes</span></p> </div> </div> </div> </div> </div> </div> </div> </div> </div> </div> </div> </div> </div> </div> </div> </div> </div> </div> </div> </div> </div> </div> </div> </div> </div> </div> </div> </div> </div> </div> </div> </div> </div> </div> </div> </div> </div> </div> </div> </div> </div> </div> </div> </div> </td> <td style=""width: 20.121951%;""> <div class=""page"" title=""Page 8""> <div class=""section""> <div class=""layoutArea""> <div class=""column""> <div class=""page"" title=""Page 18""> <div class=""section""> <div class=""layoutArea""> <div class=""column""> <div class=""page"" title=""Page 19""> <div class=""section""> <div class=""layoutArea""> <div class=""column""> <div class=""page"" title=""Page 21""> <div class=""section""> <div class=""layoutArea""> <div class=""column""> <div class=""page"" title=""Page 22""> <div class=""section""> <div class=""layoutArea""> <div class=""column""> <div class=""page"" title=""Page 23""> <div class=""section""> <div class=""layoutArea""> <div class=""column""> <div class=""page"" title=""Page 24""> <div class=""section""> <div class=""layoutArea""> <div class=""column""> <div class=""page"" title=""Page 25""> <div class=""section""> <div class=""layoutArea""> <div class=""column""> <div class=""page"" title=""Page 26""> <div class=""section""> <div class=""layoutArea""> <div class=""column""> <p> </p> <div class=""page"" title=""Page 27""> <div class=""section""> <div class=""layoutArea""> <div class=""column""> <div class=""page"" title=""Page 28""> <div class=""section""> <div class=""layoutArea""> <div class=""column""> <p><span style=""font-weight: normal;"">Documents clinical encounter clearly, concisely, timely, and in an organized form, including anticipatory guidance</span></p> </div> </div> </div> </div> </div> </div> </div> </div> </div> </div> </div> </div> </div> </div> </div> </div> </div> </div> </div> </div> </div> </div> </div> </div> </div> </div> </div> </div> </div> </div> </div> </div> </div> </div> </div> </div> </div> </div> </div> </div> </div> </div> </div> </div> </td> <td style=""width: 19.817073%;""> <div class=""page"" title=""Page 8""> <div class=""section""> <div class=""layoutArea""> <div class=""column""> <div class=""page"" title=""Page 18""> <div class=""section""> <div class=""layoutArea""> <div class=""column""> <div class=""page"" title=""Page 19""> <div class=""section""> <div class=""layoutArea""> <div class=""column""> <div class=""page"" title=""Page 20""> <div class=""page"" title=""Page 20""> <div class=""section""> <div class=""layoutArea""> <div class=""column""> <div class=""page"" title=""Page 21""> <div class=""section""> <div class=""layoutArea""> <div class=""column""> <div class=""page"" title=""Page 22""> <div class=""section""> <div class=""layoutArea""> <div class=""column""> <div class=""page"" title=""Page 23""> <div class=""section""> <div class=""layoutArea""> <div class=""column""> <div class=""page"" title=""Page 24""> <div class=""section""> <div class=""layoutArea""> <div class=""column""> <div class=""page"" title=""Page 25""> <div class=""section""> <div class=""layoutArea""> <div class=""column""> <div class=""page"" title=""Page 26""> <div class=""section""> <div class=""layoutArea""> <div class=""column""> <div class=""page"" title=""Page 27""> <div class=""section""> <div class=""layoutArea""> <div class=""column""> <div class=""page"" title=""Page 27""> <div class=""section""> <div class=""layoutArea""> <div class=""column""> <div class=""page"" title=""Page 28""> <div class=""section""> <div class=""layoutArea""> <div class=""column""> <p><span style=""font-weight: normal;"">Guides departmental or institutional communication policies and procedures</span></p> </div> </div> </div> </div> </div> </div> </div> </div> </div> </div> </div> </div> </div> </div> </div> </div> </div> </div> </div> </div> </div> </div> </div> </div> </div> </div> </div> </div> </div> </div> </div> </div> </div> </div> </div> </div> </div> </div> </div> </div> </div> </div> </div> </div> </div> </div> </div> </div> </div> </div> </div> </div> </div> </td> </tr> <tr> <td style=""width: 19.817073%;""> <div class=""page"" title=""Page 8""> <div class=""section""> <div class=""layoutArea""> <div class=""column""> <div class=""page"" title=""Page 18""> <div class=""section""> <div class=""layoutArea""> <div class=""column""> <div class=""page"" title=""Page 19""> <div class=""section""> <div class=""layoutArea""> <div class=""column""> <p><span style=""font-weight: normal;""> Communicates using formats specified by institutional policy to safeguard patient personal health information</span></p> </div> </div> </div> </div> </div> </div> </div> </div> </div> </div> </div> </div> </td> <td style=""width: 20.121951%;""> <div class=""page"" title=""Page 8""> <div class=""section""> <div class=""layoutArea""> <div class=""column""> <div class=""page"" title=""Page 18""> <div class=""section""> <div class=""layoutArea""> <div class=""column""> <div class=""page"" title=""Page 19""> <div class=""section""> <div class=""layoutArea""> <div class=""column""> <p><span style=""font-weight: normal;"">Selects direct (e.g., telephone, in-person) and indirect (e.g., progress notes, text messages) forms of communication based on context, with assistance </span></p> </div> </div> </div> </div> </div> </div> </div> </div> </div> </div> </div> </div> </td> <td style=""width: 19.969512%;""> <div class=""page"" title=""Page 8""> <div class=""section""> <div class=""layoutArea""> <div class=""column""> <div class=""page"" title=""Page 18""> <div class=""section""> <div class=""layoutArea""> <div class=""column""> <div class=""page"" title=""Page 19""> <div class=""section""> <div class=""layoutArea""> <div class=""column""> <p><span style=""font-weight: normal;"">Appropriately selects direct and indirect forms of communication based on context </span></p> </div> </div> </div> </div> </div> </div> </div> </div> </div> </div> </div> </div> </td> <td style=""width: 20.121951%;""> <div class=""page"" title=""Page 8""> <div class=""section""> <div class=""layoutArea""> <div class=""column""> <div class=""page"" title=""Page 18""> <div class=""section""> <div class=""layoutArea""> <div class=""column""> <div class=""page"" title=""Page 19""> <div class=""section""> <div class=""layoutArea""> <div class=""column""> <p><span style=""font-weight: normal;"">Models effective written and verbal communication </span></p> </div> </div> </div> </div> </div> </div> </div> </div> </div> </div> </div> </div> </td> <td style=""width: 19.817073%;""> <div class=""page"" title=""Page 8""> <div class=""section""> <div class=""layoutArea""> <div class=""column""> <div class=""page"" title=""Page 18""> <div class=""section""> <div class=""layoutArea""> <div class=""column""> <div class=""page"" title=""Page 19""> <div class=""section""> <div class=""layoutArea""> <div class=""column""> <div class=""page"" title=""Page 20""> <div class=""page"" title=""Page 20""> <div class=""section""> <div class=""layoutArea""> <div class=""column""> <p><span style=""font-weight: normal;""> </span></p> </div> </div> </div> </div> </div> </div> </div> </div> </div> </div> </div> </div> </div> </div> </div> </div> </div> </td> </tr> </tbody> </table> <div class=""page"" title=""Page 20""> </div> <div class=""page"" title=""Page 20""> <div class=""page"" title=""Page 20""> </div> <div class=""page"" title=""Page 20"">A zero (""0"") indicates not yet completed level 1</div> <div class=""page"" title=""Page 20""> </div> </div></div>","0 | 5 | 9","ICS3","number",NA,9,NA,NA,NA,"LH",NA,NA,NA,NA
"232","rep_ics3_desc","milestone_entry",NA,"notes","Please describe how [first_name] demonstrates level 5 activities",NA,"ICS3",NA,NA,NA,NA,NA,NA,NA,NA,NA,NA,NA
"233","prog_mile_date_self","milestone_selfevaluation_c33c",NA,"text","Date of entry",NA,NA,"date_mdy",NA,NA,NA,NA,NA,NA,NA,NA,NA,NA
"234","prog_mile_period_self","milestone_selfevaluation_c33c",NA,"dropdown","Milestone Period","7, Entering Residency | 1, Mid Intern | 2, End Intern | 3, Mid PGY2 | 4, End PGY2 | 5, Mid PGY3 | 6, Graduating",NA,NA,NA,NA,NA,NA,NA,NA,NA,NA,NA,NA
"235","rep_pc1_self","milestone_selfevaluation_c33c","<div class=""rich-text-field-label""><p>Patient Care</p></div>","slider","<div class=""rich-text-field-label""><p>Patient Care 1: History</p> <p> </p> <table style=""border-collapse: collapse; width: 92.927864%;"" border=""1""> <tbody> <tr> <td style=""width: 19.969512%;"">Level 1</td> <td style=""width: 19.969512%;"">Level 2</td> <td style=""width: 19.969512%;"">Level 3</td> <td style=""width: 20.27439%;"">Level 4</td> <td style=""width: 19.817073%;"">Level 5</td> </tr> <tr> <td style=""width: 19.969512%;""> <div class=""page"" title=""Page 8""> <div class=""section""> <div class=""layoutArea""> <div class=""column""> <p><span style=""font-weight: normal;"">Elicits and reports a comprehensive history for common patient presentations, with guidance</span></p> </div> </div> </div> </div> </td> <td style=""width: 19.969512%;""> <div class=""page"" title=""Page 8""> <div class=""section""> <div class=""layoutArea""> <div class=""column""> <p><span style=""font-weight: normal;"">Elicits and concisely reports a hypothesis- driven patient history for common patient presentations</span></p> </div> </div> </div> </div> </td> <td style=""width: 19.969512%;""> <div class=""page"" title=""Page 8""> <div class=""section""> <div class=""layoutArea""> <div class=""column""> <p><span style=""font-weight: normal;"">Elicits and concisely reports a hypothesis- driven patient history for complex patient presentations</span></p> </div> </div> </div> </div> </td> <td style=""width: 20.27439%;""> <div class=""page"" title=""Page 8""> <div class=""section""> <div class=""layoutArea""> <div class=""column""> <p><span style=""font-weight: normal;"">Efficiently elicits and concisely reports a patient history, incorporating pertinent psychosocial and other determinants of health</span></p> </div> </div> </div> </div> </td> <td style=""width: 19.817073%;""> <div class=""page"" title=""Page 8""> <div class=""section""> <div class=""layoutArea""> <div class=""column""> <p><span style=""font-weight: normal;"">Efficiently and effectively tailors the history taking, including relevant historical subtleties, based on patient, family, and system needs</span></p> </div> </div> </div> </div> </td> </tr> <tr> <td style=""width: 19.969512%;""> <div class=""page"" title=""Page 8""> <div class=""section""> <div class=""layoutArea""> <div class=""column""> <p><span style=""font-weight: normal;"">Seeks data from secondary sources, with guidance</span></p> </div> </div> </div> </div> </td> <td style=""width: 19.969512%;""> <div class=""page"" title=""Page 8""> <div class=""section""> <div class=""layoutArea""> <div class=""column""> <p><span style=""font-weight: normal;"">Independently obtains data from secondary sources</span></p> </div> </div> </div> </div> </td> <td style=""width: 19.969512%;""> <div class=""page"" title=""Page 8""> <div class=""section""> <div class=""layoutArea""> <div class=""column""> <p><span style=""font-weight: normal;"">Reconciles current data with secondary sources</span></p> </div> </div> </div> </div> </td> <td style=""width: 20.27439%;""> <div class=""page"" title=""Page 8""> <div class=""section""> <div class=""layoutArea""> <div class=""column""> <p><span style=""font-weight: normal;"">Uses history and secondary data to guide the need for further diagnostic testing</span></p> <div class=""page"" title=""Page 8""> <div class=""section""> <div class=""layoutArea""> <div class=""column""> <p><span style=""font-weight: normal;""> </span></p> </div> </div> </div> </div> </div> </div> </div> </div> </td> <td style=""width: 19.817073%;""><span style=""font-weight: normal;"">Models effective use of history to guide the need for further diagnostic testing</span></td> </tr> </tbody> </table> <p>A zero (""0"") indicates not yet completed level 1</p></div>","1 | 5 | 9","pc1","number",1,9,NA,NA,NA,"LH",NA,NA,NA,NA
"236","rep_pc1_self_desc","milestone_selfevaluation_c33c",NA,"notes","Please describe how you model history taking",NA,NA,NA,NA,NA,NA,NA,NA,"RH",NA,NA,NA,NA
"237","rep_pc2_self","milestone_selfevaluation_c33c",NA,"slider","<div class=""rich-text-field-label""><p>Patient Care 2: Physical Examination</p> <p> </p> <table style=""border-collapse: collapse; width: 92.927864%;"" border=""1""> <tbody> <tr> <td style=""width: 19.969512%;"">Level 1</td> <td style=""width: 19.969512%;"">Level 2</td> <td style=""width: 19.969512%;"">Level 3</td> <td style=""width: 20.27439%;"">Level 4</td> <td style=""width: 19.817073%;"">Level 5</td> </tr> <tr> <td style=""width: 19.969512%;""> <div class=""page"" title=""Page 8""> <div class=""section""> <div class=""layoutArea""> <div class=""column""><span style=""font-weight: normal;"">Performs a general</span><br role=""presentation"" /><span style=""font-weight: normal;"">physical examination</span><br role=""presentation"" /><span style=""font-weight: normal;"">while attending to patient</span><br role=""presentation"" /><span style=""font-weight: normal;"">comfort and safety</span></div> </div> </div> </div> </td> <td style=""width: 19.969512%;""> <div class=""page"" title=""Page 8""> <div class=""section""> <div class=""layoutArea""> <div class=""column""> <p><span style=""font-weight: normal;"">Performs a hypothesis-</span><br role=""presentation"" /><span style=""font-weight: normal;"">driven physical</span><br role=""presentation"" /><span style=""font-weight: normal;"">examination for a</span><br role=""presentation"" /><span style=""font-weight: normal;"">common patient</span><br role=""presentation"" /><span style=""font-weight: normal;"">presentation</span></p> </div> </div> </div> </div> </td> <td style=""width: 19.969512%;""> <div class=""page"" title=""Page 8""> <div class=""section""> <div class=""layoutArea""> <div class=""column""> <p><span style=""font-weight: normal;"">Performs a hypothesis-</span><br role=""presentation"" /><span style=""font-weight: normal;"">driven physical</span><br role=""presentation"" /><span style=""font-weight: normal;"">examination for a</span><br role=""presentation"" /><span style=""font-weight: normal;"">complex patient</span><br role=""presentation"" /><span style=""font-weight: normal;"">presentation</span></p> </div> </div> </div> </div> </td> <td style=""width: 20.27439%;""> <div class=""page"" title=""Page 8""> <div class=""section""> <div class=""layoutArea""> <div class=""column""> <p><span style=""font-weight: normal;"">Uses advanced</span><br role=""presentation"" /><span style=""font-weight: normal;"">maneuvers to elicit</span><br role=""presentation"" /><span style=""font-weight: normal;"">subtle findings</span></p> </div> </div> </div> </div> </td> <td style=""width: 19.817073%;""> <div class=""page"" title=""Page 8""> <div class=""section""> <div class=""layoutArea""> <div class=""column""> <p><span style=""font-weight: normal;"">Models effective</span><br role=""presentation"" /><span style=""font-weight: normal;"">evidence-based physical</span><br role=""presentation"" /><span style=""font-weight: normal;"">examination technique</span></p> </div> </div> </div> </div> </td> </tr> <tr> <td style=""width: 19.969512%;""> <div class=""page"" title=""Page 8""> <div class=""section""> <div class=""layoutArea""> <div class=""column""> <p><span style=""font-weight: normal;"">Identifies common</span><br role=""presentation"" /><span style=""font-weight: normal;"">abnormal findings</span></p> </div> </div> </div> </div> </td> <td style=""width: 19.969512%;""> <div class=""page"" title=""Page 8""> <div class=""section""> <div class=""layoutArea""> <div class=""column""> <p><span style=""font-weight: normal;"">Interprets common</span><br role=""presentation"" /><span style=""font-weight: normal;"">abnormal findings</span></p> </div> </div> </div> </div> </td> <td style=""width: 19.969512%;""> <div class=""page"" title=""Page 8""> <div class=""section""> <div class=""layoutArea""> <div class=""column""> <p><span style=""font-weight: normal;"">Identifies and interprets</span><br role=""presentation"" /><span style=""font-weight: normal;"">uncommon and complex</span><br role=""presentation"" /><span style=""font-weight: normal;"">abnormal findings</span></p> </div> </div> </div> </div> </td> <td style=""width: 20.27439%;""> <div class=""page"" title=""Page 8""> <div class=""section""> <div class=""layoutArea""> <div class=""column""> <p><span style=""font-weight: normal;"">Integrates subtle</span><br role=""presentation"" /><span style=""font-weight: normal;"">physical examination</span><br role=""presentation"" /><span style=""font-weight: normal;"">findings to guide</span><br role=""presentation"" /><span style=""font-weight: normal;"">diagnosis and</span><br role=""presentation"" /><span style=""font-weight: normal;"">management</span></p> <div class=""page"" title=""Page 8""> <div class=""section""> <div class=""layoutArea""> <div class=""column""> <p><span style=""font-weight: normal;""> </span></p> </div> </div> </div> </div> </div> </div> </div> </div> </td> <td style=""width: 19.817073%;""><span style=""font-weight: normal;"">Teaches the predictive</span><br role=""presentation"" /><span style=""font-weight: normal;"">values of the examination</span><br role=""presentation"" /><span style=""font-weight: normal;"">findings to guide</span><br role=""presentation"" /><span style=""font-weight: normal;"">diagnosis and</span><br role=""presentation"" /><span style=""font-weight: normal;"">management</span></td> </tr> </tbody> </table> <p>A zero (""0"") indicates not yet completed level 1</p></div>","0 | 5 | 9",NA,"number",NA,9,NA,NA,NA,"LH",NA,NA,NA,NA
"238","rep_pc2_self_desc","milestone_selfevaluation_c33c",NA,"notes","Please describe how you model the physical exam",NA,NA,NA,NA,NA,NA,NA,NA,"RH",NA,NA,NA,NA
"239","rep_pc3_self","milestone_selfevaluation_c33c",NA,"slider","<div class=""rich-text-field-label""><p>Patient Care 3: Clinical Reasoning</p> <p> </p> <table style=""border-collapse: collapse; width: 92.927864%;"" border=""1""> <tbody> <tr> <td style=""width: 19.969512%;"">Level 1</td> <td style=""width: 19.969512%;"">Level 2</td> <td style=""width: 19.969512%;"">Level 3</td> <td style=""width: 20.27439%;"">Level 4</td> <td style=""width: 19.817073%;"">Level 5</td> </tr> <tr> <td style=""width: 19.969512%;""> <div class=""page"" title=""Page 8""> <div class=""section""> <div class=""layoutArea""> <div class=""column""> <p><span style=""font-weight: normal;"">Organizes and</span><br role=""presentation"" /><span style=""font-weight: normal;"">accurately summarizes</span><br role=""presentation"" /><span style=""font-weight: normal;"">information obtained</span><br role=""presentation"" /><span style=""font-weight: normal;"">from the patient</span><br role=""presentation"" /><span style=""font-weight: normal;"">evaluation to develop a</span><br role=""presentation"" /><span style=""font-weight: normal;"">clinical impression</span></p> </div> </div> </div> </div> </td> <td style=""width: 19.969512%;""> <div class=""page"" title=""Page 8""> <div class=""section""> <div class=""layoutArea""> <div class=""column""> <p><span style=""font-weight: normal;"">Integrates information</span><br role=""presentation"" /><span style=""font-weight: normal;"">from all sources to</span><br role=""presentation"" /><span style=""font-weight: normal;"">develop a basic</span><br role=""presentation"" /><span style=""font-weight: normal;"">differential diagnosis for</span><br role=""presentation"" /><span style=""font-weight: normal;"">common patient</span><br role=""presentation"" /><span style=""font-weight: normal;"">presentations</span></p> </div> </div> </div> </div> </td> <td style=""width: 19.969512%;""> <div class=""page"" title=""Page 8""> <div class=""section""> <div class=""layoutArea""> <div class=""column""> <p><span style=""font-weight: normal;"">Develops a thorough and</span><br role=""presentation"" /><span style=""font-weight: normal;"">prioritized differential</span><br role=""presentation"" /><span style=""font-weight: normal;"">diagnosis for common</span><br role=""presentation"" /><span style=""font-weight: normal;"">patient presentations</span></p> </div> </div> </div> </div> </td> <td style=""width: 20.27439%;""> <div class=""page"" title=""Page 8""> <div class=""section""> <div class=""layoutArea""> <div class=""column""> <p><span style=""font-weight: normal;"">Develops prioritized</span><br role=""presentation"" /><span style=""font-weight: normal;"">differential diagnoses in</span><br role=""presentation"" /><span style=""font-weight: normal;"">complex patient</span><br role=""presentation"" /><span style=""font-weight: normal;"">presentations and</span><br role=""presentation"" /><span style=""font-weight: normal;"">incorporates subtle,</span><br role=""presentation"" /><span style=""font-weight: normal;"">unusual, or conflicting</span><br role=""presentation"" /><span style=""font-weight: normal;"">findings</span></p> </div> </div> </div> </div> </td> <td style=""width: 19.817073%;""> <div class=""page"" title=""Page 8""> <div class=""section""> <div class=""layoutArea""> <div class=""column""> <p><span style=""font-weight: normal;"">Coaches others to</span><br role=""presentation"" /><span style=""font-weight: normal;"">develop prioritized</span><br role=""presentation"" /><span style=""font-weight: normal;"">differential diagnoses in</span><br role=""presentation"" /><span style=""font-weight: normal;"">complex patient</span><br role=""presentation"" /><span style=""font-weight: normal;"">presentations</span></p> </div> </div> </div> </div> </td> </tr> <tr> <td style=""width: 19.969512%;""> <div class=""page"" title=""Page 8""> <div class=""section""> <div class=""layoutArea""> <div class=""column""> <p> </p> </div> </div> </div> </div> </td> <td style=""width: 19.969512%;""> <div class=""page"" title=""Page 8""> <div class=""section""> <div class=""layoutArea""> <div class=""column""> <p><span style=""font-weight: normal;"">Identifies clinical</span><br role=""presentation"" /><span style=""font-weight: normal;"">reasoning errors within</span><br role=""presentation"" /><span style=""font-weight: normal;"">patient care, with</span><br role=""presentation"" /><span style=""font-weight: normal;"">guidance</span></p> </div> </div> </div> </div> </td> <td style=""width: 19.969512%;""> <div class=""page"" title=""Page 8""> <div class=""section""> <div class=""layoutArea""> <div class=""column""> <p><span style=""font-weight: normal;"">Retrospectively applies</span><br role=""presentation"" /><span style=""font-weight: normal;"">clinical reasoning</span><br role=""presentation"" /><span style=""font-weight: normal;"">principles to identify</span><br role=""presentation"" /><span style=""font-weight: normal;"">errors</span></p> </div> </div> </div> </div> </td> <td style=""width: 20.27439%;""> <div class=""page"" title=""Page 8""> <div class=""section""> <div class=""layoutArea""> <div class=""column""> <p><span style=""font-weight: normal;"">Continually re-appraises</span><br role=""presentation"" /><span style=""font-weight: normal;"">one's own clinical</span><br role=""presentation"" /><span style=""font-weight: normal;"">reasoning to improve</span><br role=""presentation"" /><span style=""font-weight: normal;"">patient care in real time</span></p> <div class=""page"" title=""Page 8""> <div class=""section""> <div class=""layoutArea""> <div class=""column""> <p><span style=""font-weight: normal;""> </span></p> </div> </div> </div> </div> </div> </div> </div> </div> </td> <td style=""width: 19.817073%;""><span style=""font-weight: normal;"">Models how to recognize</span><br role=""presentation"" /><span style=""font-weight: normal;"">errors and reflect upon</span><br role=""presentation"" /><span style=""font-weight: normal;"">one's own clinical</span><br role=""presentation"" /><span style=""font-weight: normal;"">reasoning</span></td> </tr> </tbody> </table> <p>A zero (""0"") indicates not yet completed level 1</p></div>","0 | 5 | 9",NA,"number",NA,9,NA,NA,NA,"LH",NA,NA,NA,NA
"240","rep_pc3_self_desc","milestone_selfevaluation_c33c",NA,"notes","Please describe how you model or coach others in generating a differential diagnosis",NA,NA,NA,NA,NA,NA,NA,NA,"RH",NA,NA,NA,NA
"241","rep_pc4_self","milestone_selfevaluation_c33c",NA,"slider","<div class=""rich-text-field-label""><p>Patient Care 4: Patient Management - Inpatient</p> <p> </p> <table style=""border-collapse: collapse; width: 92.927864%;"" border=""1""> <tbody> <tr> <td style=""width: 19.9938%;"">Level 1</td> <td style=""width: 19.9938%;"">Level 2</td> <td style=""width: 19.9938%;"">Level 3</td> <td style=""width: 20.3062%;"">Level 4</td> <td style=""width: 19.6813%;"">Level 5</td> </tr> <tr> <td style=""width: 19.9938%;""> <div class=""page"" title=""Page 8""> <div class=""section""> <div class=""layoutArea""> <div class=""column""> <p><span style=""font-weight: normal;"">Formulates management</span><br role=""presentation"" /><span style=""font-weight: normal;"">plans for common</span><br role=""presentation"" /><span style=""font-weight: normal;"">conditions, with guidance</span></p> </div> </div> </div> </div> </td> <td style=""width: 19.9938%;""> <div class=""page"" title=""Page 8""> <div class=""section""> <div class=""layoutArea""> <div class=""column""><span style=""font-weight: normal;"">Develops and implements</span><br role=""presentation"" /><span style=""font-weight: normal;"">management plans for </span><span style=""font-weight: normal;"">common conditions,</span><br role=""presentation"" /><span style=""font-weight: normal;"">recognizing acuity, and </span><span style=""font-weight: normal;"">modifies based on the</span><br role=""presentation"" /><span style=""font-weight: normal;"">clinical course</span></div> </div> </div> </div> </td> <td style=""width: 19.9938%;""> <div class=""page"" title=""Page 8""> <div class=""section""> <div class=""layoutArea""> <div class=""column""> <p><span style=""font-weight: normal;"">Develops and implements</span><br role=""presentation"" /><span style=""font-weight: normal;"">value-based (high value) </span><span style=""font-weight: normal;"">management plans for </span><span style=""font-weight: normal;"">patients with multisystem</span><br role=""presentation"" /><span style=""font-weight: normal;"">disease and comorbid</span><br role=""presentation"" /><span style=""font-weight: normal;"">conditions; modifies </span><span style=""font-weight: normal;"">based on the clinical </span><span style=""font-weight: normal;"">course</span></p> </div> </div> </div> </div> </td> <td style=""width: 20.3062%;""> <div class=""page"" title=""Page 8""> <div class=""section""> <div class=""layoutArea""> <div class=""column""> <p><span style=""font-weight: normal;"">Uses shared decision </span><span style=""font-weight: normal;"">making to develop and</span><br role=""presentation"" /><span style=""font-weight: normal;"">implement value-based </span><span style=""font-weight: normal;"">(high value)</span><br role=""presentation"" /><span style=""font-weight: normal;"">comprehensive</span><br role=""presentation"" /><span style=""font-weight: normal;"">management plans for </span><span style=""font-weight: normal;"">patients with comorbid </span><span style=""font-weight: normal;"">and multisystem</span><br role=""presentation"" /><span style=""font-weight: normal;"">disease, including those </span><span style=""font-weight: normal;"">patients requiring critical</span><br role=""presentation"" /><span style=""font-weight: normal;"">care</span></p> </div> </div> </div> </div> </td> <td style=""width: 19.6813%;""> <div class=""page"" title=""Page 8""> <div class=""section""> <div class=""layoutArea""> <div class=""column""> <p><span style=""font-weight: normal;"">Develops and implements</span><br role=""presentation"" /><span style=""font-weight: normal;"">comprehensive</span><br role=""presentation"" /><span style=""font-weight: normal;"">management plans for</span><br role=""presentation"" /><span style=""font-weight: normal;"">patients with rare or </span><span style=""font-weight: normal;"">ambiguous presentations</span><br role=""presentation"" /><span style=""font-weight: normal;"">or unusual comorbid</span><br role=""presentation"" /><span style=""font-weight: normal;"">conditions</span></p> </div> </div> </div> </div> </td> </tr> <tr> <td style=""width: 19.9938%;""> <div class=""page"" title=""Page 8""> <div class=""section""> <div class=""layoutArea""> <div class=""column""> <p><span style=""font-weight: normal;"">Identifies opportunities to</span><br role=""presentation"" /><span style=""font-weight: normal;"">maintain and promote </span><span style=""font-weight: normal;"">health</span></p> </div> </div> </div> </div> </td> <td style=""width: 19.9938%;""> <div class=""page"" title=""Page 8""> <div class=""section""> <div class=""layoutArea""> <div class=""column""> <p><span style=""font-weight: normal;"">Develops and implements</span><br role=""presentation"" /><span style=""font-weight: normal;"">management plans to </span><span style=""font-weight: normal;"">maintain and promote </span><span style=""font-weight: normal;"">health, with guidance</span></p> </div> </div> </div> </div> </td> <td style=""width: 19.9938%;""> <div class=""page"" title=""Page 8""> <div class=""section""> <div class=""layoutArea""> <div class=""column""> <p><span style=""font-weight: normal;"">Independently develops </span><span style=""font-weight: normal;"">and implements plans to </span><span style=""font-weight: normal;"">maintain and promote </span><span style=""font-weight: normal;"">health, incorporating</span><br role=""presentation"" /><span style=""font-weight: normal;"">pertinent psychosocial</span><br role=""presentation"" /><span style=""font-weight: normal;"">and other determinants of</span><br role=""presentation"" /><span style=""font-weight: normal;"">health</span></p> </div> </div> </div> </div> </td> <td style=""width: 20.3062%;""> <div class=""page"" title=""Page 8""> <div class=""section""> <div class=""layoutArea""> <div class=""column""> <p><span style=""font-weight: normal;"">Independently develops </span><span style=""font-weight: normal;"">and implements</span><br role=""presentation"" /><span style=""font-weight: normal;"">comprehensive plans to</span><br role=""presentation"" /><span style=""font-weight: normal;"">maintain and promote</span><br role=""presentation"" /><span style=""font-weight: normal;"">health, incorporating</span><br role=""presentation"" /><span style=""font-weight: normal;"">pertinent psychosocial</span><br role=""presentation"" /><span style=""font-weight: normal;"">and other determinants</span><br role=""presentation"" /><span style=""font-weight: normal;"">of health</span></p> <div class=""page"" title=""Page 8""> <div class=""section""> <div class=""layoutArea""> <div class=""column""> <p><span style=""font-weight: normal;""> </span></p> </div> </div> </div> </div> </div> </div> </div> </div> </td> <td style=""width: 19.6813%;""> </td> </tr> </tbody> </table> <p>A zero (""0"") indicates not yet completed level 1</p></div>","0 | 5 | 9",NA,"number",NA,9,NA,NA,NA,"LH",NA,NA,NA,NA
"242","rep_pc4_self_desc","milestone_selfevaluation_c33c",NA,"notes","Please describe how you model or coach others in inpatient care",NA,NA,NA,NA,NA,NA,NA,NA,NA,NA,NA,NA,NA
"243","rep_pc5_self","milestone_selfevaluation_c33c",NA,"slider","<div class=""rich-text-field-label""><p>Patient Care 5: Patient Management - Outpatient</p> <p> </p> <table style=""border-collapse: collapse; width: 92.927864%;"" border=""1""> <tbody> <tr> <td style=""width: 19.9938%;"">Level 1</td> <td style=""width: 19.9938%;"">Level 2</td> <td style=""width: 19.9938%;"">Level 3</td> <td style=""width: 20.3062%;"">Level 4</td> <td style=""width: 19.6813%;"">Level 5</td> </tr> <tr> <td style=""width: 19.9938%;""> <div class=""page"" title=""Page 8""> <div class=""section""> <div class=""layoutArea""> <div class=""column""> <p><span style=""font-weight: normal;"">Identifies opportunities to</span><br role=""presentation"" /><span style=""font-weight: normal;"">maintain and promote health</span></p> </div> </div> </div> </div> </td> <td style=""width: 19.9938%;""> <div class=""page"" title=""Page 8""> <div class=""section""> <div class=""layoutArea""> <div class=""column""><span style=""font-weight: normal;"">Develops and implements</span><br role=""presentation"" /><span style=""font-weight: normal;"">management plans to maintain and promote</span><br role=""presentation"" /><span style=""font-weight: normal;"">health</span></div> </div> </div> </div> </td> <td style=""width: 19.9938%;""> <div class=""page"" title=""Page 8""> <div class=""section""> <div class=""layoutArea""> <div class=""column""> <p><span style=""font-weight: normal;"">Develops and implements</span><br role=""presentation"" /><span style=""font-weight: normal;"">plans to maintain and promote health, incorporating pertinent</span><br role=""presentation"" /><span style=""font-weight: normal;"">psychosocial and other</span><br role=""presentation"" /><span style=""font-weight: normal;"">determinants of health</span></p> </div> </div> </div> </div> </td> <td style=""width: 20.3062%;""> <div class=""page"" title=""Page 8""> <div class=""section""> <div class=""layoutArea""> <div class=""column""> <p><span style=""font-weight: normal;"">Develops and</span><br role=""presentation"" /><span style=""font-weight: normal;"">implements value-</span><br role=""presentation"" /><span style=""font-weight: normal;"">based (high-value)</span><br role=""presentation"" /><span style=""font-weight: normal;"">comprehensive plans to</span><br role=""presentation"" /><span style=""font-weight: normal;"">maintain and promote</span><br role=""presentation"" /><span style=""font-weight: normal;"">health</span></p> </div> </div> </div> </div> </td> <td style=""width: 19.6813%;""> <div class=""page"" title=""Page 8""> <div class=""section""> <div class=""layoutArea""> <div class=""column""> </div> </div> </div> </div> </td> </tr> <tr> <td style=""width: 19.9938%;""> <div class=""page"" title=""Page 8""> <div class=""section""> <div class=""layoutArea""> <div class=""column""> <p><span style=""font-weight: normal;"">Formulates management</span><br role=""presentation"" /><span style=""font-weight: normal;"">plans for a common</span><br role=""presentation"" /><span style=""font-weight: normal;"">chronic condition, with</span><br role=""presentation"" /><span style=""font-weight: normal;"">guidance</span></p> </div> </div> </div> </div> </td> <td style=""width: 19.9938%;""> <div class=""page"" title=""Page 8""> <div class=""section""> <div class=""layoutArea""> <div class=""column""> <p><span style=""font-weight: normal;"">Develops and implements</span><br role=""presentation"" /><span style=""font-weight: normal;"">management plans for</span><br role=""presentation"" /><span style=""font-weight: normal;"">common chronic</span><br role=""presentation"" /><span style=""font-weight: normal;"">conditions</span></p> </div> </div> </div> </div> </td> <td style=""width: 19.9938%;""> <div class=""page"" title=""Page 8""> <div class=""section""> <div class=""layoutArea""> <div class=""column""> <p><span style=""font-weight: normal;"">Develops and implements</span><br role=""presentation"" /><span style=""font-weight: normal;"">management plans for</span><br role=""presentation"" /><span style=""font-weight: normal;"">multiple chronic</span><br role=""presentation"" /><span style=""font-weight: normal;"">conditions</span></p> </div> </div> </div> </div> </td> <td style=""width: 20.3062%;""> <div class=""page"" title=""Page 8""> <div class=""section""> <div class=""layoutArea""> <div class=""column""> <p><span style=""font-weight: normal;"">Develops and<br role=""presentation"" />implements value-<br role=""presentation"" />based (high value)<br role=""presentation"" />comprehensive<br role=""presentation"" />management plans for multiple chronic<br role=""presentation"" />conditions,<br role=""presentation"" />incorporating pertinent<br role=""presentation"" />psychosocial and other determinants of health</span></p> <div class=""page"" title=""Page 8""> <div class=""section""> <div class=""layoutArea""> <div class=""column""> <p><span style=""font-weight: normal;""> </span></p> </div> </div> </div> </div> </div> </div> </div> </div> </td> <td style=""width: 19.6813%;""><span style=""font-weight: normal;"">Creates and leads a comprehensive patient- centered management</span><br role=""presentation"" /><span style=""font-weight: normal;"">plan for the patient with</span><br role=""presentation"" /><span style=""font-weight: normal;"">highly complex chronic</span><br role=""presentation"" /><span style=""font-weight: normal;"">conditions, integrating</span><br role=""presentation"" /><span style=""font-weight: normal;"">recommendations from multiple disciplines</span></td> </tr> <tr> <td style=""width: 19.9938%;""> <div class=""page"" title=""Page 8""> <div class=""section""> <div class=""layoutArea""> <div class=""column""> <p><span style=""font-weight: normal;"">Formulates management<br role=""presentation"" />plans for acute common<br role=""presentation"" />conditions, with guidance</span></p> </div> </div> </div> </div> </td> <td style=""width: 19.9938%;""> <div class=""page"" title=""Page 8""> <div class=""section""> <div class=""layoutArea""> <div class=""column""> <p><span style=""font-weight: normal;"">Develops and implements<br role=""presentation"" />management plans for common acute conditions</span></p> </div> </div> </div> </div> </td> <td style=""width: 19.9938%;""> <div class=""page"" title=""Page 8""> <div class=""section""> <div class=""layoutArea""> <div class=""column""> <p><span style=""font-weight: normal;"">Develops and implements<br role=""presentation"" />an initial management<br role=""presentation"" />plan for patients with urgent or emergent<br role=""presentation"" />conditions in the setting of<br role=""presentation"" />chronic comorbidities</span></p> </div> </div> </div> </div> </td> <td style=""width: 20.3062%;""> <div class=""page"" title=""Page 8""> <div class=""section""> <div class=""layoutArea""> <div class=""column""> <p><span style=""font-weight: normal;"">Develops and<br role=""presentation"" />implements value-<br role=""presentation"" />based (high value)<br role=""presentation"" />management plans for patients with acute conditions</span></p> </div> </div> </div> </div> </td> <td style=""width: 19.6813%;""><span style=""font-weight: normal;"">Develops and implements</span><br role=""presentation"" /><span style=""font-weight: normal;"">management plans for</span><br role=""presentation"" /><span style=""font-weight: normal;"">patients with subtle</span><br role=""presentation"" /><span style=""font-weight: normal;"">presentations, including</span><br role=""presentation"" /><span style=""font-weight: normal;"">rare or ambiguous</span><br role=""presentation"" /><span style=""font-weight: normal;"">conditions</span></td> </tr> </tbody> </table> <p>A zero (""0"") indicates not yet completed level 1</p></div>","0 | 5 | 9",NA,"number",NA,9,NA,NA,NA,"LH",NA,NA,NA,NA
"244","rep_pc5_self_desc","milestone_selfevaluation_c33c",NA,"notes","Please describe how you model or coach others in outpatient  care",NA,NA,NA,NA,NA,NA,NA,NA,NA,NA,NA,NA,NA
"245","rep_pc6_self","milestone_selfevaluation_c33c",NA,"slider","<div class=""rich-text-field-label""><p>Patient Care 6: Digital Health</p> <p> </p> <table style=""border-collapse: collapse; width: 92.927864%;"" border=""1""> <tbody> <tr> <td style=""width: 19.969512%;"">Level 1</td> <td style=""width: 19.969512%;"">Level 2</td> <td style=""width: 19.969512%;"">Level 3</td> <td style=""width: 20.27439%;"">Level 4</td> <td style=""width: 19.817073%;"">Level 5</td> </tr> <tr> <td style=""width: 19.969512%;""> <div class=""page"" title=""Page 8""> <div class=""section""> <div class=""layoutArea""> <div class=""column""> <p><span style=""font-weight: normal;"">Uses electronic health</span><br role=""presentation"" /><span style=""font-weight: normal;"">record (EHR) for routine</span><br role=""presentation"" /><span style=""font-weight: normal;"">patient care activities</span></p> </div> </div> </div> </div> </td> <td style=""width: 19.969512%;""> <div class=""page"" title=""Page 8""> <div class=""section""> <div class=""layoutArea""> <div class=""column""> <p><span style=""font-weight: normal;"">Expands use of EHR to</span><br role=""presentation"" /><span style=""font-weight: normal;"">include and reconcile</span><br role=""presentation"" /><span style=""font-weight: normal;"">secondary data sources</span><br role=""presentation"" /><span style=""font-weight: normal;"">in patient care activities</span></p> </div> </div> </div> </div> </td> <td style=""width: 19.969512%;""> <div class=""page"" title=""Page 8""> <div class=""section""> <div class=""layoutArea""> <div class=""column""><span style=""font-weight: normal;"">Effectively uses EHR</span><br role=""presentation"" /><span style=""font-weight: normal;"">capabilities in managing</span><br role=""presentation"" /><span style=""font-weight: normal;"">acute and chronic care of</span><br role=""presentation"" /><span style=""font-weight: normal;"">patients</span></div> </div> </div> </div> </td> <td style=""width: 20.27439%;""> <div class=""page"" title=""Page 8""> <div class=""section""> <div class=""layoutArea""> <div class=""column""> <p><span style=""font-weight: normal;"">Uses EHR to facilitate</span><br role=""presentation"" /><span style=""font-weight: normal;"">achievement of quality</span><br role=""presentation"" /><span style=""font-weight: normal;"">targets for patient panels</span></p> </div> </div> </div> </div> </td> <td style=""width: 19.817073%;""> <div class=""page"" title=""Page 8""> <div class=""section""> <div class=""layoutArea""> <div class=""column""> <p><span style=""font-weight: normal;"">Leads improvements to</span><br role=""presentation"" /><span style=""font-weight: normal;"">the EHR</span></p> </div> </div> </div> </div> </td> </tr> <tr> <td style=""width: 19.969512%;""> <div class=""page"" title=""Page 8""> <div class=""section""> <div class=""layoutArea""> <div class=""column""> <p><span style=""font-weight: normal;"">Identifies the required</span><br role=""presentation"" /><span style=""font-weight: normal;"">components for a</span><br role=""presentation"" /><span style=""font-weight: normal;"">telehealth visit</span></p> </div> </div> </div> </div> </td> <td style=""width: 19.969512%;""> <div class=""page"" title=""Page 8""> <div class=""section""> <div class=""layoutArea""> <div class=""column""><span style=""font-weight: normal;"">Performs assigned</span><br role=""presentation"" /><span style=""font-weight: normal;"">telehealth visits using</span><br role=""presentation"" /><span style=""font-weight: normal;"">approved technology</span></div> </div> </div> </div> </td> <td style=""width: 19.969512%;""> <div class=""page"" title=""Page 8""> <div class=""section""> <div class=""layoutArea""> <div class=""column""> <p><span style=""font-weight: normal;"">Identifies clinical</span><br role=""presentation"" /><span style=""font-weight: normal;"">situations that can be</span><br role=""presentation"" /><span style=""font-weight: normal;"">managed through a</span><br role=""presentation"" /><span style=""font-weight: normal;"">telehealth visi</span></p> </div> </div> </div> </div> </td> <td style=""width: 20.27439%;""> <div class=""page"" title=""Page 8""> <div class=""section""> <div class=""layoutArea""> <div class=""column""> <p><span style=""font-weight: normal;"">Integrates telehealth<br role=""presentation"" />effectively into clinical<br role=""presentation"" />practice for the<br role=""presentation"" />management of acute<br role=""presentation"" />and chronic illness</span></p> <div class=""page"" title=""Page 8""> <div class=""section""> <div class=""layoutArea""> <div class=""column""> <p><span style=""font-weight: normal;""> </span></p> </div> </div> </div> </div> </div> </div> </div> </div> </td> <td style=""width: 19.817073%;""><span style=""font-weight: normal;"">Develops and innovates</span><br role=""presentation"" /><span style=""font-weight: normal;"">new ways to use</span><br role=""presentation"" /><span style=""font-weight: normal;"">emerging technologies to</span><br role=""presentation"" /><span style=""font-weight: normal;"">augment telehealth visits</span></td> </tr> </tbody> </table> <p>A zero (""0"") indicates not yet completed level 1</p></div>","0 | 5 | 9",NA,"number",NA,9,NA,NA,NA,"LH",NA,NA,NA,NA
"246","rep_pc6_self_desc","milestone_selfevaluation_c33c",NA,"notes","Please describe how you have developed new ways to use emerging technologies for telehealth",NA,NA,NA,NA,NA,NA,NA,NA,NA,NA,NA,NA,NA
"247","rep_mk1_self","milestone_selfevaluation_c33c","Medical Knowledge","slider","<div class=""rich-text-field-label""><p>Medical Knowledge 1: Applied Foundational Sciences</p> <p> </p> <table style=""border-collapse: collapse; width: 92.927864%;"" border=""1""> <tbody> <tr> <td style=""width: 19.969512%;"">Level 1</td> <td style=""width: 19.969512%;"">Level 2</td> <td style=""width: 19.969512%;"">Level 3</td> <td style=""width: 20.27439%;"">Level 4</td> <td style=""width: 19.817073%;"">Level 5</td> </tr> <tr> <td style=""width: 19.969512%;""> <div class=""page"" title=""Page 8""> <div class=""section""> <div class=""layoutArea""> <div class=""column""> <p><span style=""font-weight: normal;"">Explains the scientific</span><br role=""presentation"" /><span style=""font-weight: normal;"">knowledge (e.g.,</span><br role=""presentation"" /><span style=""font-weight: normal;"">physiology, social</span><br role=""presentation"" /><span style=""font-weight: normal;"">sciences, mechanism of</span><br role=""presentation"" /><span style=""font-weight: normal;"">disease) for normal</span><br role=""presentation"" /><span style=""font-weight: normal;"">function and common</span><br role=""presentation"" /><span style=""font-weight: normal;"">medical conditions</span></p> </div> </div> </div> </div> </td> <td style=""width: 19.969512%;""> <div class=""page"" title=""Page 8""> <div class=""section""> <div class=""layoutArea""> <div class=""column""> <p><span style=""font-weight: normal;"">Explains the scientific</span><br role=""presentation"" /><span style=""font-weight: normal;"">knowledge for complex</span><br role=""presentation"" /><span style=""font-weight: normal;"">medical conditions</span></p> </div> </div> </div> </div> </td> <td style=""width: 19.969512%;""> <div class=""page"" title=""Page 8""> <div class=""section""> <div class=""layoutArea""> <div class=""column""><span style=""font-weight: normal;"">Integrates scientific</span><br role=""presentation"" /><span style=""font-weight: normal;"">knowledge to address</span><br role=""presentation"" /><span style=""font-weight: normal;"">comorbid conditions</span><br role=""presentation"" /><span style=""font-weight: normal;"">within the context of</span><br role=""presentation"" /><span style=""font-weight: normal;"">multisystem disease</span></div> </div> </div> </div> </td> <td style=""width: 20.27439%;""> <div class=""page"" title=""Page 8""> <div class=""section""> <div class=""layoutArea""> <div class=""column""> <p><span style=""font-weight: normal;"">Integrates scientific</span><br role=""presentation"" /><span style=""font-weight: normal;"">knowledge to address</span><br role=""presentation"" /><span style=""font-weight: normal;"">uncommon, atypical, or</span><br role=""presentation"" /><span style=""font-weight: normal;"">complex comorbid</span><br role=""presentation"" /><span style=""font-weight: normal;"">conditions within the</span><br role=""presentation"" /><span style=""font-weight: normal;"">context of multisystem</span><br role=""presentation"" /><span style=""font-weight: normal;"">disease</span></p> </div> </div> </div> </div> </td> <td style=""width: 19.817073%;""> <div class=""page"" title=""Page 8""> <div class=""section""> <div class=""layoutArea""> <div class=""column""> <p><span style=""font-weight: normal;"">Demonstrates a nuanced</span><br role=""presentation"" /><span style=""font-weight: normal;"">understanding of the</span><br role=""presentation"" /><span style=""font-weight: normal;"">scientific knowledge</span><br role=""presentation"" /><span style=""font-weight: normal;"">related to uncommon,</span><br role=""presentation"" /><span style=""font-weight: normal;"">atypical, or complex</span><br role=""presentation"" /><span style=""font-weight: normal;"">conditions</span></p> </div> </div> </div> </div> </td> </tr> </tbody> </table> <p>A zero (""0"") indicates not yet completed level 1</p></div>","0 | 5 | 9",NA,"number",NA,9,NA,NA,NA,"LH",NA,NA,NA,NA
"248","rep_mk1_self_desc","milestone_selfevaluation_c33c",NA,"notes","Describe how you meet this milestone level?",NA,NA,NA,NA,NA,NA,NA,NA,NA,NA,NA,NA,NA
"249","rep_mk2_self","milestone_selfevaluation_c33c",NA,"slider","<div class=""rich-text-field-label""><p>Medical Knowledge 2: Therapeutic Knowledge</p> <p> </p> <table style=""border-collapse: collapse; width: 92.927864%;"" border=""1""> <tbody> <tr> <td style=""width: 19.8376%;"">Level 1</td> <td style=""width: 20.15%;"">Level 2</td> <td style=""width: 19.9938%;"">Level 3</td> <td style=""width: 20.15%;"">Level 4</td> <td style=""width: 19.8376%;"">Level 5</td> </tr> <tr> <td style=""width: 19.8376%;""> <div class=""page"" title=""Page 8""> <div class=""section""> <div class=""layoutArea""> <div class=""column""> <p><span style=""font-weight: normal;"">Explains the scientific</span><br role=""presentation"" /><span style=""font-weight: normal;"">basis for common</span><br role=""presentation"" /><span style=""font-weight: normal;"">therapies</span></p> </div> </div> </div> </div> </td> <td style=""width: 20.15%;""> <div class=""page"" title=""Page 8""> <div class=""section""> <div class=""layoutArea""> <div class=""column""> <p><span style=""font-weight: normal;"">Explains the indications,</span><br role=""presentation"" /><span style=""font-weight: normal;"">contraindications, risks, and benefits of common</span><br role=""presentation"" /><span style=""font-weight: normal;"">therapies</span></p> </div> </div> </div> </div> </td> <td style=""width: 19.9938%;""> <div class=""page"" title=""Page 8""> <div class=""section""> <div class=""layoutArea""> <div class=""column""><span style=""font-weight: normal;"">Integrates knowledge of</span><br role=""presentation"" /><span style=""font-weight: normal;"">therapeutic options in</span><br role=""presentation"" /><span style=""font-weight: normal;"">patients with comorbid</span><br role=""presentation"" /><span style=""font-weight: normal;"">conditions, multisystem</span><br role=""presentation"" /><span style=""font-weight: normal;"">disease, or uncertain</span><br role=""presentation"" /><span style=""font-weight: normal;"">diagnosis</span></div> </div> </div> </div> </td> <td style=""width: 20.15%;""> <div class=""page"" title=""Page 8""> <div class=""section""> <div class=""layoutArea""> <div class=""column""> <p><span style=""font-weight: normal;"">Integrates knowledge of</span><br role=""presentation"" /><span style=""font-weight: normal;"">therapeutic options within the clinical and psychosocial context of</span><br role=""presentation"" /><span style=""font-weight: normal;"">the patient to formulate</span><br role=""presentation"" /><span style=""font-weight: normal;"">treatment options</span></p> </div> </div> </div> </div> </td> <td style=""width: 19.8376%;""> <div class=""page"" title=""Page 8""> <div class=""section""> <div class=""layoutArea""> <div class=""column""> <p><span style=""font-weight: normal;"">Demonstrates a nuanced</span><br role=""presentation"" /><span style=""font-weight: normal;"">understanding of</span><br role=""presentation"" /><span style=""font-weight: normal;"">emerging, atypical, or</span><br role=""presentation"" /><span style=""font-weight: normal;"">complex therapeutic</span><br role=""presentation"" /><span style=""font-weight: normal;"">options</span></p> </div> </div> </div> </div> </td> </tr> </tbody> </table> <p>A zero (""0"") indicates not yet completed level 1</p></div>","0 | 5 | 9",NA,"number",NA,9,NA,NA,NA,"LH",NA,NA,NA,NA
"250","rep_mk2_self_desc","milestone_selfevaluation_c33c",NA,"notes","Describe how you meet this milestone level?",NA,NA,NA,NA,NA,NA,NA,NA,NA,NA,NA,NA,NA
"251","rep_mk3_self","milestone_selfevaluation_c33c",NA,"slider","<div class=""rich-text-field-label""><p>Medical Knowledge 3: Knowledge of Diagnostic Testing</p> <p> </p> <table style=""border-collapse: collapse; width: 92.927864%;"" border=""1""> <tbody> <tr> <td style=""width: 19.8376%;"">Level 1</td> <td style=""width: 20.15%;"">Level 2</td> <td style=""width: 19.9938%;"">Level 3</td> <td style=""width: 20.15%;"">Level 4</td> <td style=""width: 19.8376%;"">Level 5</td> </tr> <tr> <td style=""width: 19.8376%;""> <div class=""page"" title=""Page 8""> <div class=""section""> <div class=""layoutArea""> <div class=""column""> <p><span style=""font-weight: normal;"">Explains the rationale, risks, and benefits for</span><br role=""presentation"" /><span style=""font-weight: normal;"">common diagnostic</span><br role=""presentation"" /><span style=""font-weight: normal;"">testing</span></p> </div> </div> </div> </div> </td> <td style=""width: 20.15%;""> <div class=""page"" title=""Page 8""> <div class=""section""> <div class=""layoutArea""> <div class=""column""> <p><span style=""font-weight: normal;"">Explains the rationale, risks, and benefits for</span><br role=""presentation"" /><span style=""font-weight: normal;"">complex diagnostic</span><br role=""presentation"" /><span style=""font-weight: normal;"">testing</span></p> </div> </div> </div> </div> </td> <td style=""width: 19.9938%;""> <div class=""page"" title=""Page 8""> <div class=""section""> <div class=""layoutArea""> <div class=""column""><span style=""font-weight: normal;"">Integrates value and test</span><br role=""presentation"" /><span style=""font-weight: normal;"">characteristics of various</span><br role=""presentation"" /><span style=""font-weight: normal;"">diagnostic strategies in</span><br role=""presentation"" /><span style=""font-weight: normal;"">patients with common</span><br role=""presentation"" /><span style=""font-weight: normal;"">diseases</span></div> </div> </div> </div> </td> <td style=""width: 20.15%;""> <div class=""page"" title=""Page 8""> <div class=""section""> <div class=""layoutArea""> <div class=""column""> <p><span style=""font-weight: normal;"">Integrates value and test characteristics of</span><br role=""presentation"" /><span style=""font-weight: normal;"">various diagnostic</span><br role=""presentation"" /><span style=""font-weight: normal;"">strategies in patients</span><br role=""presentation"" /><span style=""font-weight: normal;"">with comorbid</span><br role=""presentation"" /><span style=""font-weight: normal;"">conditions or</span><br role=""presentation"" /><span style=""font-weight: normal;"">multisystem disease</span></p> </div> </div> </div> </div> </td> <td style=""width: 19.8376%;""> <div class=""page"" title=""Page 8""> <div class=""section""> <div class=""layoutArea""> <div class=""column""> <p><span style=""font-weight: normal;"">Demonstrates a nuanced</span><br role=""presentation"" /><span style=""font-weight: normal;"">understanding of</span><br role=""presentation"" /><span style=""font-weight: normal;"">emerging diagnostic tests</span><br role=""presentation"" /><span style=""font-weight: normal;"">and procedures</span></p> </div> </div> </div> </div> </td> </tr> <tr> <td style=""width: 19.8376%;""> <div class=""page"" title=""Page 8""> <div class=""section""> <div class=""layoutArea""> <div class=""column""> <p><span style=""font-weight: normal;"">Interprets results of common diagnostic tests</span></p> </div> </div> </div> </div> </td> <td style=""width: 20.15%;""> <div class=""page"" title=""Page 8""> <div class=""section""> <div class=""layoutArea""> <div class=""column""> <p><span style=""font-weight: normal;"">Interprets complex</span><br role=""presentation"" /><span style=""font-weight: normal;"">diagnostic data</span></p> </div> </div> </div> </div> </td> <td style=""width: 19.9938%;""> <div class=""page"" title=""Page 8""> <div class=""section""> <div class=""layoutArea""> <div class=""column""><span style=""font-weight: normal;"">Integrates complex</span><br role=""presentation"" /><span style=""font-weight: normal;"">diagnostic data accurately to reach high-probability</span><br role=""presentation"" /><span style=""font-weight: normal;"">diagnose</span></div> </div> </div> </div> </td> <td style=""width: 20.15%;""> <div class=""page"" title=""Page 8""> <div class=""section""> <div class=""layoutArea""> <div class=""column""> <p><span style=""font-weight: normal;"">Anticipates and</span><br role=""presentation"" /><span style=""font-weight: normal;"">accounts for limitations</span><br role=""presentation"" /><span style=""font-weight: normal;"">when interpreting</span><br role=""presentation"" /><span style=""font-weight: normal;"">diagnostic data</span></p> </div> </div> </div> </div> </td> <td style=""width: 19.8376%;""> <div class=""page"" title=""Page 8""> <div class=""section""> <div class=""layoutArea""> <div class=""column""> <p> </p> </div> </div> </div> </div> </td> </tr> </tbody> </table> <p>A zero (""0"") indicates not yet completed level 1</p></div>","0 | 5 | 9",NA,"number",NA,9,NA,NA,NA,"LH",NA,NA,NA,NA
"252","rep_mk3_self_desc","milestone_selfevaluation_c33c",NA,"notes","Describe how you meet this milestone level?",NA,NA,NA,NA,NA,NA,NA,NA,NA,NA,NA,NA,NA
"253","rep_sbp1_self","milestone_selfevaluation_c33c","Systems-Based Practice","slider","<div class=""rich-text-field-label""><p>Systems-based Practice 1: Patient Safety and Quality Improvement</p> <p> </p> <table style=""border-collapse: collapse; width: 92.927864%;"" border=""1""> <tbody> <tr> <td style=""width: 19.8376%;"">Level 1</td> <td style=""width: 20.15%;"">Level 2</td> <td style=""width: 19.9938%;"">Level 3</td> <td style=""width: 20.15%;"">Level 4</td> <td style=""width: 19.8376%;"">Level 5</td> </tr> <tr> <td style=""width: 19.8376%;""> <div class=""page"" title=""Page 8""> <div class=""section""> <div class=""layoutArea""> <div class=""column""> <p><span style=""font-weight: normal;"">Demonstrates</span><br role=""presentation"" /><span style=""font-weight: normal;"">knowledge of common</span><br role=""presentation"" /><span style=""font-weight: normal;"">patient safety events</span></p> </div> </div> </div> </div> </td> <td style=""width: 20.15%;""> <div class=""page"" title=""Page 8""> <div class=""section""> <div class=""layoutArea""> <div class=""column""> <p><span style=""font-weight: normal;"">Identifies system factors that lead to patient safety</span><br role=""presentation"" /><span style=""font-weight: normal;"">events</span></p> </div> </div> </div> </div> </td> <td style=""width: 19.9938%;""> <div class=""page"" title=""Page 8""> <div class=""section""> <div class=""layoutArea""> <div class=""column""><span style=""font-weight: normal;"">Contributes to the analysis of patient safety</span><br role=""presentation"" /><span style=""font-weight: normal;"">events (simulated or actual)</span></div> </div> </div> </div> </td> <td style=""width: 20.15%;""> <div class=""page"" title=""Page 8""> <div class=""section""> <div class=""layoutArea""> <div class=""column""> <p><span style=""font-weight: normal;"">Conducts analysis of</span><br role=""presentation"" /><span style=""font-weight: normal;"">patient safety events</span><br role=""presentation"" /><span style=""font-weight: normal;"">and offers error</span><br role=""presentation"" /><span style=""font-weight: normal;"">prevention strategies</span><br role=""presentation"" /><span style=""font-weight: normal;"">(simulated or actual)</span></p> </div> </div> </div> </div> </td> <td style=""width: 19.8376%;""> <div class=""page"" title=""Page 8""> <div class=""section""> <div class=""layoutArea""> <div class=""column""> <p><span style=""font-weight: normal;"">Leads teams and</span><br role=""presentation"" /><span style=""font-weight: normal;"">processes to modify</span><br role=""presentation"" /><span style=""font-weight: normal;"">systems to prevent</span><br role=""presentation"" /><span style=""font-weight: normal;"">patient safety events</span></p> </div> </div> </div> </div> </td> </tr> <tr> <td style=""width: 19.8376%;""> <div class=""page"" title=""Page 8""> <div class=""section""> <div class=""layoutArea""> <div class=""column""> <p><span style=""font-weight: normal;"">Demonstrates</span><br role=""presentation"" /><span style=""font-weight: normal;"">knowledge of how to</span><br role=""presentation"" /><span style=""font-weight: normal;"">report patient safety</span><br role=""presentation"" /><span style=""font-weight: normal;"">events</span></p> </div> </div> </div> </div> </td> <td style=""width: 20.15%;""> <div class=""page"" title=""Page 8""> <div class=""section""> <div class=""layoutArea""> <div class=""column""> <p><span style=""font-weight: normal;"">Reports patient safety</span><br role=""presentation"" /><span style=""font-weight: normal;"">events through</span><br role=""presentation"" /><span style=""font-weight: normal;"">institutional reporting</span><br role=""presentation"" /><span style=""font-weight: normal;"">systems (actual or</span><br role=""presentation"" /><span style=""font-weight: normal;"">simulated)</span></p> </div> </div> </div> </div> </td> <td style=""width: 19.9938%;""> <div class=""page"" title=""Page 8""> <div class=""section""> <div class=""layoutArea""> <div class=""column""><span style=""font-weight: normal;"">Participates in disclosure of patient safety events to</span><br role=""presentation"" /><span style=""font-weight: normal;"">patients and families</span><br role=""presentation"" /><span style=""font-weight: normal;"">(simulated or actual)</span></div> </div> </div> </div> </td> <td style=""width: 20.15%;""> <div class=""page"" title=""Page 8""> <div class=""section""> <div class=""layoutArea""> <div class=""column""> <p><span style=""font-weight: normal;"">Discloses patient safety events to patients and families (simulated or</span><br role=""presentation"" /><span style=""font-weight: normal;"">actual)</span></p> </div> </div> </div> </div> </td> <td style=""width: 19.8376%;""> <div class=""page"" title=""Page 8""> <div class=""section""> <div class=""layoutArea""> <div class=""column""> <p><span style=""font-weight: normal;"">Models the disclosure of</span><br role=""presentation"" /><span style=""font-weight: normal;"">patient safety events</span></p> </div> </div> </div> </div> </td> </tr> <tr> <td style=""width: 19.8376%;""> <div class=""page"" title=""Page 8""> <div class=""section""> <div class=""layoutArea""> <div class=""column""> <p><span style=""font-weight: normal;"">Demonstrates<br role=""presentation"" />knowledge of basic<br role=""presentation"" />quality improvement<br role=""presentation"" />methodologies and<br role=""presentation"" />metrics</span></p> </div> </div> </div> </div> </td> <td style=""width: 20.15%;""> <div class=""page"" title=""Page 8""> <div class=""section""> <div class=""layoutArea""> <div class=""column""> <p><span style=""font-weight: normal;"">Describes local quality<br role=""presentation"" />improvement initiatives<br role=""presentation"" />(e.g., community<br role=""presentation"" />vaccination rate, infection<br role=""presentation"" />rate, smoking cessation)</span></p> </div> </div> </div> </div> </td> <td style=""width: 19.9938%;""><span style=""font-weight: normal;"">Contributes to local quality improvement</span><br role=""presentation"" /><span style=""font-weight: normal;"">initiatives</span></td> <td style=""width: 20.15%;""> <div class=""page"" title=""Page 8""> <div class=""section""> <div class=""layoutArea""> <div class=""column""> <p><span style=""font-weight: normal;"">Demonstrates the skills<br role=""presentation"" />required to identify,<br role=""presentation"" />develop, implement,<br role=""presentation"" />and analyze a quality<br role=""presentation"" />improvement project</span></p> </div> </div> </div> </div> </td> <td style=""width: 19.8376%;""> <div class=""page"" title=""Page 8""> <div class=""section""> <div class=""layoutArea""> <div class=""column""> <p><span style=""font-weight: normal;"">Creates, implements, and</span><br role=""presentation"" /><span style=""font-weight: normal;"">assesses sustainable</span><br role=""presentation"" /><span style=""font-weight: normal;"">quality improvement</span><br role=""presentation"" /><span style=""font-weight: normal;"">initiatives at the</span><br role=""presentation"" /><span style=""font-weight: normal;"">institutional or community</span><br role=""presentation"" /><span style=""font-weight: normal;"">level</span></p> </div> </div> </div> </div> </td> </tr> </tbody> </table> <p>A zero (""0"") indicates not yet completed level 1</p></div>","0 | 5 | 9",NA,"number",NA,9,NA,NA,NA,"LH",NA,NA,NA,NA
"254","rep_sbp1_self_desc1","milestone_selfevaluation_c33c",NA,"notes","Please describe your quality improvement project or conducted a patient safety event",NA,NA,NA,NA,NA,NA,NA,NA,NA,NA,NA,NA,NA
"255","rep_sbp2_self","milestone_selfevaluation_c33c",NA,"slider","<div class=""rich-text-field-label""><p>Systems-based Practice 2: System Navigation for Patient-Centered Care</p> <p> </p> <table style=""border-collapse: collapse; width: 92.927864%;"" border=""1""> <tbody> <tr> <td style=""width: 19.8376%;"">Level 1</td> <td style=""width: 20.15%;"">Level 2</td> <td style=""width: 19.9938%;"">Level 3</td> <td style=""width: 20.15%;"">Level 4</td> <td style=""width: 19.8376%;"">Level 5</td> </tr> <tr> <td style=""width: 19.8376%;""> <div class=""page"" title=""Page 8""> <div class=""section""> <div class=""layoutArea""> <div class=""column""> <div class=""page"" title=""Page 18""> <div class=""section""> <div class=""layoutArea""> <div class=""column""> <p><span style=""font-weight: normal;"">Demonstrates knowledge of care coordination</span></p> </div> </div> </div> </div> </div> </div> </div> </div> </td> <td style=""width: 20.15%;""> <div class=""page"" title=""Page 8""> <div class=""section""> <div class=""layoutArea""> <div class=""column""> <div class=""page"" title=""Page 18""> <div class=""section""> <div class=""layoutArea""> <div class=""column""> <p><span style=""font-weight: normal;"">Coordinates care of patients by effectively engaging interprofessional teams in routine clinical situations</span></p> </div> </div> </div> </div> </div> </div> </div> </div> </td> <td style=""width: 19.9938%;""> <div class=""page"" title=""Page 8""> <div class=""section""> <div class=""layoutArea""> <div class=""column""> <div class=""page"" title=""Page 18""> <div class=""section""> <div class=""layoutArea""> <div class=""column""> <p><span style=""font-weight: normal;"">Coordinates care of patients by effectively engaging interprofessional teams in complex clinical situations</span></p> </div> </div> </div> </div> </div> </div> </div> </div> </td> <td style=""width: 20.15%;""> <div class=""page"" title=""Page 8""> <div class=""section""> <div class=""layoutArea""> <div class=""column""> <div class=""page"" title=""Page 18""> <div class=""section""> <div class=""layoutArea""> <div class=""column""> <p><span style=""font-weight: normal;"">Models effective coordination of patient- centered care among different disciplines and specialties</span></p> <p> </p> </div> </div> </div> </div> </div> </div> </div> </div> </td> <td style=""width: 19.8376%;""> <div class=""page"" title=""Page 8""> <div class=""section""> <div class=""layoutArea""> <div class=""column""> <div class=""page"" title=""Page 18""> <div class=""section""> <div class=""layoutArea""> <div class=""column""> <p><span style=""font-weight: normal;"">Analyzes the process of care coordination and leads in the design and implementation of improvements</span></p> <p> </p> </div> </div> </div> </div> </div> </div> </div> </div> </td> </tr> <tr> <td style=""width: 19.8376%;""> <div class=""page"" title=""Page 8""> <div class=""section""> <div class=""layoutArea""> <div class=""column""> <div class=""page"" title=""Page 18""> <div class=""section""> <div class=""layoutArea""> <div class=""column""> <p><span style=""font-weight: normal;"">Identifies key elements for safe and effective transitions of care and hand-offs</span></p> </div> </div> </div> </div> </div> </div> </div> </div> </td> <td style=""width: 20.15%;""> <div class=""page"" title=""Page 8""> <div class=""section""> <div class=""layoutArea""> <div class=""column""> <p><span style=""font-weight: normal;"">Performs safe and effective transitions of care/hand-offs in routine clinical situations</span></p> <p> </p> </div> </div> </div> </div> </td> <td style=""width: 19.9938%;""> <div class=""page"" title=""Page 8""> <div class=""section""> <div class=""layoutArea""> <div class=""column""> <p><span style=""font-weight: normal;"">Performs safe and effective transitions of care/hand-offs in complex clinical situations</span></p> <p> </p> </div> </div> </div> </div> </td> <td style=""width: 20.15%;""> <div class=""page"" title=""Page 8""> <div class=""section""> <div class=""layoutArea""> <div class=""column""> <p><span style=""font-weight: normal;"">Models and advocates for safe and effective transitions of care/hand- offs within and across health care delivery systems, including outpatient settings</span></p> </div> </div> </div> </div> </td> <td style=""width: 19.8376%;""> <div class=""page"" title=""Page 8""> <div class=""section""> <div class=""layoutArea""> <div class=""column""> <p><span style=""font-weight: normal;"">Improves quality of transitions of care within and across health care delivery systems to optimize patient outcomes</span></p> <p> </p> </div> </div> </div> </div> </td> </tr> <tr> <td style=""width: 19.8376%;""> <div class=""page"" title=""Page 8""> <div class=""section""> <div class=""layoutArea""> <div class=""column""> <div class=""page"" title=""Page 18""> <div class=""section""> <div class=""layoutArea""> <div class=""column""> <p><span style=""font-weight: normal;"">Demonstrates knowledge of population and community health needs and disparities</span></p> </div> </div> </div> </div> </div> </div> </div> </div> </td> <td style=""width: 20.15%;""> <div class=""page"" title=""Page 8""> <div class=""section""> <div class=""layoutArea""> <div class=""column""> <p><span style=""font-weight: normal;"">Identifies specific population and community health needs and inequities for the local population</span></p> </div> </div> </div> </div> </td> <td style=""width: 19.9938%;""><span style=""font-weight: normal;"">Uses local resources effectively to meet the needs of a patient population and community</span></td> <td style=""width: 20.15%;""> <div class=""page"" title=""Page 8""> <div class=""section""> <div class=""layoutArea""> <div class=""column""> <p><span style=""font-weight: normal;"">Participates in changing and adapting practice to provide for the needs of specific populations</span></p> </div> </div> </div> </div> </td> <td style=""width: 19.8376%;""> <div class=""page"" title=""Page 8""> <div class=""section""> <div class=""layoutArea""> <div class=""column""> <p><span style=""font-weight: normal;"">Leads innovations and advocates for populations and communities with health care inequities</span></p> </div> </div> </div> </div> </td> </tr> </tbody> </table> <p>A zero (""0"") indicates not yet completed level 1</p></div>","0 | 5 | 9",NA,"number",NA,9,NA,NA,NA,"LH",NA,NA,NA,NA
"256","rep_sbp2_self_desc","milestone_selfevaluation_c33c",NA,"notes","Please describe why you think you met this milestone",NA,NA,NA,NA,NA,NA,NA,NA,NA,NA,NA,NA,NA
"257","rep_sbp3_self","milestone_selfevaluation_c33c",NA,"slider","<div class=""rich-text-field-label""><p>Systems-based Practice 3: Physician Role in Health Care Systems</p> <p> </p> <table style=""border-collapse: collapse; width: 92.927864%;"" border=""1""> <tbody> <tr> <td style=""width: 19.8376%;"">Level 1</td> <td style=""width: 20.15%;"">Level 2</td> <td style=""width: 19.9938%;"">Level 3</td> <td style=""width: 20.15%;"">Level 4</td> <td style=""width: 19.8376%;"">Level 5</td> </tr> <tr> <td style=""width: 19.8376%;""> <div class=""page"" title=""Page 8""> <div class=""section""> <div class=""layoutArea""> <div class=""column""> <div class=""page"" title=""Page 18""> <div class=""section""> <div class=""layoutArea""> <div class=""column""> <div class=""page"" title=""Page 19""> <div class=""section""> <div class=""layoutArea""> <div class=""column""> <p><span style=""font-weight: normal;"">Identifies key components of the health care system</span></p> <p> </p> </div> </div> </div> </div> </div> </div> </div> </div> </div> </div> </div> </div> </td> <td style=""width: 20.15%;""> <div class=""page"" title=""Page 8""> <div class=""section""> <div class=""layoutArea""> <div class=""column""> <div class=""page"" title=""Page 18""> <div class=""section""> <div class=""layoutArea""> <div class=""column""> <div class=""page"" title=""Page 19""> <div class=""section""> <div class=""layoutArea""> <div class=""column""> <p><span style=""font-weight: normal;"">Describes how components of a complex health care system are interrelated, and how this impacts patient care</span></p> </div> </div> </div> </div> </div> </div> </div> </div> </div> </div> </div> </div> </td> <td style=""width: 19.9938%;""> <div class=""page"" title=""Page 8""> <div class=""section""> <div class=""layoutArea""> <div class=""column""> <div class=""page"" title=""Page 18""> <div class=""section""> <div class=""layoutArea""> <div class=""column""> <div class=""page"" title=""Page 19""> <div class=""section""> <div class=""layoutArea""> <div class=""column""> <p><span style=""font-weight: normal;"">Discusses how individual practice affects the regional and national health care system</span></p> </div> </div> </div> </div> </div> </div> </div> </div> </div> </div> </div> </div> </td> <td style=""width: 20.15%;""> <div class=""page"" title=""Page 8""> <div class=""section""> <div class=""layoutArea""> <div class=""column""> <div class=""page"" title=""Page 18""> <div class=""section""> <div class=""layoutArea""> <div class=""column""> <div class=""page"" title=""Page 19""> <div class=""section""> <div class=""layoutArea""> <div class=""column""> <p><span style=""font-weight: normal;"">Manages various components of the complex health care system to provide efficient and effective patient care</span></p> </div> </div> </div> </div> </div> </div> </div> </div> </div> </div> </div> </div> </td> <td style=""width: 19.8376%;""> <div class=""page"" title=""Page 8""> <div class=""section""> <div class=""layoutArea""> <div class=""column""> <div class=""page"" title=""Page 18""> <div class=""section""> <div class=""layoutArea""> <div class=""column""> <div class=""page"" title=""Page 19""> <div class=""section""> <div class=""layoutArea""> <div class=""column""> <p><span style=""font-weight: normal;"">Advocates for or leads systems change that enhances high-value, efficient, and effective patient care</span></p> </div> </div> </div> </div> </div> </div> </div> </div> </div> </div> </div> </div> </td> </tr> <tr> <td style=""width: 19.8376%;""> <div class=""page"" title=""Page 8""> <div class=""section""> <div class=""layoutArea""> <div class=""column""> <div class=""page"" title=""Page 18""> <div class=""section""> <div class=""layoutArea""> <div class=""column""> <p><span style=""font-weight: normal;"">Describes basic health payment systems</span></p> </div> </div> </div> </div> </div> </div> </div> </div> </td> <td style=""width: 20.15%;""> <div class=""page"" title=""Page 8""> <div class=""section""> <div class=""layoutArea""> <div class=""column""> <p><span style=""font-weight: normal;"">Delivers care with consideration of each patient's payment model</span></p> </div> </div> </div> </div> </td> <td style=""width: 19.9938%;""> <div class=""page"" title=""Page 8""> <div class=""section""> <div class=""layoutArea""> <div class=""column""> <p><span style=""font-weight: normal;"">Engages with patients in shared decision making, informed by each patient's payment models</span></p> </div> </div> </div> </div> </td> <td style=""width: 20.15%;""> <div class=""page"" title=""Page 8""> <div class=""section""> <div class=""layoutArea""> <div class=""column""> <p><span style=""font-weight: normal;"">Advocates for patient care needs with consideration of the limitations of each patient's payment model</span></p> </div> </div> </div> </div> </td> <td style=""width: 19.8376%;""> <div class=""page"" title=""Page 8""> <div class=""section""> <div class=""layoutArea""> <div class=""column""> <p><span style=""font-weight: normal;"">Actively engaged in influencing health policy through advocacy activities at the local, regional, or national level</span></p> </div> </div> </div> </div> </td> </tr> </tbody> </table> <p>A zero (""0"") indicates not yet completed level 1</p></div>","0 | 5 | 9",NA,"number",NA,9,NA,NA,NA,"LH",NA,NA,NA,NA
"258","rep_sbp3_self_desc","milestone_selfevaluation_c33c",NA,"notes","Please describe why you think you met this milestone",NA,NA,NA,NA,NA,NA,NA,NA,"RH",NA,NA,NA,NA
"259","rep_pbl1_self","milestone_selfevaluation_c33c","Practice-Based Learning and Improvement","slider","<div class=""rich-text-field-label""><p>Practice-Based Learning and Improvement 1: Evidence-Based and Informed Practice</p> <p> </p> <table style=""border-collapse: collapse; width: 92.927864%;"" border=""1""> <tbody> <tr> <td style=""width: 19.8376%;"">Level 1</td> <td style=""width: 20.15%;"">Level 2</td> <td style=""width: 19.9938%;"">Level 3</td> <td style=""width: 20.15%;"">Level 4</td> <td style=""width: 19.8376%;"">Level 5</td> </tr> <tr> <td style=""width: 19.8376%;""> <div class=""page"" title=""Page 8""> <div class=""section""> <div class=""layoutArea""> <div class=""column""> <div class=""page"" title=""Page 18""> <div class=""section""> <div class=""layoutArea""> <div class=""column""> <div class=""page"" title=""Page 19""> <div class=""section""> <div class=""layoutArea""> <div class=""column""> <p><span style=""font-weight: normal;"">Demonstrates how to access, categorize, and analyze clinical evidence, with guidance</span></p> <p> </p> </div> </div> </div> </div> </div> </div> </div> </div> </div> </div> </div> </div> </td> <td style=""width: 20.15%;""> <div class=""page"" title=""Page 8""> <div class=""section""> <div class=""layoutArea""> <div class=""column""> <div class=""page"" title=""Page 18""> <div class=""section""> <div class=""layoutArea""> <div class=""column""> <div class=""page"" title=""Page 19""> <div class=""section""> <div class=""layoutArea""> <div class=""column""> <p><span style=""font-weight: normal;"">Articulates clinical questions and elicits patient preferences and values to guide evidence- based care</span></p> </div> </div> </div> </div> </div> </div> </div> </div> </div> </div> </div> </div> </td> <td style=""width: 19.9938%;""> <div class=""page"" title=""Page 8""> <div class=""section""> <div class=""layoutArea""> <div class=""column""> <div class=""page"" title=""Page 18""> <div class=""section""> <div class=""layoutArea""> <div class=""column""> <div class=""page"" title=""Page 19""> <div class=""section""> <div class=""layoutArea""> <div class=""column""> <p><span style=""font-weight: normal;"">Critically appraises and applies the best available evidence, integrated with patient preference, to the care of complex patients</span></p> </div> </div> </div> </div> </div> </div> </div> </div> </div> </div> </div> </div> </td> <td style=""width: 20.15%;""> <div class=""page"" title=""Page 8""> <div class=""section""> <div class=""layoutArea""> <div class=""column""> <div class=""page"" title=""Page 18""> <div class=""section""> <div class=""layoutArea""> <div class=""column""> <div class=""page"" title=""Page 19""> <div class=""section""> <div class=""layoutArea""> <div class=""column""> <p><span style=""font-weight: normal;"">Applies evidence, even in the face of uncertainty and conflicting evidence, to guide care, tailored to the individual patient</span></p> </div> </div> </div> </div> </div> </div> </div> </div> </div> </div> </div> </div> </td> <td style=""width: 19.8376%;""> <div class=""page"" title=""Page 8""> <div class=""section""> <div class=""layoutArea""> <div class=""column""> <div class=""page"" title=""Page 18""> <div class=""section""> <div class=""layoutArea""> <div class=""column""> <div class=""page"" title=""Page 19""> <div class=""section""> <div class=""layoutArea""> <div class=""column""> <div class=""page"" title=""Page 20""> <div class=""page"" title=""Page 20""> <div class=""section""> <div class=""layoutArea""> <div class=""column""> <p><span style=""font-weight: normal;"">Coaches others to critically appraise and apply evidence to patient care</span></p> </div> </div> </div> </div> <div class=""page"" title=""Page 20""> </div> </div> </div> </div> </div> </div> </div> </div> </div> </div> </div> </div> </div> </div> </td> </tr> </tbody> </table> <div class=""page"" title=""Page 20""> </div> <div class=""page"" title=""Page 20""> <div class=""page"" title=""Page 20""> </div> <div class=""page"" title=""Page 20"">A zero (""0"") indicates not yet completed level 1</div> <div class=""page"" title=""Page 20""> </div> </div></div>","0 | 5 | 9",NA,"number",NA,9,NA,NA,NA,"LH",NA,NA,NA,NA
"260","rep_pbl1_self_desc","milestone_selfevaluation_c33c",NA,"notes","How have you coached others to appraise evidence?",NA,NA,NA,NA,NA,NA,NA,NA,NA,NA,NA,NA,NA
"261","rep_pbl2_self","milestone_selfevaluation_c33c",NA,"slider","<div class=""rich-text-field-label""><p>Practice-Based Learning and Improvement 2: Reflective Practice and Commitment to Personal Growth</p> <p> </p> <table style=""border-collapse: collapse; width: 92.927864%; height: 468px;"" border=""1""> <tbody> <tr style=""height: 18px;""> <td style=""width: 19.8376%; height: 18px;"">Level 1</td> <td style=""width: 20.15%; height: 18px;"">Level 2</td> <td style=""width: 19.9938%; height: 18px;"">Level 3</td> <td style=""width: 20.15%; height: 18px;"">Level 4</td> <td style=""width: 19.8376%; height: 18px;"">Level 5</td> </tr> <tr style=""height: 136px;""> <td style=""width: 19.8376%; height: 136px;""> <div class=""page"" title=""Page 8""> <div class=""section""> <div class=""layoutArea""> <div class=""column""> <div class=""page"" title=""Page 18""> <div class=""section""> <div class=""layoutArea""> <div class=""column""> <div class=""page"" title=""Page 19""> <div class=""section""> <div class=""layoutArea""> <div class=""column""> <div class=""page"" title=""Page 21""> <div class=""section""> <div class=""layoutArea""> <div class=""column""> <p><span style=""font-weight: normal;"">Accepts responsibility for personal and professional development by establishing goals</span></p> </div> </div> </div> </div> </div> </div> </div> </div> </div> </div> </div> </div> </div> </div> </div> </div> </td> <td style=""width: 20.15%; height: 136px;""> <div class=""page"" title=""Page 8""> <div class=""section""> <div class=""layoutArea""> <div class=""column""> <div class=""page"" title=""Page 18""> <div class=""section""> <div class=""layoutArea""> <div class=""column""> <div class=""page"" title=""Page 19""> <div class=""section""> <div class=""layoutArea""> <div class=""column""> <div class=""page"" title=""Page 21""> <div class=""section""> <div class=""layoutArea""> <div class=""column""> <p><span style=""font-weight: normal;"">Demonstrates openness to performance data (feedback and other input) to inform goals</span></p> </div> </div> </div> </div> </div> </div> </div> </div> </div> </div> </div> </div> </div> </div> </div> </div> </td> <td style=""width: 19.9938%; height: 136px;""> <div class=""page"" title=""Page 8""> <div class=""section""> <div class=""layoutArea""> <div class=""column""> <div class=""page"" title=""Page 18""> <div class=""section""> <div class=""layoutArea""> <div class=""column""> <div class=""page"" title=""Page 19""> <div class=""section""> <div class=""layoutArea""> <div class=""column""> <div class=""page"" title=""Page 21""> <div class=""section""> <div class=""layoutArea""> <div class=""column""> <p><span style=""font-weight: normal;"">Seeks performance data episodically, with adaptability, and humility</span></p> </div> </div> </div> </div> </div> </div> </div> </div> </div> </div> </div> </div> </div> </div> </div> </div> </td> <td style=""width: 20.15%; height: 136px;""> <div class=""page"" title=""Page 8""> <div class=""section""> <div class=""layoutArea""> <div class=""column""> <div class=""page"" title=""Page 18""> <div class=""section""> <div class=""layoutArea""> <div class=""column""> <div class=""page"" title=""Page 19""> <div class=""section""> <div class=""layoutArea""> <div class=""column""> <div class=""page"" title=""Page 21""> <div class=""section""> <div class=""layoutArea""> <div class=""column""> <p><span style=""font-weight: normal;"">Seeks performance data consistently with adaptability, and humility</span></p> </div> </div> </div> </div> </div> </div> </div> </div> </div> </div> </div> </div> </div> </div> </div> </div> </td> <td style=""width: 19.8376%; height: 136px;""> <div class=""page"" title=""Page 8""> <div class=""section""> <div class=""layoutArea""> <div class=""column""> <div class=""page"" title=""Page 18""> <div class=""section""> <div class=""layoutArea""> <div class=""column""> <div class=""page"" title=""Page 19""> <div class=""section""> <div class=""layoutArea""> <div class=""column""> <div class=""page"" title=""Page 20""> <div class=""page"" title=""Page 20""> <div class=""section""> <div class=""layoutArea""> <div class=""column""> <div class=""page"" title=""Page 21""> <div class=""section""> <div class=""layoutArea""> <div class=""column""> <p><span style=""font-weight: normal;"">Models consistently seeking performance data with adaptability and humility</span></p> </div> </div> </div> </div> </div> </div> </div> </div> </div> </div> </div> </div> </div> </div> </div> </div> </div> </div> </div> </div> </div> </td> </tr> <tr style=""height: 168px;""> <td style=""width: 19.8376%; height: 168px;""> <div class=""page"" title=""Page 8""> <div class=""section""> <div class=""layoutArea""> <div class=""column""> <div class=""page"" title=""Page 18""> <div class=""section""> <div class=""layoutArea""> <div class=""column""> <div class=""page"" title=""Page 19""> <div class=""section""> <div class=""layoutArea""> <div class=""column""> <p><span style=""font-weight: normal;""> Identifies the factors that contribute to gap(s) between ideal and actual performance, with guidance</span></p> </div> </div> </div> </div> </div> </div> </div> </div> </div> </div> </div> </div> </td> <td style=""width: 20.15%; height: 168px;""> <div class=""page"" title=""Page 8""> <div class=""section""> <div class=""layoutArea""> <div class=""column""> <div class=""page"" title=""Page 18""> <div class=""section""> <div class=""layoutArea""> <div class=""column""> <div class=""page"" title=""Page 19""> <div class=""section""> <div class=""layoutArea""> <div class=""column""> <p><span style=""font-weight: normal;"">Analyzes and reflects on the factors which contribute to gap(s) between ideal and actual performance, with guidance</span></p> </div> </div> </div> </div> </div> </div> </div> </div> </div> </div> </div> </div> </td> <td style=""width: 19.9938%; height: 168px;""> <div class=""page"" title=""Page 8""> <div class=""section""> <div class=""layoutArea""> <div class=""column""> <div class=""page"" title=""Page 18""> <div class=""section""> <div class=""layoutArea""> <div class=""column""> <div class=""page"" title=""Page 19""> <div class=""section""> <div class=""layoutArea""> <div class=""column""> <p><span style=""font-weight: normal;"">Institutes behavioral change(s) to narrow the gap(s) between ideal and actual performance </span></p> </div> </div> </div> </div> </div> </div> </div> </div> </div> </div> </div> </div> </td> <td style=""width: 20.15%; height: 168px;""> <div class=""page"" title=""Page 8""> <div class=""section""> <div class=""layoutArea""> <div class=""column""> <div class=""page"" title=""Page 18""> <div class=""section""> <div class=""layoutArea""> <div class=""column""> <div class=""page"" title=""Page 19""> <div class=""section""> <div class=""layoutArea""> <div class=""column""> <p><span style=""font-weight: normal;"">Challenges one's own assumptions and considers alternatives in narrowing the gap(s) between ideal and actual performance </span></p> </div> </div> </div> </div> </div> </div> </div> </div> </div> </div> </div> </div> </td> <td style=""width: 19.8376%; height: 168px;""> <div class=""page"" title=""Page 8""> <div class=""section""> <div class=""layoutArea""> <div class=""column""> <div class=""page"" title=""Page 18""> <div class=""section""> <div class=""layoutArea""> <div class=""column""> <div class=""page"" title=""Page 19""> <div class=""section""> <div class=""layoutArea""> <div class=""column""> <div class=""page"" title=""Page 20""> <div class=""page"" title=""Page 20""> <div class=""section""> <div class=""layoutArea""> <div class=""column""> <p><span style=""font-weight: normal;"">Coaches others on reflective practice </span></p> </div> </div> </div> </div> </div> </div> </div> </div> </div> </div> </div> </div> </div> </div> </div> </div> </div> </td> </tr> <tr style=""height: 146px;""> <td style=""width: 19.8376%; height: 146px;""> <div class=""page"" title=""Page 8""> <div class=""section""> <div class=""layoutArea""> <div class=""column""> <div class=""page"" title=""Page 18""> <div class=""section""> <div class=""layoutArea""> <div class=""column""> <div class=""page"" title=""Page 19""> <div class=""section""> <div class=""layoutArea""> <div class=""column""> <p><span style=""font-weight: normal;""> </span></p> </div> </div> </div> </div> </div> </div> </div> </div> </div> </div> </div> </div> </td> <td style=""width: 20.15%; height: 146px;""> <div class=""page"" title=""Page 8""> <div class=""section""> <div class=""layoutArea""> <div class=""column""> <div class=""page"" title=""Page 18""> <div class=""section""> <div class=""layoutArea""> <div class=""column""> <div class=""page"" title=""Page 19""> <div class=""section""> <div class=""layoutArea""> <div class=""column""> <p><span style=""font-weight: normal;""> Actively seeks opportunities to improve</span></p> </div> </div> </div> </div> </div> </div> </div> </div> </div> </div> </div> </div> </td> <td style=""width: 19.9938%; height: 146px;""> <div class=""page"" title=""Page 8""> <div class=""section""> <div class=""layoutArea""> <div class=""column""> <div class=""page"" title=""Page 18""> <div class=""section""> <div class=""layoutArea""> <div class=""column""> <div class=""page"" title=""Page 19""> <div class=""section""> <div class=""layoutArea""> <div class=""column""> <p><span style=""font-weight: normal;"">Designs and implements an individualized learning plan, with prompting </span></p> </div> </div> </div> </div> </div> </div> </div> </div> </div> </div> </div> </div> </td> <td style=""width: 20.15%; height: 146px;""> <div class=""page"" title=""Page 8""> <div class=""section""> <div class=""layoutArea""> <div class=""column""> <div class=""page"" title=""Page 18""> <div class=""section""> <div class=""layoutArea""> <div class=""column""> <div class=""page"" title=""Page 19""> <div class=""section""> <div class=""layoutArea""> <div class=""column""> <p><span style=""font-weight: normal;"">Independently creates and implements an individualized learning plan </span></p> </div> </div> </div> </div> </div> </div> </div> </div> </div> </div> </div> </div> </td> <td style=""width: 19.8376%; height: 146px;""> <div class=""page"" title=""Page 8""> <div class=""section""> <div class=""layoutArea""> <div class=""column""> <div class=""page"" title=""Page 18""> <div class=""section""> <div class=""layoutArea""> <div class=""column""> <div class=""page"" title=""Page 19""> <div class=""section""> <div class=""layoutArea""> <div class=""column""> <div class=""page"" title=""Page 20""> <div class=""page"" title=""Page 20""> <div class=""section""> <div class=""layoutArea""> <div class=""column""> <p><span style=""font-weight: normal;"">Uses performance data to measure the effectiveness of the individualized learning plan and when necessary, improves it </span></p> </div> </div> </div> </div> </div> </div> </div> </div> </div> </div> </div> </div> </div> </div> </div> </div> </div> </td> </tr> </tbody> </table> <div class=""page"" title=""Page 20""> </div> <div class=""page"" title=""Page 20""> <div class=""page"" title=""Page 20""> </div> <div class=""page"" title=""Page 20"">A zero (""0"") indicates not yet completed level 1</div> <div class=""page"" title=""Page 20""> </div> </div></div>","0 | 5 | 9",NA,"number",NA,9,NA,NA,NA,"LH",NA,NA,NA,NA
"262","rep_pbl2_self_desc","milestone_selfevaluation_c33c",NA,"notes","Please describe why you think you met this milestone",NA,NA,NA,NA,NA,NA,NA,NA,NA,NA,NA,NA,NA
"263","rep_prof1_self","milestone_selfevaluation_c33c","Professionalism","slider","<div class=""rich-text-field-label""><p>Professionalism 1:  Professional Behavior</p> <p> </p> <table style=""border-collapse: collapse; width: 92.927864%;"" border=""1""> <tbody> <tr> <td style=""width: 19.8376%;"">Level 1</td> <td style=""width: 20.15%;"">Level 2</td> <td style=""width: 19.9938%;"">Level 3</td> <td style=""width: 20.15%;"">Level 4</td> <td style=""width: 19.8376%;"">Level 5</td> </tr> <tr> <td style=""width: 19.8376%;""> <div class=""page"" title=""Page 8""> <div class=""section""> <div class=""layoutArea""> <div class=""column""> <div class=""page"" title=""Page 18""> <div class=""section""> <div class=""layoutArea""> <div class=""column""> <div class=""page"" title=""Page 19""> <div class=""section""> <div class=""layoutArea""> <div class=""column""> <div class=""page"" title=""Page 21""> <div class=""section""> <div class=""layoutArea""> <div class=""column""> <p> </p> <div class=""page"" title=""Page 22""> <div class=""section""> <div class=""layoutArea""> <div class=""column""> <p><span style=""font-weight: normal;"">Demonstrates professional behavior in routine situations</span></p> </div> </div> </div> </div> </div> </div> </div> </div> <p> </p> </div> </div> </div> </div> </div> </div> </div> </div> </div> </div> </div> </div> </td> <td style=""width: 20.15%;""> <div class=""page"" title=""Page 8""> <div class=""section""> <div class=""layoutArea""> <div class=""column""> <div class=""page"" title=""Page 18""> <div class=""section""> <div class=""layoutArea""> <div class=""column""> <div class=""page"" title=""Page 19""> <div class=""section""> <div class=""layoutArea""> <div class=""column""> <div class=""page"" title=""Page 21""> <div class=""section""> <div class=""layoutArea""> <div class=""column""> <div class=""page"" title=""Page 22""> <div class=""section""> <div class=""layoutArea""> <div class=""column""> <p><span style=""font-weight: normal;"">Identifies potential triggers for professionalism lapses and accepts responsibility for one's own professionalism lapses</span></p> </div> </div> </div> </div> </div> </div> </div> </div> </div> </div> </div> </div> </div> </div> </div> </div> </div> </div> </div> </div> </td> <td style=""width: 19.9938%;""> <div class=""page"" title=""Page 8""> <div class=""section""> <div class=""layoutArea""> <div class=""column""> <div class=""page"" title=""Page 18""> <div class=""section""> <div class=""layoutArea""> <div class=""column""> <div class=""page"" title=""Page 19""> <div class=""section""> <div class=""layoutArea""> <div class=""column""> <div class=""page"" title=""Page 21""> <div class=""section""> <div class=""layoutArea""> <div class=""column""> <div class=""page"" title=""Page 22""> <div class=""section""> <div class=""layoutArea""> <div class=""column""> <p><span style=""font-weight: normal;"">Demonstrates a pattern of professional behavior in complex or stressful situations</span></p> </div> </div> </div> </div> </div> </div> </div> </div> </div> </div> </div> </div> </div> </div> </div> </div> </div> </div> </div> </div> </td> <td style=""width: 20.15%;""> <div class=""page"" title=""Page 8""> <div class=""section""> <div class=""layoutArea""> <div class=""column""> <div class=""page"" title=""Page 18""> <div class=""section""> <div class=""layoutArea""> <div class=""column""> <div class=""page"" title=""Page 19""> <div class=""section""> <div class=""layoutArea""> <div class=""column""> <div class=""page"" title=""Page 21""> <div class=""section""> <div class=""layoutArea""> <div class=""column""> <div class=""page"" title=""Page 22""> <div class=""section""> <div class=""layoutArea""> <div class=""column""> <p><span style=""font-weight: normal;"">Recognizes situations that may trigger professionalism lapses and intervenes to prevent lapses in oneself and others</span></p> </div> </div> </div> </div> </div> </div> </div> </div> </div> </div> </div> </div> </div> </div> </div> </div> </div> </div> </div> </div> </td> <td style=""width: 19.8376%;""> <div class=""page"" title=""Page 8""> <div class=""section""> <div class=""layoutArea""> <div class=""column""> <div class=""page"" title=""Page 18""> <div class=""section""> <div class=""layoutArea""> <div class=""column""> <div class=""page"" title=""Page 19""> <div class=""section""> <div class=""layoutArea""> <div class=""column""> <div class=""page"" title=""Page 20""> <div class=""page"" title=""Page 20""> <div class=""section""> <div class=""layoutArea""> <div class=""column""> <div class=""page"" title=""Page 21""> <div class=""section""> <div class=""layoutArea""> <div class=""column""> <div class=""page"" title=""Page 22""> <div class=""section""> <div class=""layoutArea""> <div class=""column""> <p><span style=""font-weight: normal;"">Coaches others when their behavior fails to meet professional expectations</span></p> </div> </div> </div> </div> </div> </div> </div> </div> </div> </div> </div> </div> <div class=""page"" title=""Page 20""> </div> </div> </div> </div> </div> </div> </div> </div> </div> </div> </div> </div> </div> </div> </td> </tr> </tbody> </table> <div class=""page"" title=""Page 20""> </div> <div class=""page"" title=""Page 20""> <div class=""page"" title=""Page 20""> </div> <div class=""page"" title=""Page 20"">A zero (""0"") indicates not yet completed level 1</div> <div class=""page"" title=""Page 20""> </div> </div></div>","0 | 5 | 9",NA,"number",NA,9,NA,NA,NA,"LH",NA,NA,NA,NA
"264","rep_prof1_self_desc","milestone_selfevaluation_c33c",NA,"notes","Please describe why you think you met this milestone",NA,NA,NA,NA,NA,NA,NA,NA,NA,NA,NA,NA,NA
"265","rep_prof2_self","milestone_selfevaluation_c33c",NA,"slider","<div class=""rich-text-field-label""><p>Professionalism 2: Ethical Principles</p> <p> </p> <table style=""border-collapse: collapse; width: 92.927864%; height: 239.984375px;"" border=""1""> <tbody> <tr style=""height: 25px;""> <td style=""width: 19.8376%; height: 25px;"">Level 1</td> <td style=""width: 20.15%; height: 25px;"">Level 2</td> <td style=""width: 19.9938%; height: 25px;"">Level 3</td> <td style=""width: 20.15%; height: 25px;"">Level 4</td> <td style=""width: 19.8376%; height: 25px;"">Level 5</td> </tr> <tr style=""height: 214.984375px;""> <td style=""width: 19.8376%; height: 214.984375px;""> <div class=""page"" title=""Page 8""> <div class=""section""> <div class=""layoutArea""> <div class=""column""> <div class=""page"" title=""Page 18""> <div class=""section""> <div class=""layoutArea""> <div class=""column""> <div class=""page"" title=""Page 19""> <div class=""section""> <div class=""layoutArea""> <div class=""column""> <div class=""page"" title=""Page 21""> <div class=""section""> <div class=""layoutArea""> <div class=""column""> <p> </p> <div class=""page"" title=""Page 22""> <div class=""section""> <div class=""layoutArea""> <div class=""column""> <div class=""page"" title=""Page 23""> <div class=""section""> <div class=""layoutArea""> <div class=""column""> <p><span style=""font-weight: normal;"">Demonstrates knowledge of basic ethical principles</span></p> </div> </div> </div> </div> </div> </div> </div> </div> </div> </div> </div> </div> </div> </div> </div> </div> </div> </div> </div> </div> </div> </div> </div> </div> </td> <td style=""width: 20.15%; height: 214.984375px;""> <div class=""page"" title=""Page 8""> <div class=""section""> <div class=""layoutArea""> <div class=""column""> <div class=""page"" title=""Page 18""> <div class=""section""> <div class=""layoutArea""> <div class=""column""> <div class=""page"" title=""Page 19""> <div class=""section""> <div class=""layoutArea""> <div class=""column""> <div class=""page"" title=""Page 21""> <div class=""section""> <div class=""layoutArea""> <div class=""column""> <div class=""page"" title=""Page 22""> <div class=""section""> <div class=""layoutArea""> <div class=""column""> <div class=""page"" title=""Page 23""> <div class=""section""> <div class=""layoutArea""> <div class=""column""> <p><span style=""font-weight: normal;"">Applies basic principles to address straightforward ethical situations</span></p> </div> </div> </div> </div> </div> </div> </div> </div> </div> </div> </div> </div> </div> </div> </div> </div> </div> </div> </div> </div> </div> </div> </div> </div> </td> <td style=""width: 19.9938%; height: 214.984375px;""> <div class=""page"" title=""Page 8""> <div class=""section""> <div class=""layoutArea""> <div class=""column""> <div class=""page"" title=""Page 18""> <div class=""section""> <div class=""layoutArea""> <div class=""column""> <div class=""page"" title=""Page 19""> <div class=""section""> <div class=""layoutArea""> <div class=""column""> <div class=""page"" title=""Page 21""> <div class=""section""> <div class=""layoutArea""> <div class=""column""> <div class=""page"" title=""Page 22""> <div class=""section""> <div class=""layoutArea""> <div class=""column""> <div class=""page"" title=""Page 23""> <div class=""section""> <div class=""layoutArea""> <div class=""column""> <p><span style=""font-weight: normal;"">Analyzes complex situations using ethical principles and identifies the need to seek help in addressing complex ethical situations</span></p> </div> </div> </div> </div> </div> </div> </div> </div> </div> </div> </div> </div> </div> </div> </div> </div> </div> </div> </div> </div> </div> </div> </div> </div> </td> <td style=""width: 20.15%; height: 214.984375px;""> <div class=""page"" title=""Page 8""> <div class=""section""> <div class=""layoutArea""> <div class=""column""> <div class=""page"" title=""Page 18""> <div class=""section""> <div class=""layoutArea""> <div class=""column""> <div class=""page"" title=""Page 19""> <div class=""section""> <div class=""layoutArea""> <div class=""column""> <div class=""page"" title=""Page 21""> <div class=""section""> <div class=""layoutArea""> <div class=""column""> <div class=""page"" title=""Page 22""> <div class=""section""> <div class=""layoutArea""> <div class=""column""> <div class=""page"" title=""Page 23""> <div class=""section""> <div class=""layoutArea""> <div class=""column""> <p><span style=""font-weight: normal;"">Analyzes complex situations and engages with appropriate resources for managing and addressing ethical dilemmas as needed</span></p> </div> </div> </div> </div> </div> </div> </div> </div> </div> </div> </div> </div> </div> </div> </div> </div> </div> </div> </div> </div> </div> </div> </div> </div> </td> <td style=""width: 19.8376%; height: 214.984375px;""> <div class=""page"" title=""Page 8""> <div class=""section""> <div class=""layoutArea""> <div class=""column""> <div class=""page"" title=""Page 18""> <div class=""section""> <div class=""layoutArea""> <div class=""column""> <div class=""page"" title=""Page 19""> <div class=""section""> <div class=""layoutArea""> <div class=""column""> <div class=""page"" title=""Page 20""> <div class=""page"" title=""Page 20""> <div class=""section""> <div class=""layoutArea""> <div class=""column""> <div class=""page"" title=""Page 21""> <div class=""section""> <div class=""layoutArea""> <div class=""column""> <div class=""page"" title=""Page 22""> <div class=""section""> <div class=""layoutArea""> <div class=""column""> <div class=""page"" title=""Page 23""> <div class=""section""> <div class=""layoutArea""> <div class=""column""> <p><span style=""font-weight: normal;"">Identifies and seeks to address system-level factors that induce or exacerbate ethical problems or impede their resolution</span></p> </div> </div> </div> </div> </div> </div> </div> </div> </div> </div> </div> </div> </div> </div> </div> </div> <div class=""page"" title=""Page 20""> </div> </div> </div> </div> </div> </div> </div> </div> </div> </div> </div> </div> </div> </div> </td> </tr> </tbody> </table> <div class=""page"" title=""Page 20""> </div> <div class=""page"" title=""Page 20""> <div class=""page"" title=""Page 20""> </div> <div class=""page"" title=""Page 20"">A zero (""0"") indicates not yet completed level 1</div> <div class=""page"" title=""Page 20""> </div> </div></div>","0 | 5 | 9",NA,"number",NA,9,NA,NA,NA,"LH",NA,NA,NA,NA
"266","rep_prof2_self_desc","milestone_selfevaluation_c33c",NA,"notes","Please describe why you think you met this milestone",NA,NA,NA,NA,NA,NA,NA,NA,NA,NA,NA,NA,NA
"267","rep_prof3_self","milestone_selfevaluation_c33c",NA,"slider","<div class=""rich-text-field-label""><p>Professionalism 3:  Accountability/Conscientiousness</p> <p> </p> <table style=""border-collapse: collapse; width: 92.927864%; height: 187px;"" border=""1""> <tbody> <tr style=""height: 18px;""> <td style=""width: 19.8376%; height: 18px;"">Level 1</td> <td style=""width: 20.15%; height: 18px;"">Level 2</td> <td style=""width: 19.9938%; height: 18px;"">Level 3</td> <td style=""width: 20.15%; height: 18px;"">Level 4</td> <td style=""width: 19.8376%; height: 18px;"">Level 5</td> </tr> <tr style=""height: 169px;""> <td style=""width: 19.8376%; height: 169px;""> <div class=""page"" title=""Page 8""> <div class=""section""> <div class=""layoutArea""> <div class=""column""> <div class=""page"" title=""Page 18""> <div class=""section""> <div class=""layoutArea""> <div class=""column""> <div class=""page"" title=""Page 19""> <div class=""section""> <div class=""layoutArea""> <div class=""column""> <div class=""page"" title=""Page 21""> <div class=""section""> <div class=""layoutArea""> <div class=""column""> <p> </p> <div class=""page"" title=""Page 22""> <div class=""section""> <div class=""layoutArea""> <div class=""column""> <div class=""page"" title=""Page 23""> <div class=""section""> <div class=""layoutArea""> <div class=""column""> <div class=""page"" title=""Page 24""> <div class=""section""> <div class=""layoutArea""> <div class=""column""> <p><span style=""font-weight: normal;"">Performs administrative tasks and patient care responsibilities, with prompting</span></p> </div> </div> </div> </div> </div> </div> </div> </div> </div> </div> </div> </div> </div> </div> </div> </div> <p> </p> </div> </div> </div> </div> </div> </div> </div> </div> </div> </div> </div> </div> </td> <td style=""width: 20.15%; height: 169px;""> <div class=""page"" title=""Page 8""> <div class=""section""> <div class=""layoutArea""> <div class=""column""> <div class=""page"" title=""Page 18""> <div class=""section""> <div class=""layoutArea""> <div class=""column""> <div class=""page"" title=""Page 19""> <div class=""section""> <div class=""layoutArea""> <div class=""column""> <div class=""page"" title=""Page 21""> <div class=""section""> <div class=""layoutArea""> <div class=""column""> <div class=""page"" title=""Page 22""> <div class=""section""> <div class=""layoutArea""> <div class=""column""> <div class=""page"" title=""Page 23""> <div class=""section""> <div class=""layoutArea""> <div class=""column""> <div class=""page"" title=""Page 24""> <div class=""section""> <div class=""layoutArea""> <div class=""column""> <p><span style=""font-weight: normal;"">Performs administrative tasks and patient care responsibilities in a timely manner in routine situations</span></p> </div> </div> </div> </div> </div> </div> </div> </div> </div> </div> </div> </div> </div> </div> </div> </div> </div> </div> </div> </div> </div> </div> </div> </div> </div> </div> </div> </div> </td> <td style=""width: 19.9938%; height: 169px;""> <div class=""page"" title=""Page 8""> <div class=""section""> <div class=""layoutArea""> <div class=""column""> <div class=""page"" title=""Page 18""> <div class=""section""> <div class=""layoutArea""> <div class=""column""> <div class=""page"" title=""Page 19""> <div class=""section""> <div class=""layoutArea""> <div class=""column""> <div class=""page"" title=""Page 21""> <div class=""section""> <div class=""layoutArea""> <div class=""column""> <div class=""page"" title=""Page 22""> <div class=""section""> <div class=""layoutArea""> <div class=""column""> <div class=""page"" title=""Page 23""> <div class=""section""> <div class=""layoutArea""> <div class=""column""> <div class=""page"" title=""Page 24""> <div class=""section""> <div class=""layoutArea""> <div class=""column""> <p><span style=""font-weight: normal;"">Performs administrative tasks and patient care responsibilities in a timely manner in complex or stressful situations</span></p> </div> </div> </div> </div> </div> </div> </div> </div> </div> </div> </div> </div> </div> </div> </div> </div> </div> </div> </div> </div> </div> </div> </div> </div> </div> </div> </div> </div> </td> <td style=""width: 20.15%; height: 169px;""> <div class=""page"" title=""Page 8""> <div class=""section""> <div class=""layoutArea""> <div class=""column""> <div class=""page"" title=""Page 18""> <div class=""section""> <div class=""layoutArea""> <div class=""column""> <div class=""page"" title=""Page 19""> <div class=""section""> <div class=""layoutArea""> <div class=""column""> <div class=""page"" title=""Page 21""> <div class=""section""> <div class=""layoutArea""> <div class=""column""> <div class=""page"" title=""Page 22""> <div class=""section""> <div class=""layoutArea""> <div class=""column""> <div class=""page"" title=""Page 23""> <div class=""section""> <div class=""layoutArea""> <div class=""column""> <div class=""page"" title=""Page 24""> <div class=""section""> <div class=""layoutArea""> <div class=""column""> <p><span style=""font-weight: normal;"">Proactively implements strategies to ensure that the needs of patients, teams, and systems are met</span></p> </div> </div> </div> </div> </div> </div> </div> </div> </div> </div> </div> </div> </div> </div> </div> </div> </div> </div> </div> </div> </div> </div> </div> </div> </div> </div> </div> </div> </td> <td style=""width: 19.8376%; height: 169px;""> <div class=""page"" title=""Page 8""> <div class=""section""> <div class=""layoutArea""> <div class=""column""> <div class=""page"" title=""Page 18""> <div class=""section""> <div class=""layoutArea""> <div class=""column""> <div class=""page"" title=""Page 19""> <div class=""section""> <div class=""layoutArea""> <div class=""column""> <div class=""page"" title=""Page 20""> <div class=""page"" title=""Page 20""> <div class=""section""> <div class=""layoutArea""> <div class=""column""> <div class=""page"" title=""Page 21""> <div class=""section""> <div class=""layoutArea""> <div class=""column""> <div class=""page"" title=""Page 22""> <div class=""section""> <div class=""layoutArea""> <div class=""column""> <div class=""page"" title=""Page 23""> <div class=""section""> <div class=""layoutArea""> <div class=""column""> <div class=""page"" title=""Page 24""> <div class=""section""> <div class=""layoutArea""> <div class=""column""> <p><span style=""font-weight: normal;"">Creates strategies to enhance other's ability to efficiently complete administrative tasks and patient care responsibilities</span></p> </div> </div> </div> </div> </div> </div> </div> </div> </div> </div> </div> </div> </div> </div> </div> </div> </div> </div> </div> </div> <div class=""page"" title=""Page 20""> </div> </div> </div> </div> </div> </div> </div> </div> </div> </div> </div> </div> </div> </div> </td> </tr> </tbody> </table> <div class=""page"" title=""Page 20""> </div> <div class=""page"" title=""Page 20""> <div class=""page"" title=""Page 20""> </div> <div class=""page"" title=""Page 20"">A zero (""0"") indicates not yet completed level 1</div> <div class=""page"" title=""Page 20""> </div> </div></div>","0 | 5 | 9",NA,"number",NA,9,NA,NA,NA,"LH",NA,NA,NA,NA
"268","rep_prof3_self_desc","milestone_selfevaluation_c33c",NA,"notes","Please describe why you think you met this milestone",NA,NA,NA,NA,NA,NA,NA,NA,NA,NA,NA,NA,NA
"269","rep_prof4_self","milestone_selfevaluation_c33c",NA,"slider","<div class=""rich-text-field-label""><p>Professionalism 4: Knowledge of Systemic and Individual Factors of Well-Being</p> <p> </p> <table style=""border-collapse: collapse; width: 92.927864%; height: 280px;"" border=""1""> <tbody> <tr style=""height: 18px;""> <td style=""width: 19.8376%; height: 18px;"">Level 1</td> <td style=""width: 20.15%; height: 18px;"">Level 2</td> <td style=""width: 19.9938%; height: 18px;"">Level 3</td> <td style=""width: 20.15%; height: 18px;"">Level 4</td> <td style=""width: 19.8376%; height: 18px;"">Level 5</td> </tr> <tr style=""height: 152px;""> <td style=""width: 19.8376%; height: 152px;""> <div class=""page"" title=""Page 8""> <div class=""section""> <div class=""layoutArea""> <div class=""column""> <div class=""page"" title=""Page 18""> <div class=""section""> <div class=""layoutArea""> <div class=""column""> <div class=""page"" title=""Page 19""> <div class=""section""> <div class=""layoutArea""> <div class=""column""> <div class=""page"" title=""Page 21""> <div class=""section""> <div class=""layoutArea""> <div class=""column""> <p> </p> <div class=""page"" title=""Page 22""> <div class=""section""> <div class=""layoutArea""> <div class=""column""> <div class=""page"" title=""Page 23""> <div class=""section""> <div class=""layoutArea""> <div class=""column""> <div class=""page"" title=""Page 24""> <div class=""section""> <div class=""layoutArea""> <div class=""column""> <div class=""page"" title=""Page 25""> <div class=""section""> <div class=""layoutArea""> <div class=""column""> <p><span style=""font-weight: normal;"">Recognizes the importance of getting help when needed to address personal and professional well-being</span></p> </div> </div> </div> </div> </div> </div> </div> </div> </div> </div> </div> </div> </div> </div> </div> </div> </div> </div> </div> </div> </div> </div> </div> </div> </div> </div> </div> </div> </div> </div> </div> </div> </td> <td style=""width: 20.15%; height: 152px;""> <div class=""page"" title=""Page 8""> <div class=""section""> <div class=""layoutArea""> <div class=""column""> <div class=""page"" title=""Page 18""> <div class=""section""> <div class=""layoutArea""> <div class=""column""> <div class=""page"" title=""Page 19""> <div class=""section""> <div class=""layoutArea""> <div class=""column""> <div class=""page"" title=""Page 21""> <div class=""section""> <div class=""layoutArea""> <div class=""column""> <div class=""page"" title=""Page 22""> <div class=""section""> <div class=""layoutArea""> <div class=""column""> <div class=""page"" title=""Page 23""> <div class=""section""> <div class=""layoutArea""> <div class=""column""> <div class=""page"" title=""Page 24""> <div class=""section""> <div class=""layoutArea""> <div class=""column""> <div class=""page"" title=""Page 25""> <div class=""section""> <div class=""layoutArea""> <div class=""column""> <p><span style=""font-weight: normal;"">Lists resources to support personal and professional well-being</span></p> </div> </div> </div> </div> </div> </div> </div> </div> </div> </div> </div> </div> </div> </div> </div> </div> </div> </div> </div> </div> </div> </div> </div> </div> </div> </div> </div> </div> </div> </div> </div> </div> </td> <td style=""width: 19.9938%; height: 152px;""> <div class=""page"" title=""Page 8""> <div class=""section""> <div class=""layoutArea""> <div class=""column""> <div class=""page"" title=""Page 18""> <div class=""section""> <div class=""layoutArea""> <div class=""column""> <div class=""page"" title=""Page 19""> <div class=""section""> <div class=""layoutArea""> <div class=""column""> <div class=""page"" title=""Page 21""> <div class=""section""> <div class=""layoutArea""> <div class=""column""> <div class=""page"" title=""Page 22""> <div class=""section""> <div class=""layoutArea""> <div class=""column""> <div class=""page"" title=""Page 23""> <div class=""section""> <div class=""layoutArea""> <div class=""column""> <div class=""page"" title=""Page 24""> <div class=""section""> <div class=""layoutArea""> <div class=""column""> <div class=""page"" title=""Page 25""> <div class=""section""> <div class=""layoutArea""> <div class=""column""> <p><span style=""font-weight: normal;"">With prompting, reflects on how personal and professional well-being may impact one's clinical practice</span></p> </div> </div> </div> </div> </div> </div> </div> </div> </div> </div> </div> </div> </div> </div> </div> </div> </div> </div> </div> </div> </div> </div> </div> </div> </div> </div> </div> </div> </div> </div> </div> </div> </td> <td style=""width: 20.15%; height: 152px;""> <div class=""page"" title=""Page 8""> <div class=""section""> <div class=""layoutArea""> <div class=""column""> <div class=""page"" title=""Page 18""> <div class=""section""> <div class=""layoutArea""> <div class=""column""> <div class=""page"" title=""Page 19""> <div class=""section""> <div class=""layoutArea""> <div class=""column""> <div class=""page"" title=""Page 21""> <div class=""section""> <div class=""layoutArea""> <div class=""column""> <div class=""page"" title=""Page 22""> <div class=""section""> <div class=""layoutArea""> <div class=""column""> <div class=""page"" title=""Page 23""> <div class=""section""> <div class=""layoutArea""> <div class=""column""> <div class=""page"" title=""Page 24""> <div class=""section""> <div class=""layoutArea""> <div class=""column""> <div class=""page"" title=""Page 25""> <div class=""section""> <div class=""layoutArea""> <div class=""column""> <p><span style=""font-weight: normal;"">Reflects on actions in real time to proactively respond to the inherent emotional challenges of physician work</span></p> </div> </div> </div> </div> </div> </div> </div> </div> </div> </div> </div> </div> </div> </div> </div> </div> </div> </div> </div> </div> </div> </div> </div> </div> </div> </div> </div> </div> </div> </div> </div> </div> </td> <td style=""width: 19.8376%; height: 152px;""> <div class=""page"" title=""Page 8""> <div class=""section""> <div class=""layoutArea""> <div class=""column""> <div class=""page"" title=""Page 18""> <div class=""section""> <div class=""layoutArea""> <div class=""column""> <div class=""page"" title=""Page 19""> <div class=""section""> <div class=""layoutArea""> <div class=""column""> <div class=""page"" title=""Page 20""> <div class=""page"" title=""Page 20""> <div class=""section""> <div class=""layoutArea""> <div class=""column""> <div class=""page"" title=""Page 21""> <div class=""section""> <div class=""layoutArea""> <div class=""column""> <div class=""page"" title=""Page 22""> <div class=""section""> <div class=""layoutArea""> <div class=""column""> <div class=""page"" title=""Page 23""> <div class=""section""> <div class=""layoutArea""> <div class=""column""> <div class=""page"" title=""Page 24""> <div class=""section""> <div class=""layoutArea""> <div class=""column""> <div class=""page"" title=""Page 25""> <div class=""section""> <div class=""layoutArea""> <div class=""column""> <p><span style=""font-weight: normal;"">Participates in institutional changes to promote personal and professional well-being</span></p> </div> </div> </div> </div> </div> </div> </div> </div> </div> </div> </div> </div> </div> </div> </div> </div> </div> </div> </div> </div> </div> </div> </div> </div> </div> </div> </div> </div> </div> </div> </div> </div> </div> </div> </div> </div> </div> </td> </tr> <tr style=""height: 110px;""> <td style=""width: 19.8376%; height: 110px;""> <div class=""page"" title=""Page 8""> <div class=""section""> <div class=""layoutArea""> <div class=""column""> <div class=""page"" title=""Page 18""> <div class=""section""> <div class=""layoutArea""> <div class=""column""> <div class=""page"" title=""Page 19""> <div class=""section""> <div class=""layoutArea""> <div class=""column""> <p><span style=""font-weight: normal;""> </span></p> </div> </div> </div> </div> </div> </div> </div> </div> </div> </div> </div> </div> </td> <td style=""width: 20.15%; height: 110px;""> <div class=""page"" title=""Page 8""> <div class=""section""> <div class=""layoutArea""> <div class=""column""> <div class=""page"" title=""Page 18""> <div class=""section""> <div class=""layoutArea""> <div class=""column""> <div class=""page"" title=""Page 19""> <div class=""section""> <div class=""layoutArea""> <div class=""column""> <p><span style=""font-weight: normal;""> Recognizes that institutional factors affect well-being</span></p> </div> </div> </div> </div> </div> </div> </div> </div> </div> </div> </div> </div> </td> <td style=""width: 19.9938%; height: 110px;""> <div class=""page"" title=""Page 8""> <div class=""section""> <div class=""layoutArea""> <div class=""column""> <div class=""page"" title=""Page 18""> <div class=""section""> <div class=""layoutArea""> <div class=""column""> <div class=""page"" title=""Page 19""> <div class=""section""> <div class=""layoutArea""> <div class=""column""> <p><span style=""font-weight: normal;""> Describes institutional factors that affect well- being</span></p> </div> </div> </div> </div> </div> </div> </div> </div> </div> </div> </div> </div> </td> <td style=""width: 20.15%; height: 110px;""> <div class=""page"" title=""Page 8""> <div class=""section""> <div class=""layoutArea""> <div class=""column""> <div class=""page"" title=""Page 18""> <div class=""section""> <div class=""layoutArea""> <div class=""column""> <div class=""page"" title=""Page 19""> <div class=""section""> <div class=""layoutArea""> <div class=""column""> <p><span style=""font-weight: normal;""> Suggests potential solutions to institutional factors that affect well- being</span></p> </div> </div> </div> </div> </div> </div> </div> </div> </div> </div> </div> </div> </td> <td style=""width: 19.8376%; height: 110px;""> <div class=""page"" title=""Page 8""> <div class=""section""> <div class=""layoutArea""> <div class=""column""> <div class=""page"" title=""Page 18""> <div class=""section""> <div class=""layoutArea""> <div class=""column""> <div class=""page"" title=""Page 19""> <div class=""section""> <div class=""layoutArea""> <div class=""column""> <div class=""page"" title=""Page 20""> <div class=""page"" title=""Page 20""> <div class=""section""> <div class=""layoutArea""> <div class=""column""> <p><span style=""font-weight: normal;""> </span></p> </div> </div> </div> </div> </div> </div> </div> </div> </div> </div> </div> </div> </div> </div> </div> </div> </div> </td> </tr> </tbody> </table> <div class=""page"" title=""Page 20""> </div> <div class=""page"" title=""Page 20""> <div class=""page"" title=""Page 20""> </div> <div class=""page"" title=""Page 20"">A zero (""0"") indicates not yet completed level 1</div> <div class=""page"" title=""Page 20""> </div> </div></div>","0 | 5 | 9",NA,"number",NA,9,NA,NA,NA,"LH",NA,NA,NA,NA
"270","rep_prof4_self_desc","milestone_selfevaluation_c33c",NA,"notes","Please describe why you think you met this milestone",NA,NA,NA,NA,NA,NA,NA,NA,NA,NA,NA,NA,NA
"271","rep_ics1_self","milestone_selfevaluation_c33c","Interpersonal and Communication Skills","slider","<div class=""rich-text-field-label""><p>Interpersonal and Communication Skills 1: Patient- and Family-Centered Communication</p> <p> </p> <table style=""border-collapse: collapse; width: 92.927864%; height: 326px;"" border=""1""> <tbody> <tr style=""height: 18px;""> <td style=""width: 19.8376%; height: 18px;"">Level 1</td> <td style=""width: 20.15%; height: 18px;"">Level 2</td> <td style=""width: 19.9938%; height: 18px;"">Level 3</td> <td style=""width: 20.15%; height: 18px;"">Level 4</td> <td style=""width: 19.8376%; height: 18px;"">Level 5</td> </tr> <tr style=""height: 198px;""> <td style=""width: 19.8376%; height: 198px;""> <div class=""page"" title=""Page 8""> <div class=""section""> <div class=""layoutArea""> <div class=""column""> <div class=""page"" title=""Page 18""> <div class=""section""> <div class=""layoutArea""> <div class=""column""> <div class=""page"" title=""Page 19""> <div class=""section""> <div class=""layoutArea""> <div class=""column""> <div class=""page"" title=""Page 21""> <div class=""section""> <div class=""layoutArea""> <div class=""column""> <p> </p> <div class=""page"" title=""Page 22""> <div class=""section""> <div class=""layoutArea""> <div class=""column""> <div class=""page"" title=""Page 23""> <div class=""section""> <div class=""layoutArea""> <div class=""column""> <div class=""page"" title=""Page 24""> <div class=""section""> <div class=""layoutArea""> <div class=""column""> <div class=""page"" title=""Page 25""> <div class=""section""> <div class=""layoutArea""> <div class=""column""> <div class=""page"" title=""Page 26""> <div class=""section""> <div class=""layoutArea""> <div class=""column""> <p><span style=""font-weight: normal;"">Uses language and non- verbal behavior to demonstrate respect and establish rapport</span></p> </div> </div> </div> </div> </div> </div> </div> </div> </div> </div> </div> </div> </div> </div> </div> </div> </div> </div> </div> </div> </div> </div> </div> </div> </div> </div> </div> </div> </div> </div> </div> </div> </div> </div> </div> </div> </td> <td style=""width: 20.15%; height: 198px;""> <div class=""page"" title=""Page 8""> <div class=""section""> <div class=""layoutArea""> <div class=""column""> <div class=""page"" title=""Page 18""> <div class=""section""> <div class=""layoutArea""> <div class=""column""> <div class=""page"" title=""Page 19""> <div class=""section""> <div class=""layoutArea""> <div class=""column""> <div class=""page"" title=""Page 21""> <div class=""section""> <div class=""layoutArea""> <div class=""column""> <div class=""page"" title=""Page 22""> <div class=""section""> <div class=""layoutArea""> <div class=""column""> <div class=""page"" title=""Page 23""> <div class=""section""> <div class=""layoutArea""> <div class=""column""> <div class=""page"" title=""Page 24""> <div class=""section""> <div class=""layoutArea""> <div class=""column""> <div class=""page"" title=""Page 25""> <div class=""section""> <div class=""layoutArea""> <div class=""column""> <div class=""page"" title=""Page 26""> <div class=""section""> <div class=""layoutArea""> <div class=""column""> <p><span style=""font-weight: normal;"">Establishes and maintains a therapeutic relationship using effective communication behaviors in straightforward encounters</span></p> </div> </div> </div> </div> </div> </div> </div> </div> </div> </div> </div> </div> </div> </div> </div> </div> </div> </div> </div> </div> </div> </div> </div> </div> </div> </div> </div> </div> </div> </div> </div> </div> </div> </div> </div> </div> </td> <td style=""width: 19.9938%; height: 198px;""> <div class=""page"" title=""Page 8""> <div class=""section""> <div class=""layoutArea""> <div class=""column""> <div class=""page"" title=""Page 18""> <div class=""section""> <div class=""layoutArea""> <div class=""column""> <div class=""page"" title=""Page 19""> <div class=""section""> <div class=""layoutArea""> <div class=""column""> <div class=""page"" title=""Page 21""> <div class=""section""> <div class=""layoutArea""> <div class=""column""> <div class=""page"" title=""Page 22""> <div class=""section""> <div class=""layoutArea""> <div class=""column""> <div class=""page"" title=""Page 23""> <div class=""section""> <div class=""layoutArea""> <div class=""column""> <div class=""page"" title=""Page 24""> <div class=""section""> <div class=""layoutArea""> <div class=""column""> <div class=""page"" title=""Page 25""> <div class=""section""> <div class=""layoutArea""> <div class=""column""> <div class=""page"" title=""Page 26""> <div class=""section""> <div class=""layoutArea""> <div class=""column""> <p><span style=""font-weight: normal;"">Establishes and maintains a therapeutic relationship using effective communication behaviors in challenging patient encounters</span></p> </div> </div> </div> </div> </div> </div> </div> </div> </div> </div> </div> </div> </div> </div> </div> </div> </div> </div> </div> </div> </div> </div> </div> </div> </div> </div> </div> </div> </div> </div> </div> </div> </div> </div> </div> </div> </td> <td style=""width: 20.15%; height: 198px;""> <div class=""page"" title=""Page 8""> <div class=""section""> <div class=""layoutArea""> <div class=""column""> <div class=""page"" title=""Page 18""> <div class=""section""> <div class=""layoutArea""> <div class=""column""> <div class=""page"" title=""Page 19""> <div class=""section""> <div class=""layoutArea""> <div class=""column""> <div class=""page"" title=""Page 21""> <div class=""section""> <div class=""layoutArea""> <div class=""column""> <div class=""page"" title=""Page 22""> <div class=""section""> <div class=""layoutArea""> <div class=""column""> <div class=""page"" title=""Page 23""> <div class=""section""> <div class=""layoutArea""> <div class=""column""> <div class=""page"" title=""Page 24""> <div class=""section""> <div class=""layoutArea""> <div class=""column""> <div class=""page"" title=""Page 25""> <div class=""section""> <div class=""layoutArea""> <div class=""column""> <div class=""page"" title=""Page 26""> <div class=""section""> <div class=""layoutArea""> <div class=""column""> <p><span style=""font-weight: normal;"">Establishes and maintains therapeutic relationships using shared decision making, regardless of complexity</span></p> </div> </div> </div> </div> </div> </div> </div> </div> </div> </div> </div> </div> </div> </div> </div> </div> </div> </div> </div> </div> </div> </div> </div> </div> </div> </div> </div> </div> </div> </div> </div> </div> </div> </div> </div> </div> </td> <td style=""width: 19.8376%; height: 198px;""> <div class=""page"" title=""Page 8""> <div class=""section""> <div class=""layoutArea""> <div class=""column""> <div class=""page"" title=""Page 18""> <div class=""section""> <div class=""layoutArea""> <div class=""column""> <div class=""page"" title=""Page 19""> <div class=""section""> <div class=""layoutArea""> <div class=""column""> <div class=""page"" title=""Page 20""> <div class=""page"" title=""Page 20""> <div class=""section""> <div class=""layoutArea""> <div class=""column""> <div class=""page"" title=""Page 21""> <div class=""section""> <div class=""layoutArea""> <div class=""column""> <div class=""page"" title=""Page 22""> <div class=""section""> <div class=""layoutArea""> <div class=""column""> <div class=""page"" title=""Page 23""> <div class=""section""> <div class=""layoutArea""> <div class=""column""> <div class=""page"" title=""Page 24""> <div class=""section""> <div class=""layoutArea""> <div class=""column""> <div class=""page"" title=""Page 25""> <div class=""section""> <div class=""layoutArea""> <div class=""column""> <div class=""page"" title=""Page 26""> <div class=""section""> <div class=""layoutArea""> <div class=""column""> <p><span style=""font-weight: normal;"">Coaches others in developing and maintaining therapeutic relationships and mitigating communication barriers</span></p> </div> </div> </div> </div> </div> </div> </div> </div> </div> </div> </div> </div> </div> </div> </div> </div> </div> </div> </div> </div> </div> </div> </div> </div> </div> </div> </div> </div> </div> </div> </div> </div> </div> </div> </div> </div> </div> </div> </div> </div> </div> </td> </tr> <tr style=""height: 110px;""> <td style=""width: 19.8376%; height: 110px;""> <div class=""page"" title=""Page 8""> <div class=""section""> <div class=""layoutArea""> <div class=""column""> <div class=""page"" title=""Page 18""> <div class=""section""> <div class=""layoutArea""> <div class=""column""> <div class=""page"" title=""Page 19""> <div class=""section""> <div class=""layoutArea""> <div class=""column""> <p><span style=""font-weight: normal;""> </span></p> </div> </div> </div> </div> </div> </div> </div> </div> </div> </div> </div> </div> </td> <td style=""width: 20.15%; height: 110px;""> <div class=""page"" title=""Page 8""> <div class=""section""> <div class=""layoutArea""> <div class=""column""> <div class=""page"" title=""Page 18""> <div class=""section""> <div class=""layoutArea""> <div class=""column""> <div class=""page"" title=""Page 19""> <div class=""section""> <div class=""layoutArea""> <div class=""column""> <p><span style=""font-weight: normal;"">Identifies common barriers to effective communication </span></p> </div> </div> </div> </div> </div> </div> </div> </div> </div> </div> </div> </div> </td> <td style=""width: 19.9938%; height: 110px;""> <div class=""page"" title=""Page 8""> <div class=""section""> <div class=""layoutArea""> <div class=""column""> <div class=""page"" title=""Page 18""> <div class=""section""> <div class=""layoutArea""> <div class=""column""> <div class=""page"" title=""Page 19""> <div class=""section""> <div class=""layoutArea""> <div class=""column""> <p><span style=""font-weight: normal;"">Identifies complex barriers to effective communication, including personal bias </span></p> </div> </div> </div> </div> </div> </div> </div> </div> </div> </div> </div> </div> </td> <td style=""width: 20.15%; height: 110px;""> <div class=""page"" title=""Page 8""> <div class=""section""> <div class=""layoutArea""> <div class=""column""> <div class=""page"" title=""Page 18""> <div class=""section""> <div class=""layoutArea""> <div class=""column""> <div class=""page"" title=""Page 19""> <div class=""section""> <div class=""layoutArea""> <div class=""column""> <p><span style=""font-weight: normal;"">Mitigates communication barriers </span></p> </div> </div> </div> </div> </div> </div> </div> </div> </div> </div> </div> </div> </td> <td style=""width: 19.8376%; height: 110px;""> <div class=""page"" title=""Page 8""> <div class=""section""> <div class=""layoutArea""> <div class=""column""> <div class=""page"" title=""Page 18""> <div class=""section""> <div class=""layoutArea""> <div class=""column""> <div class=""page"" title=""Page 19""> <div class=""section""> <div class=""layoutArea""> <div class=""column""> <div class=""page"" title=""Page 20""> <div class=""page"" title=""Page 20""> <div class=""section""> <div class=""layoutArea""> <div class=""column""> <p><span style=""font-weight: normal;"">Models the mitigation of communication barriers </span></p> </div> </div> </div> </div> </div> </div> </div> </div> </div> </div> </div> </div> </div> </div> </div> </div> </div> </td> </tr> </tbody> </table> <div class=""page"" title=""Page 20""> </div> <div class=""page"" title=""Page 20""> <div class=""page"" title=""Page 20""> </div> <div class=""page"" title=""Page 20"">A zero (""0"") indicates not yet completed level 1</div> <div class=""page"" title=""Page 20""> </div> </div></div>","0 | 5 | 9",NA,"number",NA,9,NA,NA,NA,"LH",NA,NA,NA,NA
"272","rep_ics1_self_desc","milestone_selfevaluation_c33c",NA,"notes","Please describe why you think you met this milestone",NA,NA,NA,NA,NA,NA,NA,NA,NA,NA,NA,NA,NA
"273","rep_ics2_self","milestone_selfevaluation_c33c",NA,"slider","<div class=""rich-text-field-label""><p>Interpersonal and Communication Skills 2: Interprofessional and Team Communication</p> <p> </p> <table style=""border-collapse: collapse; width: 92.927864%;"" border=""1""> <tbody> <tr> <td style=""width: 19.8376%;"">Level 1</td> <td style=""width: 20.15%;"">Level 2</td> <td style=""width: 19.9938%;"">Level 3</td> <td style=""width: 20.15%;"">Level 4</td> <td style=""width: 19.8376%;"">Level 5</td> </tr> <tr> <td style=""width: 19.8376%;""> <div class=""page"" title=""Page 8""> <div class=""section""> <div class=""layoutArea""> <div class=""column""> <div class=""page"" title=""Page 18""> <div class=""section""> <div class=""layoutArea""> <div class=""column""> <div class=""page"" title=""Page 19""> <div class=""section""> <div class=""layoutArea""> <div class=""column""> <div class=""page"" title=""Page 21""> <div class=""section""> <div class=""layoutArea""> <div class=""column""> <p> </p> <div class=""page"" title=""Page 22""> <div class=""section""> <div class=""layoutArea""> <div class=""column""> <div class=""page"" title=""Page 23""> <div class=""section""> <div class=""layoutArea""> <div class=""column""> <div class=""page"" title=""Page 24""> <div class=""section""> <div class=""layoutArea""> <div class=""column""> <div class=""page"" title=""Page 25""> <div class=""section""> <div class=""layoutArea""> <div class=""column""> <div class=""page"" title=""Page 26""> <div class=""section""> <div class=""layoutArea""> <div class=""column""> <div class=""page"" title=""Page 27""> <div class=""section""> <div class=""layoutArea""> <div class=""column""> <p><span style=""font-weight: normal;"">Respectfully requests and responds to a consultation</span></p> </div> </div> </div> </div> </div> </div> </div> </div> </div> </div> </div> </div> </div> </div> </div> </div> </div> </div> </div> </div> </div> </div> </div> </div> </div> </div> </div> </div> </div> </div> </div> </div> </div> </div> </div> </div> </div> </div> </div> </div> </td> <td style=""width: 20.15%;""> <div class=""page"" title=""Page 8""> <div class=""section""> <div class=""layoutArea""> <div class=""column""> <div class=""page"" title=""Page 18""> <div class=""section""> <div class=""layoutArea""> <div class=""column""> <div class=""page"" title=""Page 19""> <div class=""section""> <div class=""layoutArea""> <div class=""column""> <div class=""page"" title=""Page 21""> <div class=""section""> <div class=""layoutArea""> <div class=""column""> <div class=""page"" title=""Page 22""> <div class=""section""> <div class=""layoutArea""> <div class=""column""> <div class=""page"" title=""Page 23""> <div class=""section""> <div class=""layoutArea""> <div class=""column""> <div class=""page"" title=""Page 24""> <div class=""section""> <div class=""layoutArea""> <div class=""column""> <div class=""page"" title=""Page 25""> <div class=""section""> <div class=""layoutArea""> <div class=""column""> <div class=""page"" title=""Page 26""> <div class=""section""> <div class=""layoutArea""> <div class=""column""> <div class=""page"" title=""Page 27""> <div class=""section""> <div class=""layoutArea""> <div class=""column""> <p><span style=""font-weight: normal;"">Clearly and concisely requests and responds to a consultation</span></p> </div> </div> </div> </div> </div> </div> </div> </div> </div> </div> </div> </div> </div> </div> </div> </div> </div> </div> </div> </div> </div> </div> </div> </div> </div> </div> </div> </div> </div> </div> </div> </div> </div> </div> </div> </div> </div> </div> </div> </div> </td> <td style=""width: 19.9938%;""> <div class=""page"" title=""Page 8""> <div class=""section""> <div class=""layoutArea""> <div class=""column""> <div class=""page"" title=""Page 18""> <div class=""section""> <div class=""layoutArea""> <div class=""column""> <div class=""page"" title=""Page 19""> <div class=""section""> <div class=""layoutArea""> <div class=""column""> <div class=""page"" title=""Page 21""> <div class=""section""> <div class=""layoutArea""> <div class=""column""> <div class=""page"" title=""Page 22""> <div class=""section""> <div class=""layoutArea""> <div class=""column""> <div class=""page"" title=""Page 23""> <div class=""section""> <div class=""layoutArea""> <div class=""column""> <div class=""page"" title=""Page 24""> <div class=""section""> <div class=""layoutArea""> <div class=""column""> <div class=""page"" title=""Page 25""> <div class=""section""> <div class=""layoutArea""> <div class=""column""> <div class=""page"" title=""Page 26""> <div class=""section""> <div class=""layoutArea""> <div class=""column""> <div class=""page"" title=""Page 27""> <div class=""section""> <div class=""layoutArea""> <div class=""column""> <p><span style=""font-weight: normal;"">Checks own and others' understanding of recommendations when providing or receiving consultation</span></p> </div> </div> </div> </div> </div> </div> </div> </div> </div> </div> </div> </div> </div> </div> </div> </div> </div> </div> </div> </div> </div> </div> </div> </div> </div> </div> </div> </div> </div> </div> </div> </div> </div> </div> </div> </div> </div> </div> </div> </div> </td> <td style=""width: 20.15%;""> <div class=""page"" title=""Page 8""> <div class=""section""> <div class=""layoutArea""> <div class=""column""> <div class=""page"" title=""Page 18""> <div class=""section""> <div class=""layoutArea""> <div class=""column""> <div class=""page"" title=""Page 19""> <div class=""section""> <div class=""layoutArea""> <div class=""column""> <div class=""page"" title=""Page 21""> <div class=""section""> <div class=""layoutArea""> <div class=""column""> <div class=""page"" title=""Page 22""> <div class=""section""> <div class=""layoutArea""> <div class=""column""> <div class=""page"" title=""Page 23""> <div class=""section""> <div class=""layoutArea""> <div class=""column""> <div class=""page"" title=""Page 24""> <div class=""section""> <div class=""layoutArea""> <div class=""column""> <div class=""page"" title=""Page 25""> <div class=""section""> <div class=""layoutArea""> <div class=""column""> <div class=""page"" title=""Page 26""> <div class=""section""> <div class=""layoutArea""> <div class=""column""> <p> </p> <div class=""page"" title=""Page 27""> <div class=""section""> <div class=""layoutArea""> <div class=""column""> <p><span style=""font-weight: normal;"">Coordinates recommendations from different consultants to optimize patient care</span></p> </div> </div> </div> </div> </div> </div> </div> </div> </div> </div> </div> </div> </div> </div> </div> </div> </div> </div> </div> </div> </div> </div> </div> </div> </div> </div> </div> </div> </div> </div> </div> </div> </div> </div> </div> </div> </div> </div> </div> </div> </td> <td style=""width: 19.8376%;""> <div class=""page"" title=""Page 8""> <div class=""section""> <div class=""layoutArea""> <div class=""column""> <div class=""page"" title=""Page 18""> <div class=""section""> <div class=""layoutArea""> <div class=""column""> <div class=""page"" title=""Page 19""> <div class=""section""> <div class=""layoutArea""> <div class=""column""> <div class=""page"" title=""Page 20""> <div class=""page"" title=""Page 20""> <div class=""section""> <div class=""layoutArea""> <div class=""column""> <div class=""page"" title=""Page 21""> <div class=""section""> <div class=""layoutArea""> <div class=""column""> <div class=""page"" title=""Page 22""> <div class=""section""> <div class=""layoutArea""> <div class=""column""> <div class=""page"" title=""Page 23""> <div class=""section""> <div class=""layoutArea""> <div class=""column""> <div class=""page"" title=""Page 24""> <div class=""section""> <div class=""layoutArea""> <div class=""column""> <div class=""page"" title=""Page 25""> <div class=""section""> <div class=""layoutArea""> <div class=""column""> <div class=""page"" title=""Page 26""> <div class=""section""> <div class=""layoutArea""> <div class=""column""> <div class=""page"" title=""Page 27""> <div class=""section""> <div class=""layoutArea""> <div class=""column""> <div class=""page"" title=""Page 27""> <div class=""section""> <div class=""layoutArea""> <div class=""column""> <p><span style=""font-weight: normal;"">Facilitates conflict resolution between and amongst consultants when disagreement exists</span></p> </div> </div> </div> </div> </div> </div> </div> </div> </div> </div> </div> </div> </div> </div> </div> </div> </div> </div> </div> </div> </div> </div> </div> </div> </div> </div> </div> </div> </div> </div> </div> </div> </div> </div> </div> </div> </div> </div> </div> </div> </div> </div> </div> </div> </div> </div> </div> </div> </div> </td> </tr> <tr> <td style=""width: 19.8376%;""> <div class=""page"" title=""Page 8""> <div class=""section""> <div class=""layoutArea""> <div class=""column""> <div class=""page"" title=""Page 18""> <div class=""section""> <div class=""layoutArea""> <div class=""column""> <div class=""page"" title=""Page 19""> <div class=""section""> <div class=""layoutArea""> <div class=""column""> <p><span style=""font-weight: normal;""> Uses verbal and non- verbal communication that values all members of the interprofessional team</span></p> </div> </div> </div> </div> </div> </div> </div> </div> </div> </div> </div> </div> </td> <td style=""width: 20.15%;""> <div class=""page"" title=""Page 8""> <div class=""section""> <div class=""layoutArea""> <div class=""column""> <div class=""page"" title=""Page 18""> <div class=""section""> <div class=""layoutArea""> <div class=""column""> <div class=""page"" title=""Page 19""> <div class=""section""> <div class=""layoutArea""> <div class=""column""> <p><span style=""font-weight: normal;"">Communicates information, including basic feedback with all interprofessional team members </span></p> </div> </div> </div> </div> </div> </div> </div> </div> </div> </div> </div> </div> </td> <td style=""width: 19.9938%;""> <div class=""page"" title=""Page 8""> <div class=""section""> <div class=""layoutArea""> <div class=""column""> <div class=""page"" title=""Page 18""> <div class=""section""> <div class=""layoutArea""> <div class=""column""> <div class=""page"" title=""Page 19""> <div class=""section""> <div class=""layoutArea""> <div class=""column""> <p><span style=""font-weight: normal;"">Facilitates interprofessional team communication to reconcile conflict and provides difficult feedback </span></p> </div> </div> </div> </div> </div> </div> </div> </div> </div> </div> </div> </div> </td> <td style=""width: 20.15%;""> <div class=""page"" title=""Page 8""> <div class=""section""> <div class=""layoutArea""> <div class=""column""> <div class=""page"" title=""Page 18""> <div class=""section""> <div class=""layoutArea""> <div class=""column""> <div class=""page"" title=""Page 19""> <div class=""section""> <div class=""layoutArea""> <div class=""column""> <p><span style=""font-weight: normal;"">Adapts communication style to fit interprofessional team needs and maximizes impact of feedback to the team </span></p> </div> </div> </div> </div> </div> </div> </div> </div> </div> </div> </div> </div> </td> <td style=""width: 19.8376%;""> <div class=""page"" title=""Page 8""> <div class=""section""> <div class=""layoutArea""> <div class=""column""> <div class=""page"" title=""Page 18""> <div class=""section""> <div class=""layoutArea""> <div class=""column""> <div class=""page"" title=""Page 19""> <div class=""section""> <div class=""layoutArea""> <div class=""column""> <div class=""page"" title=""Page 20""> <div class=""page"" title=""Page 20""> <div class=""section""> <div class=""layoutArea""> <div class=""column""> <p><span style=""font-weight: normal;"">Models flexible communication strategies that facilitate excellence in interprofessional teamwork </span></p> </div> </div> </div> </div> </div> </div> </div> </div> </div> </div> </div> </div> </div> </div> </div> </div> </div> </td> </tr> </tbody> </table> <div class=""page"" title=""Page 20""> </div> <div class=""page"" title=""Page 20""> <div class=""page"" title=""Page 20""> </div> <div class=""page"" title=""Page 20"">A zero (""0"") indicates not yet completed level 1</div> <div class=""page"" title=""Page 20""> </div> </div></div>","0 | 5 | 9",NA,"number",NA,9,NA,NA,NA,"LH",NA,NA,NA,NA
"274","rep_ics2_self_desc","milestone_selfevaluation_c33c",NA,"notes","Please describe why you think you met this milestone",NA,NA,NA,NA,NA,NA,NA,NA,NA,NA,NA,NA,NA
"275","rep_ics3_self","milestone_selfevaluation_c33c",NA,"slider","<div class=""rich-text-field-label""><p>Interpersonal and Communication Skills 3: Communication within Health Care Systems</p> <p> </p> <table style=""border-collapse: collapse; width: 92.927864%;"" border=""1""> <tbody> <tr> <td style=""width: 19.817073%;"">Level 1</td> <td style=""width: 20.121951%;"">Level 2</td> <td style=""width: 19.969512%;"">Level 3</td> <td style=""width: 20.121951%;"">Level 4</td> <td style=""width: 19.817073%;"">Level 5</td> </tr> <tr> <td style=""width: 19.817073%;""> <div class=""page"" title=""Page 8""> <div class=""section""> <div class=""layoutArea""> <div class=""column""> <div class=""page"" title=""Page 18""> <div class=""section""> <div class=""layoutArea""> <div class=""column""> <div class=""page"" title=""Page 19""> <div class=""section""> <div class=""layoutArea""> <div class=""column""> <div class=""page"" title=""Page 21""> <div class=""section""> <div class=""layoutArea""> <div class=""column""> <p><span style=""font-weight: normal;"">Accurately documents comprehensive and current information</span></p> </div> </div> </div> </div> </div> </div> </div> </div> </div> </div> </div> </div> </div> </div> </div> </div> </td> <td style=""width: 20.121951%;""> <div class=""page"" title=""Page 8""> <div class=""section""> <div class=""layoutArea""> <div class=""column""> <div class=""page"" title=""Page 18""> <div class=""section""> <div class=""layoutArea""> <div class=""column""> <div class=""page"" title=""Page 19""> <div class=""section""> <div class=""layoutArea""> <div class=""column""> <div class=""page"" title=""Page 21""> <div class=""section""> <div class=""layoutArea""> <div class=""column""> <div class=""page"" title=""Page 22""> <div class=""section""> <div class=""layoutArea""> <div class=""column""> <div class=""page"" title=""Page 23""> <div class=""section""> <div class=""layoutArea""> <div class=""column""> <div class=""page"" title=""Page 24""> <div class=""section""> <div class=""layoutArea""> <div class=""column""> <div class=""page"" title=""Page 25""> <div class=""section""> <div class=""layoutArea""> <div class=""column""> <div class=""page"" title=""Page 26""> <div class=""section""> <div class=""layoutArea""> <div class=""column""> <div class=""page"" title=""Page 27""> <div class=""section""> <div class=""layoutArea""> <div class=""column""> <div class=""page"" title=""Page 28""> <div class=""section""> <div class=""layoutArea""> <div class=""column""> <p><span style=""font-weight: normal;"">Documents clinical encounter, including reasoning, through organized notes</span></p> </div> </div> </div> </div> </div> </div> </div> </div> </div> </div> </div> </div> </div> </div> </div> </div> </div> </div> </div> </div> </div> </div> </div> </div> </div> </div> </div> </div> </div> </div> </div> </div> </div> </div> </div> </div> </div> </div> </div> </div> </div> </div> </div> </div> </td> <td style=""width: 19.969512%;""> <div class=""page"" title=""Page 8""> <div class=""section""> <div class=""layoutArea""> <div class=""column""> <div class=""page"" title=""Page 18""> <div class=""section""> <div class=""layoutArea""> <div class=""column""> <div class=""page"" title=""Page 19""> <div class=""section""> <div class=""layoutArea""> <div class=""column""> <div class=""page"" title=""Page 21""> <div class=""section""> <div class=""layoutArea""> <div class=""column""> <div class=""page"" title=""Page 22""> <div class=""section""> <div class=""layoutArea""> <div class=""column""> <div class=""page"" title=""Page 23""> <div class=""section""> <div class=""layoutArea""> <div class=""column""> <div class=""page"" title=""Page 24""> <div class=""section""> <div class=""layoutArea""> <div class=""column""> <div class=""page"" title=""Page 25""> <div class=""section""> <div class=""layoutArea""> <div class=""column""> <div class=""page"" title=""Page 26""> <div class=""section""> <div class=""layoutArea""> <div class=""column""> <div class=""page"" title=""Page 27""> <div class=""section""> <div class=""layoutArea""> <div class=""column""> <div class=""page"" title=""Page 28""> <div class=""section""> <div class=""layoutArea""> <div class=""column""> <p><span style=""font-weight: normal;"">Documents clinical encounter through concise and thorough notes</span></p> </div> </div> </div> </div> </div> </div> </div> </div> </div> </div> </div> </div> </div> </div> </div> </div> </div> </div> </div> </div> </div> </div> </div> </div> </div> </div> </div> </div> </div> </div> </div> </div> </div> </div> </div> </div> </div> </div> </div> </div> </div> </div> </div> </div> </td> <td style=""width: 20.121951%;""> <div class=""page"" title=""Page 8""> <div class=""section""> <div class=""layoutArea""> <div class=""column""> <div class=""page"" title=""Page 18""> <div class=""section""> <div class=""layoutArea""> <div class=""column""> <div class=""page"" title=""Page 19""> <div class=""section""> <div class=""layoutArea""> <div class=""column""> <div class=""page"" title=""Page 21""> <div class=""section""> <div class=""layoutArea""> <div class=""column""> <div class=""page"" title=""Page 22""> <div class=""section""> <div class=""layoutArea""> <div class=""column""> <div class=""page"" title=""Page 23""> <div class=""section""> <div class=""layoutArea""> <div class=""column""> <div class=""page"" title=""Page 24""> <div class=""section""> <div class=""layoutArea""> <div class=""column""> <div class=""page"" title=""Page 25""> <div class=""section""> <div class=""layoutArea""> <div class=""column""> <div class=""page"" title=""Page 26""> <div class=""section""> <div class=""layoutArea""> <div class=""column""> <p> </p> <div class=""page"" title=""Page 27""> <div class=""section""> <div class=""layoutArea""> <div class=""column""> <div class=""page"" title=""Page 28""> <div class=""section""> <div class=""layoutArea""> <div class=""column""> <p><span style=""font-weight: normal;"">Documents clinical encounter clearly, concisely, timely, and in an organized form, including anticipatory guidance</span></p> </div> </div> </div> </div> </div> </div> </div> </div> </div> </div> </div> </div> </div> </div> </div> </div> </div> </div> </div> </div> </div> </div> </div> </div> </div> </div> </div> </div> </div> </div> </div> </div> </div> </div> </div> </div> </div> </div> </div> </div> </div> </div> </div> </div> </td> <td style=""width: 19.817073%;""> <div class=""page"" title=""Page 8""> <div class=""section""> <div class=""layoutArea""> <div class=""column""> <div class=""page"" title=""Page 18""> <div class=""section""> <div class=""layoutArea""> <div class=""column""> <div class=""page"" title=""Page 19""> <div class=""section""> <div class=""layoutArea""> <div class=""column""> <div class=""page"" title=""Page 20""> <div class=""page"" title=""Page 20""> <div class=""section""> <div class=""layoutArea""> <div class=""column""> <div class=""page"" title=""Page 21""> <div class=""section""> <div class=""layoutArea""> <div class=""column""> <div class=""page"" title=""Page 22""> <div class=""section""> <div class=""layoutArea""> <div class=""column""> <div class=""page"" title=""Page 23""> <div class=""section""> <div class=""layoutArea""> <div class=""column""> <div class=""page"" title=""Page 24""> <div class=""section""> <div class=""layoutArea""> <div class=""column""> <div class=""page"" title=""Page 25""> <div class=""section""> <div class=""layoutArea""> <div class=""column""> <div class=""page"" title=""Page 26""> <div class=""section""> <div class=""layoutArea""> <div class=""column""> <div class=""page"" title=""Page 27""> <div class=""section""> <div class=""layoutArea""> <div class=""column""> <div class=""page"" title=""Page 27""> <div class=""section""> <div class=""layoutArea""> <div class=""column""> <div class=""page"" title=""Page 28""> <div class=""section""> <div class=""layoutArea""> <div class=""column""> <p><span style=""font-weight: normal;"">Guides departmental or institutional communication policies and procedures</span></p> </div> </div> </div> </div> </div> </div> </div> </div> </div> </div> </div> </div> </div> </div> </div> </div> </div> </div> </div> </div> </div> </div> </div> </div> </div> </div> </div> </div> </div> </div> </div> </div> </div> </div> </div> </div> </div> </div> </div> </div> </div> </div> </div> </div> </div> </div> </div> </div> </div> </div> </div> </div> </div> </td> </tr> <tr> <td style=""width: 19.817073%;""> <div class=""page"" title=""Page 8""> <div class=""section""> <div class=""layoutArea""> <div class=""column""> <div class=""page"" title=""Page 18""> <div class=""section""> <div class=""layoutArea""> <div class=""column""> <div class=""page"" title=""Page 19""> <div class=""section""> <div class=""layoutArea""> <div class=""column""> <p><span style=""font-weight: normal;""> Communicates using formats specified by institutional policy to safeguard patient personal health information</span></p> </div> </div> </div> </div> </div> </div> </div> </div> </div> </div> </div> </div> </td> <td style=""width: 20.121951%;""> <div class=""page"" title=""Page 8""> <div class=""section""> <div class=""layoutArea""> <div class=""column""> <div class=""page"" title=""Page 18""> <div class=""section""> <div class=""layoutArea""> <div class=""column""> <div class=""page"" title=""Page 19""> <div class=""section""> <div class=""layoutArea""> <div class=""column""> <p><span style=""font-weight: normal;"">Selects direct (e.g., telephone, in-person) and indirect (e.g., progress notes, text messages) forms of communication based on context, with assistance </span></p> </div> </div> </div> </div> </div> </div> </div> </div> </div> </div> </div> </div> </td> <td style=""width: 19.969512%;""> <div class=""page"" title=""Page 8""> <div class=""section""> <div class=""layoutArea""> <div class=""column""> <div class=""page"" title=""Page 18""> <div class=""section""> <div class=""layoutArea""> <div class=""column""> <div class=""page"" title=""Page 19""> <div class=""section""> <div class=""layoutArea""> <div class=""column""> <p><span style=""font-weight: normal;"">Appropriately selects direct and indirect forms of communication based on context </span></p> </div> </div> </div> </div> </div> </div> </div> </div> </div> </div> </div> </div> </td> <td style=""width: 20.121951%;""> <div class=""page"" title=""Page 8""> <div class=""section""> <div class=""layoutArea""> <div class=""column""> <div class=""page"" title=""Page 18""> <div class=""section""> <div class=""layoutArea""> <div class=""column""> <div class=""page"" title=""Page 19""> <div class=""section""> <div class=""layoutArea""> <div class=""column""> <p><span style=""font-weight: normal;"">Models effective written and verbal communication </span></p> </div> </div> </div> </div> </div> </div> </div> </div> </div> </div> </div> </div> </td> <td style=""width: 19.817073%;""> <div class=""page"" title=""Page 8""> <div class=""section""> <div class=""layoutArea""> <div class=""column""> <div class=""page"" title=""Page 18""> <div class=""section""> <div class=""layoutArea""> <div class=""column""> <div class=""page"" title=""Page 19""> <div class=""section""> <div class=""layoutArea""> <div class=""column""> <div class=""page"" title=""Page 20""> <div class=""page"" title=""Page 20""> <div class=""section""> <div class=""layoutArea""> <div class=""column""> <p><span style=""font-weight: normal;""> </span></p> </div> </div> </div> </div> </div> </div> </div> </div> </div> </div> </div> </div> </div> </div> </div> </div> </div> </td> </tr> </tbody> </table> <div class=""page"" title=""Page 20""> </div> <div class=""page"" title=""Page 20""> <div class=""page"" title=""Page 20""> </div> <div class=""page"" title=""Page 20"">A zero (""0"") indicates not yet completed level 1</div> <div class=""page"" title=""Page 20""> </div> </div></div>","0 | 5 | 9",NA,"number",NA,9,NA,NA,NA,"LH",NA,NA,NA,NA
"276","rep_ics3_self_desc","milestone_selfevaluation_c33c",NA,"notes","Please describe why you think you met this milestone",NA,NA,NA,NA,NA,NA,NA,NA,NA,NA,NA,NA,NA
"277","acgme_mile_period","acgme_miles",NA,"dropdown","Milestone Period","1, Mid Intern | 2, End Intern | 3, Mid PGY2 | 4, End PGY2 | 5, Mid PGY3 | 6, Graduating",NA,NA,NA,NA,NA,NA,NA,NA,NA,NA,NA,NA
"278","acgme_pc1","acgme_miles","<div class=""rich-text-field-label""><p>Patient Care</p></div>","slider","<div class=""rich-text-field-label""><p>Patient Care 1: History</p> <p>Previous rating: [rep_pc1][previous-instance]</p> <p>Most recent self-evaluation rating: [rep_pc1_self][last-instance]</p> <table style=""border-collapse: collapse; width: 92.927864%;"" border=""1""> <tbody> <tr> <td style=""width: 19.969512%;"">Level 1</td> <td style=""width: 19.969512%;"">Level 2</td> <td style=""width: 19.969512%;"">Level 3</td> <td style=""width: 20.27439%;"">Level 4</td> <td style=""width: 19.817073%;"">Level 5</td> </tr> <tr> <td style=""width: 19.969512%;""> <div class=""page"" title=""Page 8""> <div class=""section""> <div class=""layoutArea""> <div class=""column""> <p><span style=""font-weight: normal;"">Elicits and reports a comprehensive history for common patient presentations, with guidance</span></p> </div> </div> </div> </div> </td> <td style=""width: 19.969512%;""> <div class=""page"" title=""Page 8""> <div class=""section""> <div class=""layoutArea""> <div class=""column""> <p><span style=""font-weight: normal;"">Elicits and concisely reports a hypothesis- driven patient history for common patient presentations</span></p> </div> </div> </div> </div> </td> <td style=""width: 19.969512%;""> <div class=""page"" title=""Page 8""> <div class=""section""> <div class=""layoutArea""> <div class=""column""> <p><span style=""font-weight: normal;"">Elicits and concisely reports a hypothesis- driven patient history for complex patient presentations</span></p> </div> </div> </div> </div> </td> <td style=""width: 20.27439%;""> <div class=""page"" title=""Page 8""> <div class=""section""> <div class=""layoutArea""> <div class=""column""> <p><span style=""font-weight: normal;"">Efficiently elicits and concisely reports a patient history, incorporating pertinent psychosocial and other determinants of health</span></p> </div> </div> </div> </div> </td> <td style=""width: 19.817073%;""> <div class=""page"" title=""Page 8""> <div class=""section""> <div class=""layoutArea""> <div class=""column""> <p><span style=""font-weight: normal;"">Efficiently and effectively tailors the history taking, including relevant historical subtleties, based on patient, family, and system needs</span></p> </div> </div> </div> </div> </td> </tr> <tr> <td style=""width: 19.969512%;""> <div class=""page"" title=""Page 8""> <div class=""section""> <div class=""layoutArea""> <div class=""column""> <p><span style=""font-weight: normal;"">Seeks data from secondary sources, with guidance</span></p> </div> </div> </div> </div> </td> <td style=""width: 19.969512%;""> <div class=""page"" title=""Page 8""> <div class=""section""> <div class=""layoutArea""> <div class=""column""> <p><span style=""font-weight: normal;"">Independently obtains data from secondary sources</span></p> </div> </div> </div> </div> </td> <td style=""width: 19.969512%;""> <div class=""page"" title=""Page 8""> <div class=""section""> <div class=""layoutArea""> <div class=""column""> <p><span style=""font-weight: normal;"">Reconciles current data with secondary sources</span></p> </div> </div> </div> </div> </td> <td style=""width: 20.27439%;""> <div class=""page"" title=""Page 8""> <div class=""section""> <div class=""layoutArea""> <div class=""column""> <p><span style=""font-weight: normal;"">Uses history and secondary data to guide the need for further diagnostic testing</span></p> <div class=""page"" title=""Page 8""> <div class=""section""> <div class=""layoutArea""> <div class=""column""> <p><span style=""font-weight: normal;""> </span></p> </div> </div> </div> </div> </div> </div> </div> </div> </td> <td style=""width: 19.817073%;""><span style=""font-weight: normal;"">Models effective use of history to guide the need for further diagnostic testing</span></td> </tr> </tbody> </table> <p>A zero (""0"") indicates not yet completed level 1</p></div>","0 | 5 | 9","PC1","number",NA,9,NA,NA,NA,"LH",NA,NA,NA,NA
"279","acgme_pc2","acgme_miles",NA,"slider","<div class=""rich-text-field-label""><p>Patient Care 2: Physical Examination</p> <p>Previous rating: [rep_pc2][previous-instance]</p> <p>Most recent self-evaluation rating: [rep_pc2_self][last-instance]</p> <table style=""border-collapse: collapse; width: 92.927864%;"" border=""1""> <tbody> <tr> <td style=""width: 19.969512%;"">Level 1</td> <td style=""width: 19.969512%;"">Level 2</td> <td style=""width: 19.969512%;"">Level 3</td> <td style=""width: 20.27439%;"">Level 4</td> <td style=""width: 19.817073%;"">Level 5</td> </tr> <tr> <td style=""width: 19.969512%;""> <div class=""page"" title=""Page 8""> <div class=""section""> <div class=""layoutArea""> <div class=""column""><span style=""font-weight: normal;"">Performs a general</span><br role=""presentation"" /><span style=""font-weight: normal;"">physical examination</span><br role=""presentation"" /><span style=""font-weight: normal;"">while attending to patient</span><br role=""presentation"" /><span style=""font-weight: normal;"">comfort and safety</span></div> </div> </div> </div> </td> <td style=""width: 19.969512%;""> <div class=""page"" title=""Page 8""> <div class=""section""> <div class=""layoutArea""> <div class=""column""> <p><span style=""font-weight: normal;"">Performs a hypothesis-</span><br role=""presentation"" /><span style=""font-weight: normal;"">driven physical</span><br role=""presentation"" /><span style=""font-weight: normal;"">examination for a</span><br role=""presentation"" /><span style=""font-weight: normal;"">common patient</span><br role=""presentation"" /><span style=""font-weight: normal;"">presentation</span></p> </div> </div> </div> </div> </td> <td style=""width: 19.969512%;""> <div class=""page"" title=""Page 8""> <div class=""section""> <div class=""layoutArea""> <div class=""column""> <p><span style=""font-weight: normal;"">Performs a hypothesis-</span><br role=""presentation"" /><span style=""font-weight: normal;"">driven physical</span><br role=""presentation"" /><span style=""font-weight: normal;"">examination for a</span><br role=""presentation"" /><span style=""font-weight: normal;"">complex patient</span><br role=""presentation"" /><span style=""font-weight: normal;"">presentation</span></p> </div> </div> </div> </div> </td> <td style=""width: 20.27439%;""> <div class=""page"" title=""Page 8""> <div class=""section""> <div class=""layoutArea""> <div class=""column""> <p><span style=""font-weight: normal;"">Uses advanced</span><br role=""presentation"" /><span style=""font-weight: normal;"">maneuvers to elicit</span><br role=""presentation"" /><span style=""font-weight: normal;"">subtle findings</span></p> </div> </div> </div> </div> </td> <td style=""width: 19.817073%;""> <div class=""page"" title=""Page 8""> <div class=""section""> <div class=""layoutArea""> <div class=""column""> <p><span style=""font-weight: normal;"">Models effective</span><br role=""presentation"" /><span style=""font-weight: normal;"">evidence-based physical</span><br role=""presentation"" /><span style=""font-weight: normal;"">examination technique</span></p> </div> </div> </div> </div> </td> </tr> <tr> <td style=""width: 19.969512%;""> <div class=""page"" title=""Page 8""> <div class=""section""> <div class=""layoutArea""> <div class=""column""> <p><span style=""font-weight: normal;"">Identifies common</span><br role=""presentation"" /><span style=""font-weight: normal;"">abnormal findings</span></p> </div> </div> </div> </div> </td> <td style=""width: 19.969512%;""> <div class=""page"" title=""Page 8""> <div class=""section""> <div class=""layoutArea""> <div class=""column""> <p><span style=""font-weight: normal;"">Interprets common</span><br role=""presentation"" /><span style=""font-weight: normal;"">abnormal findings</span></p> </div> </div> </div> </div> </td> <td style=""width: 19.969512%;""> <div class=""page"" title=""Page 8""> <div class=""section""> <div class=""layoutArea""> <div class=""column""> <p><span style=""font-weight: normal;"">Identifies and interprets</span><br role=""presentation"" /><span style=""font-weight: normal;"">uncommon and complex</span><br role=""presentation"" /><span style=""font-weight: normal;"">abnormal findings</span></p> </div> </div> </div> </div> </td> <td style=""width: 20.27439%;""> <div class=""page"" title=""Page 8""> <div class=""section""> <div class=""layoutArea""> <div class=""column""> <p><span style=""font-weight: normal;"">Integrates subtle</span><br role=""presentation"" /><span style=""font-weight: normal;"">physical examination</span><br role=""presentation"" /><span style=""font-weight: normal;"">findings to guide</span><br role=""presentation"" /><span style=""font-weight: normal;"">diagnosis and</span><br role=""presentation"" /><span style=""font-weight: normal;"">management</span></p> <div class=""page"" title=""Page 8""> <div class=""section""> <div class=""layoutArea""> <div class=""column""> <p><span style=""font-weight: normal;""> </span></p> </div> </div> </div> </div> </div> </div> </div> </div> </td> <td style=""width: 19.817073%;""><span style=""font-weight: normal;"">Teaches the predictive</span><br role=""presentation"" /><span style=""font-weight: normal;"">values of the examination</span><br role=""presentation"" /><span style=""font-weight: normal;"">findings to guide</span><br role=""presentation"" /><span style=""font-weight: normal;"">diagnosis and</span><br role=""presentation"" /><span style=""font-weight: normal;"">management</span></td> </tr> </tbody> </table> <p>A zero (""0"") indicates not yet completed level 1</p></div>","0 | 5 | 9","PC2","number",NA,9,NA,NA,NA,"LH",NA,NA,NA,NA
"280","acgme_pc3","acgme_miles",NA,"slider","<div class=""rich-text-field-label""><p>Patient Care 3: Clinical Reasoning</p> <p>Previous rating: [rep_pc3][previous-instance]</p> <p>Most recent self-evaluation rating: [rep_pc3_self][last-instance]</p> <table style=""border-collapse: collapse; width: 92.927864%;"" border=""1""> <tbody> <tr> <td style=""width: 19.969512%;"">Level 1</td> <td style=""width: 19.969512%;"">Level 2</td> <td style=""width: 19.969512%;"">Level 3</td> <td style=""width: 20.27439%;"">Level 4</td> <td style=""width: 19.817073%;"">Level 5</td> </tr> <tr> <td style=""width: 19.969512%;""> <div class=""page"" title=""Page 8""> <div class=""section""> <div class=""layoutArea""> <div class=""column""> <p><span style=""font-weight: normal;"">Organizes and</span><br role=""presentation"" /><span style=""font-weight: normal;"">accurately summarizes</span><br role=""presentation"" /><span style=""font-weight: normal;"">information obtained</span><br role=""presentation"" /><span style=""font-weight: normal;"">from the patient</span><br role=""presentation"" /><span style=""font-weight: normal;"">evaluation to develop a</span><br role=""presentation"" /><span style=""font-weight: normal;"">clinical impression</span></p> </div> </div> </div> </div> </td> <td style=""width: 19.969512%;""> <div class=""page"" title=""Page 8""> <div class=""section""> <div class=""layoutArea""> <div class=""column""> <p><span style=""font-weight: normal;"">Integrates information</span><br role=""presentation"" /><span style=""font-weight: normal;"">from all sources to</span><br role=""presentation"" /><span style=""font-weight: normal;"">develop a basic</span><br role=""presentation"" /><span style=""font-weight: normal;"">differential diagnosis for</span><br role=""presentation"" /><span style=""font-weight: normal;"">common patient</span><br role=""presentation"" /><span style=""font-weight: normal;"">presentations</span></p> </div> </div> </div> </div> </td> <td style=""width: 19.969512%;""> <div class=""page"" title=""Page 8""> <div class=""section""> <div class=""layoutArea""> <div class=""column""> <p><span style=""font-weight: normal;"">Develops a thorough and</span><br role=""presentation"" /><span style=""font-weight: normal;"">prioritized differential</span><br role=""presentation"" /><span style=""font-weight: normal;"">diagnosis for common</span><br role=""presentation"" /><span style=""font-weight: normal;"">patient presentations</span></p> </div> </div> </div> </div> </td> <td style=""width: 20.27439%;""> <div class=""page"" title=""Page 8""> <div class=""section""> <div class=""layoutArea""> <div class=""column""> <p><span style=""font-weight: normal;"">Develops prioritized</span><br role=""presentation"" /><span style=""font-weight: normal;"">differential diagnoses in</span><br role=""presentation"" /><span style=""font-weight: normal;"">complex patient</span><br role=""presentation"" /><span style=""font-weight: normal;"">presentations and</span><br role=""presentation"" /><span style=""font-weight: normal;"">incorporates subtle,</span><br role=""presentation"" /><span style=""font-weight: normal;"">unusual, or conflicting</span><br role=""presentation"" /><span style=""font-weight: normal;"">findings</span></p> </div> </div> </div> </div> </td> <td style=""width: 19.817073%;""> <div class=""page"" title=""Page 8""> <div class=""section""> <div class=""layoutArea""> <div class=""column""> <p><span style=""font-weight: normal;"">Coaches others to</span><br role=""presentation"" /><span style=""font-weight: normal;"">develop prioritized</span><br role=""presentation"" /><span style=""font-weight: normal;"">differential diagnoses in</span><br role=""presentation"" /><span style=""font-weight: normal;"">complex patient</span><br role=""presentation"" /><span style=""font-weight: normal;"">presentations</span></p> </div> </div> </div> </div> </td> </tr> <tr> <td style=""width: 19.969512%;""> <div class=""page"" title=""Page 8""> <div class=""section""> <div class=""layoutArea""> <div class=""column""> <p> </p> </div> </div> </div> </div> </td> <td style=""width: 19.969512%;""> <div class=""page"" title=""Page 8""> <div class=""section""> <div class=""layoutArea""> <div class=""column""> <p><span style=""font-weight: normal;"">Identifies clinical</span><br role=""presentation"" /><span style=""font-weight: normal;"">reasoning errors within</span><br role=""presentation"" /><span style=""font-weight: normal;"">patient care, with</span><br role=""presentation"" /><span style=""font-weight: normal;"">guidance</span></p> </div> </div> </div> </div> </td> <td style=""width: 19.969512%;""> <div class=""page"" title=""Page 8""> <div class=""section""> <div class=""layoutArea""> <div class=""column""> <p><span style=""font-weight: normal;"">Retrospectively applies</span><br role=""presentation"" /><span style=""font-weight: normal;"">clinical reasoning</span><br role=""presentation"" /><span style=""font-weight: normal;"">principles to identify</span><br role=""presentation"" /><span style=""font-weight: normal;"">errors</span></p> </div> </div> </div> </div> </td> <td style=""width: 20.27439%;""> <div class=""page"" title=""Page 8""> <div class=""section""> <div class=""layoutArea""> <div class=""column""> <p><span style=""font-weight: normal;"">Continually re-appraises</span><br role=""presentation"" /><span style=""font-weight: normal;"">one's own clinical</span><br role=""presentation"" /><span style=""font-weight: normal;"">reasoning to improve</span><br role=""presentation"" /><span style=""font-weight: normal;"">patient care in real time</span></p> <div class=""page"" title=""Page 8""> <div class=""section""> <div class=""layoutArea""> <div class=""column""> <p><span style=""font-weight: normal;""> </span></p> </div> </div> </div> </div> </div> </div> </div> </div> </td> <td style=""width: 19.817073%;""><span style=""font-weight: normal;"">Models how to recognize</span><br role=""presentation"" /><span style=""font-weight: normal;"">errors and reflect upon</span><br role=""presentation"" /><span style=""font-weight: normal;"">one's own clinical</span><br role=""presentation"" /><span style=""font-weight: normal;"">reasoning</span></td> </tr> </tbody> </table> <p>A zero (""0"") indicates not yet completed level 1</p></div>","0 | 5 | 9","PC3","number",NA,9,NA,NA,NA,"LH",NA,NA,NA,NA
"281","acgme_pc4","acgme_miles",NA,"slider","<div class=""rich-text-field-label""><p>Patient Care 4: Patient Management - Inpatient</p> <p>Previous rating: [rep_pc4][previous-instance]</p> <p>Most recent self-evaluation rating: [rep_pc4_self][last-instance]</p> <table style=""border-collapse: collapse; width: 92.927864%;"" border=""1""> <tbody> <tr> <td style=""width: 19.9938%;"">Level 1</td> <td style=""width: 19.9938%;"">Level 2</td> <td style=""width: 19.9938%;"">Level 3</td> <td style=""width: 20.3062%;"">Level 4</td> <td style=""width: 19.6813%;"">Level 5</td> </tr> <tr> <td style=""width: 19.9938%;""> <div class=""page"" title=""Page 8""> <div class=""section""> <div class=""layoutArea""> <div class=""column""> <p><span style=""font-weight: normal;"">Formulates management</span><br role=""presentation"" /><span style=""font-weight: normal;"">plans for common</span><br role=""presentation"" /><span style=""font-weight: normal;"">conditions, with guidance</span></p> </div> </div> </div> </div> </td> <td style=""width: 19.9938%;""> <div class=""page"" title=""Page 8""> <div class=""section""> <div class=""layoutArea""> <div class=""column""><span style=""font-weight: normal;"">Develops and implements</span><br role=""presentation"" /><span style=""font-weight: normal;"">management plans for </span><span style=""font-weight: normal;"">common conditions,</span><br role=""presentation"" /><span style=""font-weight: normal;"">recognizing acuity, and </span><span style=""font-weight: normal;"">modifies based on the</span><br role=""presentation"" /><span style=""font-weight: normal;"">clinical course</span></div> </div> </div> </div> </td> <td style=""width: 19.9938%;""> <div class=""page"" title=""Page 8""> <div class=""section""> <div class=""layoutArea""> <div class=""column""> <p><span style=""font-weight: normal;"">Develops and implements</span><br role=""presentation"" /><span style=""font-weight: normal;"">value-based (high value) </span><span style=""font-weight: normal;"">management plans for </span><span style=""font-weight: normal;"">patients with multisystem</span><br role=""presentation"" /><span style=""font-weight: normal;"">disease and comorbid</span><br role=""presentation"" /><span style=""font-weight: normal;"">conditions; modifies </span><span style=""font-weight: normal;"">based on the clinical </span><span style=""font-weight: normal;"">course</span></p> </div> </div> </div> </div> </td> <td style=""width: 20.3062%;""> <div class=""page"" title=""Page 8""> <div class=""section""> <div class=""layoutArea""> <div class=""column""> <p><span style=""font-weight: normal;"">Uses shared decision </span><span style=""font-weight: normal;"">making to develop and</span><br role=""presentation"" /><span style=""font-weight: normal;"">implement value-based </span><span style=""font-weight: normal;"">(high value)</span><br role=""presentation"" /><span style=""font-weight: normal;"">comprehensive</span><br role=""presentation"" /><span style=""font-weight: normal;"">management plans for </span><span style=""font-weight: normal;"">patients with comorbid </span><span style=""font-weight: normal;"">and multisystem</span><br role=""presentation"" /><span style=""font-weight: normal;"">disease, including those </span><span style=""font-weight: normal;"">patients requiring critical</span><br role=""presentation"" /><span style=""font-weight: normal;"">care</span></p> </div> </div> </div> </div> </td> <td style=""width: 19.6813%;""> <div class=""page"" title=""Page 8""> <div class=""section""> <div class=""layoutArea""> <div class=""column""> <p><span style=""font-weight: normal;"">Develops and implements</span><br role=""presentation"" /><span style=""font-weight: normal;"">comprehensive</span><br role=""presentation"" /><span style=""font-weight: normal;"">management plans for</span><br role=""presentation"" /><span style=""font-weight: normal;"">patients with rare or </span><span style=""font-weight: normal;"">ambiguous presentations</span><br role=""presentation"" /><span style=""font-weight: normal;"">or unusual comorbid</span><br role=""presentation"" /><span style=""font-weight: normal;"">conditions</span></p> </div> </div> </div> </div> </td> </tr> <tr> <td style=""width: 19.9938%;""> <div class=""page"" title=""Page 8""> <div class=""section""> <div class=""layoutArea""> <div class=""column""> <p><span style=""font-weight: normal;"">Identifies opportunities to</span><br role=""presentation"" /><span style=""font-weight: normal;"">maintain and promote </span><span style=""font-weight: normal;"">health</span></p> </div> </div> </div> </div> </td> <td style=""width: 19.9938%;""> <div class=""page"" title=""Page 8""> <div class=""section""> <div class=""layoutArea""> <div class=""column""> <p><span style=""font-weight: normal;"">Develops and implements</span><br role=""presentation"" /><span style=""font-weight: normal;"">management plans to </span><span style=""font-weight: normal;"">maintain and promote </span><span style=""font-weight: normal;"">health, with guidance</span></p> </div> </div> </div> </div> </td> <td style=""width: 19.9938%;""> <div class=""page"" title=""Page 8""> <div class=""section""> <div class=""layoutArea""> <div class=""column""> <p><span style=""font-weight: normal;"">Independently develops </span><span style=""font-weight: normal;"">and implements plans to </span><span style=""font-weight: normal;"">maintain and promote </span><span style=""font-weight: normal;"">health, incorporating</span><br role=""presentation"" /><span style=""font-weight: normal;"">pertinent psychosocial</span><br role=""presentation"" /><span style=""font-weight: normal;"">and other determinants of</span><br role=""presentation"" /><span style=""font-weight: normal;"">health</span></p> </div> </div> </div> </div> </td> <td style=""width: 20.3062%;""> <div class=""page"" title=""Page 8""> <div class=""section""> <div class=""layoutArea""> <div class=""column""> <p><span style=""font-weight: normal;"">Independently develops </span><span style=""font-weight: normal;"">and implements</span><br role=""presentation"" /><span style=""font-weight: normal;"">comprehensive plans to</span><br role=""presentation"" /><span style=""font-weight: normal;"">maintain and promote</span><br role=""presentation"" /><span style=""font-weight: normal;"">health, incorporating</span><br role=""presentation"" /><span style=""font-weight: normal;"">pertinent psychosocial</span><br role=""presentation"" /><span style=""font-weight: normal;"">and other determinants</span><br role=""presentation"" /><span style=""font-weight: normal;"">of health</span></p> <div class=""page"" title=""Page 8""> <div class=""section""> <div class=""layoutArea""> <div class=""column""> <p><span style=""font-weight: normal;""> </span></p> </div> </div> </div> </div> </div> </div> </div> </div> </td> <td style=""width: 19.6813%;""> </td> </tr> </tbody> </table> <p>A zero (""0"") indicates not yet completed level 1</p></div>","0 | 5 | 9","PC4","number",NA,9,NA,NA,NA,"LH",NA,NA,NA,NA
"282","acgme_pc5","acgme_miles",NA,"slider","<div class=""rich-text-field-label""><p>Patient Care 5: Patient Management - Outpatient</p> <p>Previous rating: [rep_pc5][previous-instance]</p> <p>Most recent self-evaluation rating: [rep_pc5_self][last-instance]</p> <table style=""border-collapse: collapse; width: 92.927864%;"" border=""1""> <tbody> <tr> <td style=""width: 19.9938%;"">Level 1</td> <td style=""width: 19.9938%;"">Level 2</td> <td style=""width: 19.9938%;"">Level 3</td> <td style=""width: 20.3062%;"">Level 4</td> <td style=""width: 19.6813%;"">Level 5</td> </tr> <tr> <td style=""width: 19.9938%;""> <div class=""page"" title=""Page 8""> <div class=""section""> <div class=""layoutArea""> <div class=""column""> <p><span style=""font-weight: normal;"">Identifies opportunities to</span><br role=""presentation"" /><span style=""font-weight: normal;"">maintain and promote health</span></p> </div> </div> </div> </div> </td> <td style=""width: 19.9938%;""> <div class=""page"" title=""Page 8""> <div class=""section""> <div class=""layoutArea""> <div class=""column""><span style=""font-weight: normal;"">Develops and implements</span><br role=""presentation"" /><span style=""font-weight: normal;"">management plans to maintain and promote</span><br role=""presentation"" /><span style=""font-weight: normal;"">health</span></div> </div> </div> </div> </td> <td style=""width: 19.9938%;""> <div class=""page"" title=""Page 8""> <div class=""section""> <div class=""layoutArea""> <div class=""column""> <p><span style=""font-weight: normal;"">Develops and implements</span><br role=""presentation"" /><span style=""font-weight: normal;"">plans to maintain and promote health, incorporating pertinent</span><br role=""presentation"" /><span style=""font-weight: normal;"">psychosocial and other</span><br role=""presentation"" /><span style=""font-weight: normal;"">determinants of health</span></p> </div> </div> </div> </div> </td> <td style=""width: 20.3062%;""> <div class=""page"" title=""Page 8""> <div class=""section""> <div class=""layoutArea""> <div class=""column""> <p><span style=""font-weight: normal;"">Develops and</span><br role=""presentation"" /><span style=""font-weight: normal;"">implements value-</span><br role=""presentation"" /><span style=""font-weight: normal;"">based (high-value)</span><br role=""presentation"" /><span style=""font-weight: normal;"">comprehensive plans to</span><br role=""presentation"" /><span style=""font-weight: normal;"">maintain and promote</span><br role=""presentation"" /><span style=""font-weight: normal;"">health</span></p> </div> </div> </div> </div> </td> <td style=""width: 19.6813%;""> <div class=""page"" title=""Page 8""> <div class=""section""> <div class=""layoutArea""> <div class=""column""> </div> </div> </div> </div> </td> </tr> <tr> <td style=""width: 19.9938%;""> <div class=""page"" title=""Page 8""> <div class=""section""> <div class=""layoutArea""> <div class=""column""> <p><span style=""font-weight: normal;"">Formulates management</span><br role=""presentation"" /><span style=""font-weight: normal;"">plans for a common</span><br role=""presentation"" /><span style=""font-weight: normal;"">chronic condition, with</span><br role=""presentation"" /><span style=""font-weight: normal;"">guidance</span></p> </div> </div> </div> </div> </td> <td style=""width: 19.9938%;""> <div class=""page"" title=""Page 8""> <div class=""section""> <div class=""layoutArea""> <div class=""column""> <p><span style=""font-weight: normal;"">Develops and implements</span><br role=""presentation"" /><span style=""font-weight: normal;"">management plans for</span><br role=""presentation"" /><span style=""font-weight: normal;"">common chronic</span><br role=""presentation"" /><span style=""font-weight: normal;"">conditions</span></p> </div> </div> </div> </div> </td> <td style=""width: 19.9938%;""> <div class=""page"" title=""Page 8""> <div class=""section""> <div class=""layoutArea""> <div class=""column""> <p><span style=""font-weight: normal;"">Develops and implements</span><br role=""presentation"" /><span style=""font-weight: normal;"">management plans for</span><br role=""presentation"" /><span style=""font-weight: normal;"">multiple chronic</span><br role=""presentation"" /><span style=""font-weight: normal;"">conditions</span></p> </div> </div> </div> </div> </td> <td style=""width: 20.3062%;""> <div class=""page"" title=""Page 8""> <div class=""section""> <div class=""layoutArea""> <div class=""column""> <p><span style=""font-weight: normal;"">Develops and<br role=""presentation"" />implements value-<br role=""presentation"" />based (high value)<br role=""presentation"" />comprehensive<br role=""presentation"" />management plans for multiple chronic<br role=""presentation"" />conditions,<br role=""presentation"" />incorporating pertinent<br role=""presentation"" />psychosocial and other determinants of health</span></p> <div class=""page"" title=""Page 8""> <div class=""section""> <div class=""layoutArea""> <div class=""column""> <p><span style=""font-weight: normal;""> </span></p> </div> </div> </div> </div> </div> </div> </div> </div> </td> <td style=""width: 19.6813%;""><span style=""font-weight: normal;"">Creates and leads a comprehensive patient- centered management</span><br role=""presentation"" /><span style=""font-weight: normal;"">plan for the patient with</span><br role=""presentation"" /><span style=""font-weight: normal;"">highly complex chronic</span><br role=""presentation"" /><span style=""font-weight: normal;"">conditions, integrating</span><br role=""presentation"" /><span style=""font-weight: normal;"">recommendations from multiple disciplines</span></td> </tr> <tr> <td style=""width: 19.9938%;""> <div class=""page"" title=""Page 8""> <div class=""section""> <div class=""layoutArea""> <div class=""column""> <p><span style=""font-weight: normal;"">Formulates management<br role=""presentation"" />plans for acute common<br role=""presentation"" />conditions, with guidance</span></p> </div> </div> </div> </div> </td> <td style=""width: 19.9938%;""> <div class=""page"" title=""Page 8""> <div class=""section""> <div class=""layoutArea""> <div class=""column""> <p><span style=""font-weight: normal;"">Develops and implements<br role=""presentation"" />management plans for common acute conditions</span></p> </div> </div> </div> </div> </td> <td style=""width: 19.9938%;""> <div class=""page"" title=""Page 8""> <div class=""section""> <div class=""layoutArea""> <div class=""column""> <p><span style=""font-weight: normal;"">Develops and implements<br role=""presentation"" />an initial management<br role=""presentation"" />plan for patients with urgent or emergent<br role=""presentation"" />conditions in the setting of<br role=""presentation"" />chronic comorbidities</span></p> </div> </div> </div> </div> </td> <td style=""width: 20.3062%;""> <div class=""page"" title=""Page 8""> <div class=""section""> <div class=""layoutArea""> <div class=""column""> <p><span style=""font-weight: normal;"">Develops and<br role=""presentation"" />implements value-<br role=""presentation"" />based (high value)<br role=""presentation"" />management plans for patients with acute conditions</span></p> </div> </div> </div> </div> </td> <td style=""width: 19.6813%;""><span style=""font-weight: normal;"">Develops and implements</span><br role=""presentation"" /><span style=""font-weight: normal;"">management plans for</span><br role=""presentation"" /><span style=""font-weight: normal;"">patients with subtle</span><br role=""presentation"" /><span style=""font-weight: normal;"">presentations, including</span><br role=""presentation"" /><span style=""font-weight: normal;"">rare or ambiguous</span><br role=""presentation"" /><span style=""font-weight: normal;"">conditions</span></td> </tr> </tbody> </table> <p>A zero (""0"") indicates not yet completed level 1</p></div>","0 | 5 | 9","PC5","number",NA,9,NA,NA,NA,"LH",NA,NA,NA,NA
"283","acgme_pc6","acgme_miles",NA,"slider","<div class=""rich-text-field-label""><p>Patient Care 6: Digital Health</p> <p>Previous rating: [rep_pc6][previous-instance]</p> <p>Most recent self-evaluation rating: [rep_pc6_self][last-instance]</p> <table style=""border-collapse: collapse; width: 92.927864%;"" border=""1""> <tbody> <tr> <td style=""width: 19.969512%;"">Level 1</td> <td style=""width: 19.969512%;"">Level 2</td> <td style=""width: 19.969512%;"">Level 3</td> <td style=""width: 20.27439%;"">Level 4</td> <td style=""width: 19.817073%;"">Level 5</td> </tr> <tr> <td style=""width: 19.969512%;""> <div class=""page"" title=""Page 8""> <div class=""section""> <div class=""layoutArea""> <div class=""column""> <p><span style=""font-weight: normal;"">Uses electronic health</span><br role=""presentation"" /><span style=""font-weight: normal;"">record (EHR) for routine</span><br role=""presentation"" /><span style=""font-weight: normal;"">patient care activities</span></p> </div> </div> </div> </div> </td> <td style=""width: 19.969512%;""> <div class=""page"" title=""Page 8""> <div class=""section""> <div class=""layoutArea""> <div class=""column""> <p><span style=""font-weight: normal;"">Expands use of EHR to</span><br role=""presentation"" /><span style=""font-weight: normal;"">include and reconcile</span><br role=""presentation"" /><span style=""font-weight: normal;"">secondary data sources</span><br role=""presentation"" /><span style=""font-weight: normal;"">in patient care activities</span></p> </div> </div> </div> </div> </td> <td style=""width: 19.969512%;""> <div class=""page"" title=""Page 8""> <div class=""section""> <div class=""layoutArea""> <div class=""column""><span style=""font-weight: normal;"">Effectively uses EHR</span><br role=""presentation"" /><span style=""font-weight: normal;"">capabilities in managing</span><br role=""presentation"" /><span style=""font-weight: normal;"">acute and chronic care of</span><br role=""presentation"" /><span style=""font-weight: normal;"">patients</span></div> </div> </div> </div> </td> <td style=""width: 20.27439%;""> <div class=""page"" title=""Page 8""> <div class=""section""> <div class=""layoutArea""> <div class=""column""> <p><span style=""font-weight: normal;"">Uses EHR to facilitate</span><br role=""presentation"" /><span style=""font-weight: normal;"">achievement of quality</span><br role=""presentation"" /><span style=""font-weight: normal;"">targets for patient panels</span></p> </div> </div> </div> </div> </td> <td style=""width: 19.817073%;""> <div class=""page"" title=""Page 8""> <div class=""section""> <div class=""layoutArea""> <div class=""column""> <p><span style=""font-weight: normal;"">Leads improvements to</span><br role=""presentation"" /><span style=""font-weight: normal;"">the EHR</span></p> </div> </div> </div> </div> </td> </tr> <tr> <td style=""width: 19.969512%;""> <div class=""page"" title=""Page 8""> <div class=""section""> <div class=""layoutArea""> <div class=""column""> <p><span style=""font-weight: normal;"">Identifies the required</span><br role=""presentation"" /><span style=""font-weight: normal;"">components for a</span><br role=""presentation"" /><span style=""font-weight: normal;"">telehealth visit</span></p> </div> </div> </div> </div> </td> <td style=""width: 19.969512%;""> <div class=""page"" title=""Page 8""> <div class=""section""> <div class=""layoutArea""> <div class=""column""><span style=""font-weight: normal;"">Performs assigned</span><br role=""presentation"" /><span style=""font-weight: normal;"">telehealth visits using</span><br role=""presentation"" /><span style=""font-weight: normal;"">approved technology</span></div> </div> </div> </div> </td> <td style=""width: 19.969512%;""> <div class=""page"" title=""Page 8""> <div class=""section""> <div class=""layoutArea""> <div class=""column""> <p><span style=""font-weight: normal;"">Identifies clinical</span><br role=""presentation"" /><span style=""font-weight: normal;"">situations that can be</span><br role=""presentation"" /><span style=""font-weight: normal;"">managed through a</span><br role=""presentation"" /><span style=""font-weight: normal;"">telehealth visi</span></p> </div> </div> </div> </div> </td> <td style=""width: 20.27439%;""> <div class=""page"" title=""Page 8""> <div class=""section""> <div class=""layoutArea""> <div class=""column""> <p><span style=""font-weight: normal;"">Integrates telehealth<br role=""presentation"" />effectively into clinical<br role=""presentation"" />practice for the<br role=""presentation"" />management of acute<br role=""presentation"" />and chronic illness</span></p> <div class=""page"" title=""Page 8""> <div class=""section""> <div class=""layoutArea""> <div class=""column""> <p><span style=""font-weight: normal;""> </span></p> </div> </div> </div> </div> </div> </div> </div> </div> </td> <td style=""width: 19.817073%;""><span style=""font-weight: normal;"">Develops and innovates</span><br role=""presentation"" /><span style=""font-weight: normal;"">new ways to use</span><br role=""presentation"" /><span style=""font-weight: normal;"">emerging technologies to</span><br role=""presentation"" /><span style=""font-weight: normal;"">augment telehealth visits</span></td> </tr> </tbody> </table> <p>A zero (""0"") indicates not yet completed level 1</p></div>","0 | 5 | 9","PC6","number",NA,9,NA,NA,NA,"LH",NA,NA,NA,NA
"284","acgme_mk1","acgme_miles","Medical Knowledge","slider","<div class=""rich-text-field-label""><p>Medical Knowledge 1: Applied Foundational Sciences</p> <p>Previous rating: [rep_mk1][previous-instance]</p> <p>Most recent self-evaluation rating: [rep_mk1_self][last-instance]</p> <table style=""border-collapse: collapse; width: 92.927864%;"" border=""1""> <tbody> <tr> <td style=""width: 19.969512%;"">Level 1</td> <td style=""width: 19.969512%;"">Level 2</td> <td style=""width: 19.969512%;"">Level 3</td> <td style=""width: 20.27439%;"">Level 4</td> <td style=""width: 19.817073%;"">Level 5</td> </tr> <tr> <td style=""width: 19.969512%;""> <div class=""page"" title=""Page 8""> <div class=""section""> <div class=""layoutArea""> <div class=""column""> <p><span style=""font-weight: normal;"">Explains the scientific</span><br role=""presentation"" /><span style=""font-weight: normal;"">knowledge (e.g.,</span><br role=""presentation"" /><span style=""font-weight: normal;"">physiology, social</span><br role=""presentation"" /><span style=""font-weight: normal;"">sciences, mechanism of</span><br role=""presentation"" /><span style=""font-weight: normal;"">disease) for normal</span><br role=""presentation"" /><span style=""font-weight: normal;"">function and common</span><br role=""presentation"" /><span style=""font-weight: normal;"">medical conditions</span></p> </div> </div> </div> </div> </td> <td style=""width: 19.969512%;""> <div class=""page"" title=""Page 8""> <div class=""section""> <div class=""layoutArea""> <div class=""column""> <p><span style=""font-weight: normal;"">Explains the scientific</span><br role=""presentation"" /><span style=""font-weight: normal;"">knowledge for complex</span><br role=""presentation"" /><span style=""font-weight: normal;"">medical conditions</span></p> </div> </div> </div> </div> </td> <td style=""width: 19.969512%;""> <div class=""page"" title=""Page 8""> <div class=""section""> <div class=""layoutArea""> <div class=""column""><span style=""font-weight: normal;"">Integrates scientific</span><br role=""presentation"" /><span style=""font-weight: normal;"">knowledge to address</span><br role=""presentation"" /><span style=""font-weight: normal;"">comorbid conditions</span><br role=""presentation"" /><span style=""font-weight: normal;"">within the context of</span><br role=""presentation"" /><span style=""font-weight: normal;"">multisystem disease</span></div> </div> </div> </div> </td> <td style=""width: 20.27439%;""> <div class=""page"" title=""Page 8""> <div class=""section""> <div class=""layoutArea""> <div class=""column""> <p><span style=""font-weight: normal;"">Integrates scientific</span><br role=""presentation"" /><span style=""font-weight: normal;"">knowledge to address</span><br role=""presentation"" /><span style=""font-weight: normal;"">uncommon, atypical, or</span><br role=""presentation"" /><span style=""font-weight: normal;"">complex comorbid</span><br role=""presentation"" /><span style=""font-weight: normal;"">conditions within the</span><br role=""presentation"" /><span style=""font-weight: normal;"">context of multisystem</span><br role=""presentation"" /><span style=""font-weight: normal;"">disease</span></p> </div> </div> </div> </div> </td> <td style=""width: 19.817073%;""> <div class=""page"" title=""Page 8""> <div class=""section""> <div class=""layoutArea""> <div class=""column""> <p><span style=""font-weight: normal;"">Demonstrates a nuanced</span><br role=""presentation"" /><span style=""font-weight: normal;"">understanding of the</span><br role=""presentation"" /><span style=""font-weight: normal;"">scientific knowledge</span><br role=""presentation"" /><span style=""font-weight: normal;"">related to uncommon,</span><br role=""presentation"" /><span style=""font-weight: normal;"">atypical, or complex</span><br role=""presentation"" /><span style=""font-weight: normal;"">conditions</span></p> </div> </div> </div> </div> </td> </tr> </tbody> </table> <p>A zero (""0"") indicates not yet completed level 1</p></div>","0 | 5 | 9","MK1","number",NA,9,NA,NA,NA,"LH",NA,NA,NA,NA
"285","acgme_mk2","acgme_miles",NA,"slider","<div class=""rich-text-field-label""><p>Medical Knowledge 2: Therapeutic Knowledge</p> <p>Previous rating: [rep_mk2][previous-instance]</p> <p>Most recent self-evaluation rating: [rep_mk2_self][last-instance]</p> <table style=""border-collapse: collapse; width: 92.927864%;"" border=""1""> <tbody> <tr> <td style=""width: 19.8376%;"">Level 1</td> <td style=""width: 20.15%;"">Level 2</td> <td style=""width: 19.9938%;"">Level 3</td> <td style=""width: 20.15%;"">Level 4</td> <td style=""width: 19.8376%;"">Level 5</td> </tr> <tr> <td style=""width: 19.8376%;""> <div class=""page"" title=""Page 8""> <div class=""section""> <div class=""layoutArea""> <div class=""column""> <p><span style=""font-weight: normal;"">Explains the scientific</span><br role=""presentation"" /><span style=""font-weight: normal;"">basis for common</span><br role=""presentation"" /><span style=""font-weight: normal;"">therapies</span></p> </div> </div> </div> </div> </td> <td style=""width: 20.15%;""> <div class=""page"" title=""Page 8""> <div class=""section""> <div class=""layoutArea""> <div class=""column""> <p><span style=""font-weight: normal;"">Explains the indications,</span><br role=""presentation"" /><span style=""font-weight: normal;"">contraindications, risks, and benefits of common</span><br role=""presentation"" /><span style=""font-weight: normal;"">therapies</span></p> </div> </div> </div> </div> </td> <td style=""width: 19.9938%;""> <div class=""page"" title=""Page 8""> <div class=""section""> <div class=""layoutArea""> <div class=""column""><span style=""font-weight: normal;"">Integrates knowledge of</span><br role=""presentation"" /><span style=""font-weight: normal;"">therapeutic options in</span><br role=""presentation"" /><span style=""font-weight: normal;"">patients with comorbid</span><br role=""presentation"" /><span style=""font-weight: normal;"">conditions, multisystem</span><br role=""presentation"" /><span style=""font-weight: normal;"">disease, or uncertain</span><br role=""presentation"" /><span style=""font-weight: normal;"">diagnosis</span></div> </div> </div> </div> </td> <td style=""width: 20.15%;""> <div class=""page"" title=""Page 8""> <div class=""section""> <div class=""layoutArea""> <div class=""column""> <p><span style=""font-weight: normal;"">Integrates knowledge of</span><br role=""presentation"" /><span style=""font-weight: normal;"">therapeutic options within the clinical and psychosocial context of</span><br role=""presentation"" /><span style=""font-weight: normal;"">the patient to formulate</span><br role=""presentation"" /><span style=""font-weight: normal;"">treatment options</span></p> </div> </div> </div> </div> </td> <td style=""width: 19.8376%;""> <div class=""page"" title=""Page 8""> <div class=""section""> <div class=""layoutArea""> <div class=""column""> <p><span style=""font-weight: normal;"">Demonstrates a nuanced</span><br role=""presentation"" /><span style=""font-weight: normal;"">understanding of</span><br role=""presentation"" /><span style=""font-weight: normal;"">emerging, atypical, or</span><br role=""presentation"" /><span style=""font-weight: normal;"">complex therapeutic</span><br role=""presentation"" /><span style=""font-weight: normal;"">options</span></p> </div> </div> </div> </div> </td> </tr> </tbody> </table> <p>A zero (""0"") indicates not yet completed level 1</p></div>","0 | 5 | 9","MK2","number",NA,9,NA,NA,NA,"LH",NA,NA,NA,NA
"286","acgme_mk3","acgme_miles",NA,"slider","<div class=""rich-text-field-label""><p>Medical Knowledge 3: Knowledge of Diagnostic Testing</p> <p>Previous rating: [rep_mk3][previous-instance]</p> <p>Most recent self-evaluation rating: [rep_mk3_self][last-instance]</p> <table style=""border-collapse: collapse; width: 92.927864%;"" border=""1""> <tbody> <tr> <td style=""width: 19.8376%;"">Level 1</td> <td style=""width: 20.15%;"">Level 2</td> <td style=""width: 19.9938%;"">Level 3</td> <td style=""width: 20.15%;"">Level 4</td> <td style=""width: 19.8376%;"">Level 5</td> </tr> <tr> <td style=""width: 19.8376%;""> <div class=""page"" title=""Page 8""> <div class=""section""> <div class=""layoutArea""> <div class=""column""> <p><span style=""font-weight: normal;"">Explains the rationale, risks, and benefits for</span><br role=""presentation"" /><span style=""font-weight: normal;"">common diagnostic</span><br role=""presentation"" /><span style=""font-weight: normal;"">testing</span></p> </div> </div> </div> </div> </td> <td style=""width: 20.15%;""> <div class=""page"" title=""Page 8""> <div class=""section""> <div class=""layoutArea""> <div class=""column""> <p><span style=""font-weight: normal;"">Explains the rationale, risks, and benefits for</span><br role=""presentation"" /><span style=""font-weight: normal;"">complex diagnostic</span><br role=""presentation"" /><span style=""font-weight: normal;"">testing</span></p> </div> </div> </div> </div> </td> <td style=""width: 19.9938%;""> <div class=""page"" title=""Page 8""> <div class=""section""> <div class=""layoutArea""> <div class=""column""><span style=""font-weight: normal;"">Integrates value and test</span><br role=""presentation"" /><span style=""font-weight: normal;"">characteristics of various</span><br role=""presentation"" /><span style=""font-weight: normal;"">diagnostic strategies in</span><br role=""presentation"" /><span style=""font-weight: normal;"">patients with common</span><br role=""presentation"" /><span style=""font-weight: normal;"">diseases</span></div> </div> </div> </div> </td> <td style=""width: 20.15%;""> <div class=""page"" title=""Page 8""> <div class=""section""> <div class=""layoutArea""> <div class=""column""> <p><span style=""font-weight: normal;"">Integrates value and test characteristics of</span><br role=""presentation"" /><span style=""font-weight: normal;"">various diagnostic</span><br role=""presentation"" /><span style=""font-weight: normal;"">strategies in patients</span><br role=""presentation"" /><span style=""font-weight: normal;"">with comorbid</span><br role=""presentation"" /><span style=""font-weight: normal;"">conditions or</span><br role=""presentation"" /><span style=""font-weight: normal;"">multisystem disease</span></p> </div> </div> </div> </div> </td> <td style=""width: 19.8376%;""> <div class=""page"" title=""Page 8""> <div class=""section""> <div class=""layoutArea""> <div class=""column""> <p><span style=""font-weight: normal;"">Demonstrates a nuanced</span><br role=""presentation"" /><span style=""font-weight: normal;"">understanding of</span><br role=""presentation"" /><span style=""font-weight: normal;"">emerging diagnostic tests</span><br role=""presentation"" /><span style=""font-weight: normal;"">and procedures</span></p> </div> </div> </div> </div> </td> </tr> <tr> <td style=""width: 19.8376%;""> <div class=""page"" title=""Page 8""> <div class=""section""> <div class=""layoutArea""> <div class=""column""> <p><span style=""font-weight: normal;"">Interprets results of common diagnostic tests</span></p> </div> </div> </div> </div> </td> <td style=""width: 20.15%;""> <div class=""page"" title=""Page 8""> <div class=""section""> <div class=""layoutArea""> <div class=""column""> <p><span style=""font-weight: normal;"">Interprets complex</span><br role=""presentation"" /><span style=""font-weight: normal;"">diagnostic data</span></p> </div> </div> </div> </div> </td> <td style=""width: 19.9938%;""> <div class=""page"" title=""Page 8""> <div class=""section""> <div class=""layoutArea""> <div class=""column""><span style=""font-weight: normal;"">Integrates complex</span><br role=""presentation"" /><span style=""font-weight: normal;"">diagnostic data accurately to reach high-probability</span><br role=""presentation"" /><span style=""font-weight: normal;"">diagnose</span></div> </div> </div> </div> </td> <td style=""width: 20.15%;""> <div class=""page"" title=""Page 8""> <div class=""section""> <div class=""layoutArea""> <div class=""column""> <p><span style=""font-weight: normal;"">Anticipates and</span><br role=""presentation"" /><span style=""font-weight: normal;"">accounts for limitations</span><br role=""presentation"" /><span style=""font-weight: normal;"">when interpreting</span><br role=""presentation"" /><span style=""font-weight: normal;"">diagnostic data</span></p> </div> </div> </div> </div> </td> <td style=""width: 19.8376%;""> <div class=""page"" title=""Page 8""> <div class=""section""> <div class=""layoutArea""> <div class=""column""> <p> </p> </div> </div> </div> </div> </td> </tr> </tbody> </table> <p>A zero (""0"") indicates not yet completed level 1</p></div>","0 | 5 | 9","MK3","number",NA,9,NA,NA,NA,"LH",NA,NA,NA,NA
"287","acgme_sbp1","acgme_miles","Systems-Based Practice","slider","<div class=""rich-text-field-label""><p>Systems-based Practice 1: Patient Safety and Quality Improvement</p> <p>Previous rating: [rep_sbp1][previous-instance]</p> <p>Most recent self-evaluation rating: [rep_sbp1_self][last-instance]</p> <table style=""border-collapse: collapse; width: 92.927864%;"" border=""1""> <tbody> <tr> <td style=""width: 19.8376%;"">Level 1</td> <td style=""width: 20.15%;"">Level 2</td> <td style=""width: 19.9938%;"">Level 3</td> <td style=""width: 20.15%;"">Level 4</td> <td style=""width: 19.8376%;"">Level 5</td> </tr> <tr> <td style=""width: 19.8376%;""> <div class=""page"" title=""Page 8""> <div class=""section""> <div class=""layoutArea""> <div class=""column""> <p><span style=""font-weight: normal;"">Demonstrates</span><br role=""presentation"" /><span style=""font-weight: normal;"">knowledge of common</span><br role=""presentation"" /><span style=""font-weight: normal;"">patient safety events</span></p> </div> </div> </div> </div> </td> <td style=""width: 20.15%;""> <div class=""page"" title=""Page 8""> <div class=""section""> <div class=""layoutArea""> <div class=""column""> <p><span style=""font-weight: normal;"">Identifies system factors that lead to patient safety</span><br role=""presentation"" /><span style=""font-weight: normal;"">events</span></p> </div> </div> </div> </div> </td> <td style=""width: 19.9938%;""> <div class=""page"" title=""Page 8""> <div class=""section""> <div class=""layoutArea""> <div class=""column""><span style=""font-weight: normal;"">Contributes to the analysis of patient safety</span><br role=""presentation"" /><span style=""font-weight: normal;"">events (simulated or actual)</span></div> </div> </div> </div> </td> <td style=""width: 20.15%;""> <div class=""page"" title=""Page 8""> <div class=""section""> <div class=""layoutArea""> <div class=""column""> <p><span style=""font-weight: normal;"">Conducts analysis of</span><br role=""presentation"" /><span style=""font-weight: normal;"">patient safety events</span><br role=""presentation"" /><span style=""font-weight: normal;"">and offers error</span><br role=""presentation"" /><span style=""font-weight: normal;"">prevention strategies</span><br role=""presentation"" /><span style=""font-weight: normal;"">(simulated or actual)</span></p> </div> </div> </div> </div> </td> <td style=""width: 19.8376%;""> <div class=""page"" title=""Page 8""> <div class=""section""> <div class=""layoutArea""> <div class=""column""> <p><span style=""font-weight: normal;"">Leads teams and</span><br role=""presentation"" /><span style=""font-weight: normal;"">processes to modify</span><br role=""presentation"" /><span style=""font-weight: normal;"">systems to prevent</span><br role=""presentation"" /><span style=""font-weight: normal;"">patient safety events</span></p> </div> </div> </div> </div> </td> </tr> <tr> <td style=""width: 19.8376%;""> <div class=""page"" title=""Page 8""> <div class=""section""> <div class=""layoutArea""> <div class=""column""> <p><span style=""font-weight: normal;"">Demonstrates</span><br role=""presentation"" /><span style=""font-weight: normal;"">knowledge of how to</span><br role=""presentation"" /><span style=""font-weight: normal;"">report patient safety</span><br role=""presentation"" /><span style=""font-weight: normal;"">events</span></p> </div> </div> </div> </div> </td> <td style=""width: 20.15%;""> <div class=""page"" title=""Page 8""> <div class=""section""> <div class=""layoutArea""> <div class=""column""> <p><span style=""font-weight: normal;"">Reports patient safety</span><br role=""presentation"" /><span style=""font-weight: normal;"">events through</span><br role=""presentation"" /><span style=""font-weight: normal;"">institutional reporting</span><br role=""presentation"" /><span style=""font-weight: normal;"">systems (actual or</span><br role=""presentation"" /><span style=""font-weight: normal;"">simulated)</span></p> </div> </div> </div> </div> </td> <td style=""width: 19.9938%;""> <div class=""page"" title=""Page 8""> <div class=""section""> <div class=""layoutArea""> <div class=""column""><span style=""font-weight: normal;"">Participates in disclosure of patient safety events to</span><br role=""presentation"" /><span style=""font-weight: normal;"">patients and families</span><br role=""presentation"" /><span style=""font-weight: normal;"">(simulated or actual)</span></div> </div> </div> </div> </td> <td style=""width: 20.15%;""> <div class=""page"" title=""Page 8""> <div class=""section""> <div class=""layoutArea""> <div class=""column""> <p><span style=""font-weight: normal;"">Discloses patient safety events to patients and families (simulated or</span><br role=""presentation"" /><span style=""font-weight: normal;"">actual)</span></p> </div> </div> </div> </div> </td> <td style=""width: 19.8376%;""> <div class=""page"" title=""Page 8""> <div class=""section""> <div class=""layoutArea""> <div class=""column""> <p><span style=""font-weight: normal;"">Models the disclosure of</span><br role=""presentation"" /><span style=""font-weight: normal;"">patient safety events</span></p> </div> </div> </div> </div> </td> </tr> <tr> <td style=""width: 19.8376%;""> <div class=""page"" title=""Page 8""> <div class=""section""> <div class=""layoutArea""> <div class=""column""> <p><span style=""font-weight: normal;"">Demonstrates<br role=""presentation"" />knowledge of basic<br role=""presentation"" />quality improvement<br role=""presentation"" />methodologies and<br role=""presentation"" />metrics</span></p> </div> </div> </div> </div> </td> <td style=""width: 20.15%;""> <div class=""page"" title=""Page 8""> <div class=""section""> <div class=""layoutArea""> <div class=""column""> <p><span style=""font-weight: normal;"">Describes local quality<br role=""presentation"" />improvement initiatives<br role=""presentation"" />(e.g., community<br role=""presentation"" />vaccination rate, infection<br role=""presentation"" />rate, smoking cessation)</span></p> </div> </div> </div> </div> </td> <td style=""width: 19.9938%;""><span style=""font-weight: normal;"">Contributes to local quality improvement</span><br role=""presentation"" /><span style=""font-weight: normal;"">initiatives</span></td> <td style=""width: 20.15%;""> <div class=""page"" title=""Page 8""> <div class=""section""> <div class=""layoutArea""> <div class=""column""> <p><span style=""font-weight: normal;"">Demonstrates the skills<br role=""presentation"" />required to identify,<br role=""presentation"" />develop, implement,<br role=""presentation"" />and analyze a quality<br role=""presentation"" />improvement project</span></p> </div> </div> </div> </div> </td> <td style=""width: 19.8376%;""> <div class=""page"" title=""Page 8""> <div class=""section""> <div class=""layoutArea""> <div class=""column""> <p><span style=""font-weight: normal;"">Creates, implements, and</span><br role=""presentation"" /><span style=""font-weight: normal;"">assesses sustainable</span><br role=""presentation"" /><span style=""font-weight: normal;"">quality improvement</span><br role=""presentation"" /><span style=""font-weight: normal;"">initiatives at the</span><br role=""presentation"" /><span style=""font-weight: normal;"">institutional or community</span><br role=""presentation"" /><span style=""font-weight: normal;"">level</span></p> </div> </div> </div> </div> </td> </tr> </tbody> </table> <p>A zero (""0"") indicates not yet completed level 1</p></div>","0 | 5 | 9","SBP1","number",NA,9,NA,NA,NA,"LH",NA,NA,NA,NA
"288","acgme_sbp2","acgme_miles",NA,"slider","<div class=""rich-text-field-label""><p>Systems-based Practice 2: System Navigation for Patient-Centered Care</p> <p>Previous rating: [rep_sbp2][previous-instance]</p> <p>Most recent self-evaluation rating: [rep_sbp2_self][last-instance]</p> <table style=""border-collapse: collapse; width: 92.927864%;"" border=""1""> <tbody> <tr> <td style=""width: 19.8376%;"">Level 1</td> <td style=""width: 20.15%;"">Level 2</td> <td style=""width: 19.9938%;"">Level 3</td> <td style=""width: 20.15%;"">Level 4</td> <td style=""width: 19.8376%;"">Level 5</td> </tr> <tr> <td style=""width: 19.8376%;""> <div class=""page"" title=""Page 8""> <div class=""section""> <div class=""layoutArea""> <div class=""column""> <div class=""page"" title=""Page 18""> <div class=""section""> <div class=""layoutArea""> <div class=""column""> <p><span style=""font-weight: normal;"">Demonstrates knowledge of care coordination</span></p> </div> </div> </div> </div> </div> </div> </div> </div> </td> <td style=""width: 20.15%;""> <div class=""page"" title=""Page 8""> <div class=""section""> <div class=""layoutArea""> <div class=""column""> <div class=""page"" title=""Page 18""> <div class=""section""> <div class=""layoutArea""> <div class=""column""> <p><span style=""font-weight: normal;"">Coordinates care of patients by effectively engaging interprofessional teams in routine clinical situations</span></p> </div> </div> </div> </div> </div> </div> </div> </div> </td> <td style=""width: 19.9938%;""> <div class=""page"" title=""Page 8""> <div class=""section""> <div class=""layoutArea""> <div class=""column""> <div class=""page"" title=""Page 18""> <div class=""section""> <div class=""layoutArea""> <div class=""column""> <p><span style=""font-weight: normal;"">Coordinates care of patients by effectively engaging interprofessional teams in complex clinical situations</span></p> </div> </div> </div> </div> </div> </div> </div> </div> </td> <td style=""width: 20.15%;""> <div class=""page"" title=""Page 8""> <div class=""section""> <div class=""layoutArea""> <div class=""column""> <div class=""page"" title=""Page 18""> <div class=""section""> <div class=""layoutArea""> <div class=""column""> <p><span style=""font-weight: normal;"">Models effective coordination of patient- centered care among different disciplines and specialties</span></p> <p> </p> </div> </div> </div> </div> </div> </div> </div> </div> </td> <td style=""width: 19.8376%;""> <div class=""page"" title=""Page 8""> <div class=""section""> <div class=""layoutArea""> <div class=""column""> <div class=""page"" title=""Page 18""> <div class=""section""> <div class=""layoutArea""> <div class=""column""> <p><span style=""font-weight: normal;"">Analyzes the process of care coordination and leads in the design and implementation of improvements</span></p> <p> </p> </div> </div> </div> </div> </div> </div> </div> </div> </td> </tr> <tr> <td style=""width: 19.8376%;""> <div class=""page"" title=""Page 8""> <div class=""section""> <div class=""layoutArea""> <div class=""column""> <div class=""page"" title=""Page 18""> <div class=""section""> <div class=""layoutArea""> <div class=""column""> <p><span style=""font-weight: normal;"">Identifies key elements for safe and effective transitions of care and hand-offs</span></p> </div> </div> </div> </div> </div> </div> </div> </div> </td> <td style=""width: 20.15%;""> <div class=""page"" title=""Page 8""> <div class=""section""> <div class=""layoutArea""> <div class=""column""> <p><span style=""font-weight: normal;"">Performs safe and effective transitions of care/hand-offs in routine clinical situations</span></p> <p> </p> </div> </div> </div> </div> </td> <td style=""width: 19.9938%;""> <div class=""page"" title=""Page 8""> <div class=""section""> <div class=""layoutArea""> <div class=""column""> <p><span style=""font-weight: normal;"">Performs safe and effective transitions of care/hand-offs in complex clinical situations</span></p> <p> </p> </div> </div> </div> </div> </td> <td style=""width: 20.15%;""> <div class=""page"" title=""Page 8""> <div class=""section""> <div class=""layoutArea""> <div class=""column""> <p><span style=""font-weight: normal;"">Models and advocates for safe and effective transitions of care/hand- offs within and across health care delivery systems, including outpatient settings</span></p> </div> </div> </div> </div> </td> <td style=""width: 19.8376%;""> <div class=""page"" title=""Page 8""> <div class=""section""> <div class=""layoutArea""> <div class=""column""> <p><span style=""font-weight: normal;"">Improves quality of transitions of care within and across health care delivery systems to optimize patient outcomes</span></p> <p> </p> </div> </div> </div> </div> </td> </tr> <tr> <td style=""width: 19.8376%;""> <div class=""page"" title=""Page 8""> <div class=""section""> <div class=""layoutArea""> <div class=""column""> <div class=""page"" title=""Page 18""> <div class=""section""> <div class=""layoutArea""> <div class=""column""> <p><span style=""font-weight: normal;"">Demonstrates knowledge of population and community health needs and disparities</span></p> </div> </div> </div> </div> </div> </div> </div> </div> </td> <td style=""width: 20.15%;""> <div class=""page"" title=""Page 8""> <div class=""section""> <div class=""layoutArea""> <div class=""column""> <p><span style=""font-weight: normal;"">Identifies specific population and community health needs and inequities for the local population</span></p> </div> </div> </div> </div> </td> <td style=""width: 19.9938%;""><span style=""font-weight: normal;"">Uses local resources effectively to meet the needs of a patient population and community</span></td> <td style=""width: 20.15%;""> <div class=""page"" title=""Page 8""> <div class=""section""> <div class=""layoutArea""> <div class=""column""> <p><span style=""font-weight: normal;"">Participates in changing and adapting practice to provide for the needs of specific populations</span></p> </div> </div> </div> </div> </td> <td style=""width: 19.8376%;""> <div class=""page"" title=""Page 8""> <div class=""section""> <div class=""layoutArea""> <div class=""column""> <p><span style=""font-weight: normal;"">Leads innovations and advocates for populations and communities with health care inequities</span></p> </div> </div> </div> </div> </td> </tr> </tbody> </table> <p>A zero (""0"") indicates not yet completed level 1</p></div>","0 | 5 | 9","SBP2","number",NA,9,NA,NA,NA,"LH",NA,NA,NA,NA
"289","acgme_sbp3","acgme_miles",NA,"slider","<div class=""rich-text-field-label""><p>Systems-based Practice 3: Physician Role in Health Care Systems</p> <p>Previous rating: [rep_sbp3][previous-instance]</p> <p>Most recent self-evaluation rating: [rep_sbp3_self][last-instance]</p> <table style=""border-collapse: collapse; width: 92.927864%;"" border=""1""> <tbody> <tr> <td style=""width: 19.8376%;"">Level 1</td> <td style=""width: 20.15%;"">Level 2</td> <td style=""width: 19.9938%;"">Level 3</td> <td style=""width: 20.15%;"">Level 4</td> <td style=""width: 19.8376%;"">Level 5</td> </tr> <tr> <td style=""width: 19.8376%;""> <div class=""page"" title=""Page 8""> <div class=""section""> <div class=""layoutArea""> <div class=""column""> <div class=""page"" title=""Page 18""> <div class=""section""> <div class=""layoutArea""> <div class=""column""> <div class=""page"" title=""Page 19""> <div class=""section""> <div class=""layoutArea""> <div class=""column""> <p><span style=""font-weight: normal;"">Identifies key components of the health care system</span></p> <p> </p> </div> </div> </div> </div> </div> </div> </div> </div> </div> </div> </div> </div> </td> <td style=""width: 20.15%;""> <div class=""page"" title=""Page 8""> <div class=""section""> <div class=""layoutArea""> <div class=""column""> <div class=""page"" title=""Page 18""> <div class=""section""> <div class=""layoutArea""> <div class=""column""> <div class=""page"" title=""Page 19""> <div class=""section""> <div class=""layoutArea""> <div class=""column""> <p><span style=""font-weight: normal;"">Describes how components of a complex health care system are interrelated, and how this impacts patient care</span></p> </div> </div> </div> </div> </div> </div> </div> </div> </div> </div> </div> </div> </td> <td style=""width: 19.9938%;""> <div class=""page"" title=""Page 8""> <div class=""section""> <div class=""layoutArea""> <div class=""column""> <div class=""page"" title=""Page 18""> <div class=""section""> <div class=""layoutArea""> <div class=""column""> <div class=""page"" title=""Page 19""> <div class=""section""> <div class=""layoutArea""> <div class=""column""> <p><span style=""font-weight: normal;"">Discusses how individual practice affects the regional and national health care system</span></p> </div> </div> </div> </div> </div> </div> </div> </div> </div> </div> </div> </div> </td> <td style=""width: 20.15%;""> <div class=""page"" title=""Page 8""> <div class=""section""> <div class=""layoutArea""> <div class=""column""> <div class=""page"" title=""Page 18""> <div class=""section""> <div class=""layoutArea""> <div class=""column""> <div class=""page"" title=""Page 19""> <div class=""section""> <div class=""layoutArea""> <div class=""column""> <p><span style=""font-weight: normal;"">Manages various components of the complex health care system to provide efficient and effective patient care</span></p> </div> </div> </div> </div> </div> </div> </div> </div> </div> </div> </div> </div> </td> <td style=""width: 19.8376%;""> <div class=""page"" title=""Page 8""> <div class=""section""> <div class=""layoutArea""> <div class=""column""> <div class=""page"" title=""Page 18""> <div class=""section""> <div class=""layoutArea""> <div class=""column""> <div class=""page"" title=""Page 19""> <div class=""section""> <div class=""layoutArea""> <div class=""column""> <p><span style=""font-weight: normal;"">Advocates for or leads systems change that enhances high-value, efficient, and effective patient care</span></p> </div> </div> </div> </div> </div> </div> </div> </div> </div> </div> </div> </div> </td> </tr> <tr> <td style=""width: 19.8376%;""> <div class=""page"" title=""Page 8""> <div class=""section""> <div class=""layoutArea""> <div class=""column""> <div class=""page"" title=""Page 18""> <div class=""section""> <div class=""layoutArea""> <div class=""column""> <p><span style=""font-weight: normal;"">Describes basic health payment systems</span></p> </div> </div> </div> </div> </div> </div> </div> </div> </td> <td style=""width: 20.15%;""> <div class=""page"" title=""Page 8""> <div class=""section""> <div class=""layoutArea""> <div class=""column""> <p><span style=""font-weight: normal;"">Delivers care with consideration of each patient's payment model</span></p> </div> </div> </div> </div> </td> <td style=""width: 19.9938%;""> <div class=""page"" title=""Page 8""> <div class=""section""> <div class=""layoutArea""> <div class=""column""> <p><span style=""font-weight: normal;"">Engages with patients in shared decision making, informed by each patient's payment models</span></p> </div> </div> </div> </div> </td> <td style=""width: 20.15%;""> <div class=""page"" title=""Page 8""> <div class=""section""> <div class=""layoutArea""> <div class=""column""> <p><span style=""font-weight: normal;"">Advocates for patient care needs with consideration of the limitations of each patient's payment model</span></p> </div> </div> </div> </div> </td> <td style=""width: 19.8376%;""> <div class=""page"" title=""Page 8""> <div class=""section""> <div class=""layoutArea""> <div class=""column""> <p><span style=""font-weight: normal;"">Actively engaged in influencing health policy through advocacy activities at the local, regional, or national level</span></p> </div> </div> </div> </div> </td> </tr> </tbody> </table> <p>A zero (""0"") indicates not yet completed level 1</p></div>","0 | 5 | 9","SBP3","number",NA,9,NA,NA,NA,"LH",NA,NA,NA,NA
"290","acgme_pbl1","acgme_miles","Practice-Based Learning and Improvement","slider","<div class=""rich-text-field-label""><p>Practice-Based Learning and Improvement 1: Evidence-Based and Informed Practice</p> <p>Previous rating: [rep_pbl1][previous-instance]</p> <p>Most recent self-evaluation rating: [rep_pbl1_self][last-instance]</p> <table style=""border-collapse: collapse; width: 92.927864%;"" border=""1""> <tbody> <tr> <td style=""width: 19.8376%;"">Level 1</td> <td style=""width: 20.15%;"">Level 2</td> <td style=""width: 19.9938%;"">Level 3</td> <td style=""width: 20.15%;"">Level 4</td> <td style=""width: 19.8376%;"">Level 5</td> </tr> <tr> <td style=""width: 19.8376%;""> <div class=""page"" title=""Page 8""> <div class=""section""> <div class=""layoutArea""> <div class=""column""> <div class=""page"" title=""Page 18""> <div class=""section""> <div class=""layoutArea""> <div class=""column""> <div class=""page"" title=""Page 19""> <div class=""section""> <div class=""layoutArea""> <div class=""column""> <p><span style=""font-weight: normal;"">Demonstrates how to access, categorize, and analyze clinical evidence, with guidance</span></p> <p> </p> </div> </div> </div> </div> </div> </div> </div> </div> </div> </div> </div> </div> </td> <td style=""width: 20.15%;""> <div class=""page"" title=""Page 8""> <div class=""section""> <div class=""layoutArea""> <div class=""column""> <div class=""page"" title=""Page 18""> <div class=""section""> <div class=""layoutArea""> <div class=""column""> <div class=""page"" title=""Page 19""> <div class=""section""> <div class=""layoutArea""> <div class=""column""> <p><span style=""font-weight: normal;"">Articulates clinical questions and elicits patient preferences and values to guide evidence- based care</span></p> </div> </div> </div> </div> </div> </div> </div> </div> </div> </div> </div> </div> </td> <td style=""width: 19.9938%;""> <div class=""page"" title=""Page 8""> <div class=""section""> <div class=""layoutArea""> <div class=""column""> <div class=""page"" title=""Page 18""> <div class=""section""> <div class=""layoutArea""> <div class=""column""> <div class=""page"" title=""Page 19""> <div class=""section""> <div class=""layoutArea""> <div class=""column""> <p><span style=""font-weight: normal;"">Critically appraises and applies the best available evidence, integrated with patient preference, to the care of complex patients</span></p> </div> </div> </div> </div> </div> </div> </div> </div> </div> </div> </div> </div> </td> <td style=""width: 20.15%;""> <div class=""page"" title=""Page 8""> <div class=""section""> <div class=""layoutArea""> <div class=""column""> <div class=""page"" title=""Page 18""> <div class=""section""> <div class=""layoutArea""> <div class=""column""> <div class=""page"" title=""Page 19""> <div class=""section""> <div class=""layoutArea""> <div class=""column""> <p><span style=""font-weight: normal;"">Applies evidence, even in the face of uncertainty and conflicting evidence, to guide care, tailored to the individual patient</span></p> </div> </div> </div> </div> </div> </div> </div> </div> </div> </div> </div> </div> </td> <td style=""width: 19.8376%;""> <div class=""page"" title=""Page 8""> <div class=""section""> <div class=""layoutArea""> <div class=""column""> <div class=""page"" title=""Page 18""> <div class=""section""> <div class=""layoutArea""> <div class=""column""> <div class=""page"" title=""Page 19""> <div class=""section""> <div class=""layoutArea""> <div class=""column""> <div class=""page"" title=""Page 20""> <div class=""page"" title=""Page 20""> <div class=""section""> <div class=""layoutArea""> <div class=""column""> <p><span style=""font-weight: normal;"">Coaches others to critically appraise and apply evidence to patient care</span></p> </div> </div> </div> </div> <div class=""page"" title=""Page 20""> </div> </div> </div> </div> </div> </div> </div> </div> </div> </div> </div> </div> </div> </div> </td> </tr> </tbody> </table> <div class=""page"" title=""Page 20""> </div> <div class=""page"" title=""Page 20""> <div class=""page"" title=""Page 20""> </div> <div class=""page"" title=""Page 20"">A zero (""0"") indicates not yet completed level 1</div> <div class=""page"" title=""Page 20""> </div> </div></div>","0 | 5 | 9","PBL1","number",NA,9,NA,NA,NA,"LH",NA,NA,NA,NA
"291","acgme_pbl2","acgme_miles",NA,"slider","<div class=""rich-text-field-label""><p>Practice-Based Learning and Improvement 2: Reflective Practice and Commitment to Personal Growth</p> <p>Previous rating: [rep_pbl2][previous-instance]</p> <p>Most recent self-evaluation rating: [rep_pbl2_self][last-instance]</p> <table style=""border-collapse: collapse; width: 92.927864%; height: 468px;"" border=""1""> <tbody> <tr style=""height: 18px;""> <td style=""width: 19.8376%; height: 18px;"">Level 1</td> <td style=""width: 20.15%; height: 18px;"">Level 2</td> <td style=""width: 19.9938%; height: 18px;"">Level 3</td> <td style=""width: 20.15%; height: 18px;"">Level 4</td> <td style=""width: 19.8376%; height: 18px;"">Level 5</td> </tr> <tr style=""height: 136px;""> <td style=""width: 19.8376%; height: 136px;""> <div class=""page"" title=""Page 8""> <div class=""section""> <div class=""layoutArea""> <div class=""column""> <div class=""page"" title=""Page 18""> <div class=""section""> <div class=""layoutArea""> <div class=""column""> <div class=""page"" title=""Page 19""> <div class=""section""> <div class=""layoutArea""> <div class=""column""> <div class=""page"" title=""Page 21""> <div class=""section""> <div class=""layoutArea""> <div class=""column""> <p><span style=""font-weight: normal;"">Accepts responsibility for personal and professional development by establishing goals</span></p> </div> </div> </div> </div> </div> </div> </div> </div> </div> </div> </div> </div> </div> </div> </div> </div> </td> <td style=""width: 20.15%; height: 136px;""> <div class=""page"" title=""Page 8""> <div class=""section""> <div class=""layoutArea""> <div class=""column""> <div class=""page"" title=""Page 18""> <div class=""section""> <div class=""layoutArea""> <div class=""column""> <div class=""page"" title=""Page 19""> <div class=""section""> <div class=""layoutArea""> <div class=""column""> <div class=""page"" title=""Page 21""> <div class=""section""> <div class=""layoutArea""> <div class=""column""> <p><span style=""font-weight: normal;"">Demonstrates openness to performance data (feedback and other input) to inform goals</span></p> </div> </div> </div> </div> </div> </div> </div> </div> </div> </div> </div> </div> </div> </div> </div> </div> </td> <td style=""width: 19.9938%; height: 136px;""> <div class=""page"" title=""Page 8""> <div class=""section""> <div class=""layoutArea""> <div class=""column""> <div class=""page"" title=""Page 18""> <div class=""section""> <div class=""layoutArea""> <div class=""column""> <div class=""page"" title=""Page 19""> <div class=""section""> <div class=""layoutArea""> <div class=""column""> <div class=""page"" title=""Page 21""> <div class=""section""> <div class=""layoutArea""> <div class=""column""> <p><span style=""font-weight: normal;"">Seeks performance data episodically, with adaptability, and humility</span></p> </div> </div> </div> </div> </div> </div> </div> </div> </div> </div> </div> </div> </div> </div> </div> </div> </td> <td style=""width: 20.15%; height: 136px;""> <div class=""page"" title=""Page 8""> <div class=""section""> <div class=""layoutArea""> <div class=""column""> <div class=""page"" title=""Page 18""> <div class=""section""> <div class=""layoutArea""> <div class=""column""> <div class=""page"" title=""Page 19""> <div class=""section""> <div class=""layoutArea""> <div class=""column""> <div class=""page"" title=""Page 21""> <div class=""section""> <div class=""layoutArea""> <div class=""column""> <p><span style=""font-weight: normal;"">Seeks performance data consistently with adaptability, and humility</span></p> </div> </div> </div> </div> </div> </div> </div> </div> </div> </div> </div> </div> </div> </div> </div> </div> </td> <td style=""width: 19.8376%; height: 136px;""> <div class=""page"" title=""Page 8""> <div class=""section""> <div class=""layoutArea""> <div class=""column""> <div class=""page"" title=""Page 18""> <div class=""section""> <div class=""layoutArea""> <div class=""column""> <div class=""page"" title=""Page 19""> <div class=""section""> <div class=""layoutArea""> <div class=""column""> <div class=""page"" title=""Page 20""> <div class=""page"" title=""Page 20""> <div class=""section""> <div class=""layoutArea""> <div class=""column""> <div class=""page"" title=""Page 21""> <div class=""section""> <div class=""layoutArea""> <div class=""column""> <p><span style=""font-weight: normal;"">Models consistently seeking performance data with adaptability and humility</span></p> </div> </div> </div> </div> </div> </div> </div> </div> </div> </div> </div> </div> </div> </div> </div> </div> </div> </div> </div> </div> </div> </td> </tr> <tr style=""height: 168px;""> <td style=""width: 19.8376%; height: 168px;""> <div class=""page"" title=""Page 8""> <div class=""section""> <div class=""layoutArea""> <div class=""column""> <div class=""page"" title=""Page 18""> <div class=""section""> <div class=""layoutArea""> <div class=""column""> <div class=""page"" title=""Page 19""> <div class=""section""> <div class=""layoutArea""> <div class=""column""> <p><span style=""font-weight: normal;""> Identifies the factors that contribute to gap(s) between ideal and actual performance, with guidance</span></p> </div> </div> </div> </div> </div> </div> </div> </div> </div> </div> </div> </div> </td> <td style=""width: 20.15%; height: 168px;""> <div class=""page"" title=""Page 8""> <div class=""section""> <div class=""layoutArea""> <div class=""column""> <div class=""page"" title=""Page 18""> <div class=""section""> <div class=""layoutArea""> <div class=""column""> <div class=""page"" title=""Page 19""> <div class=""section""> <div class=""layoutArea""> <div class=""column""> <p><span style=""font-weight: normal;"">Analyzes and reflects on the factors which contribute to gap(s) between ideal and actual performance, with guidance</span></p> </div> </div> </div> </div> </div> </div> </div> </div> </div> </div> </div> </div> </td> <td style=""width: 19.9938%; height: 168px;""> <div class=""page"" title=""Page 8""> <div class=""section""> <div class=""layoutArea""> <div class=""column""> <div class=""page"" title=""Page 18""> <div class=""section""> <div class=""layoutArea""> <div class=""column""> <div class=""page"" title=""Page 19""> <div class=""section""> <div class=""layoutArea""> <div class=""column""> <p><span style=""font-weight: normal;"">Institutes behavioral change(s) to narrow the gap(s) between ideal and actual performance </span></p> </div> </div> </div> </div> </div> </div> </div> </div> </div> </div> </div> </div> </td> <td style=""width: 20.15%; height: 168px;""> <div class=""page"" title=""Page 8""> <div class=""section""> <div class=""layoutArea""> <div class=""column""> <div class=""page"" title=""Page 18""> <div class=""section""> <div class=""layoutArea""> <div class=""column""> <div class=""page"" title=""Page 19""> <div class=""section""> <div class=""layoutArea""> <div class=""column""> <p><span style=""font-weight: normal;"">Challenges one's own assumptions and considers alternatives in narrowing the gap(s) between ideal and actual performance </span></p> </div> </div> </div> </div> </div> </div> </div> </div> </div> </div> </div> </div> </td> <td style=""width: 19.8376%; height: 168px;""> <div class=""page"" title=""Page 8""> <div class=""section""> <div class=""layoutArea""> <div class=""column""> <div class=""page"" title=""Page 18""> <div class=""section""> <div class=""layoutArea""> <div class=""column""> <div class=""page"" title=""Page 19""> <div class=""section""> <div class=""layoutArea""> <div class=""column""> <div class=""page"" title=""Page 20""> <div class=""page"" title=""Page 20""> <div class=""section""> <div class=""layoutArea""> <div class=""column""> <p><span style=""font-weight: normal;"">Coaches others on reflective practice </span></p> </div> </div> </div> </div> </div> </div> </div> </div> </div> </div> </div> </div> </div> </div> </div> </div> </div> </td> </tr> <tr style=""height: 146px;""> <td style=""width: 19.8376%; height: 146px;""> <div class=""page"" title=""Page 8""> <div class=""section""> <div class=""layoutArea""> <div class=""column""> <div class=""page"" title=""Page 18""> <div class=""section""> <div class=""layoutArea""> <div class=""column""> <div class=""page"" title=""Page 19""> <div class=""section""> <div class=""layoutArea""> <div class=""column""> <p><span style=""font-weight: normal;""> </span></p> </div> </div> </div> </div> </div> </div> </div> </div> </div> </div> </div> </div> </td> <td style=""width: 20.15%; height: 146px;""> <div class=""page"" title=""Page 8""> <div class=""section""> <div class=""layoutArea""> <div class=""column""> <div class=""page"" title=""Page 18""> <div class=""section""> <div class=""layoutArea""> <div class=""column""> <div class=""page"" title=""Page 19""> <div class=""section""> <div class=""layoutArea""> <div class=""column""> <p><span style=""font-weight: normal;""> Actively seeks opportunities to improve</span></p> </div> </div> </div> </div> </div> </div> </div> </div> </div> </div> </div> </div> </td> <td style=""width: 19.9938%; height: 146px;""> <div class=""page"" title=""Page 8""> <div class=""section""> <div class=""layoutArea""> <div class=""column""> <div class=""page"" title=""Page 18""> <div class=""section""> <div class=""layoutArea""> <div class=""column""> <div class=""page"" title=""Page 19""> <div class=""section""> <div class=""layoutArea""> <div class=""column""> <p><span style=""font-weight: normal;"">Designs and implements an individualized learning plan, with prompting </span></p> </div> </div> </div> </div> </div> </div> </div> </div> </div> </div> </div> </div> </td> <td style=""width: 20.15%; height: 146px;""> <div class=""page"" title=""Page 8""> <div class=""section""> <div class=""layoutArea""> <div class=""column""> <div class=""page"" title=""Page 18""> <div class=""section""> <div class=""layoutArea""> <div class=""column""> <div class=""page"" title=""Page 19""> <div class=""section""> <div class=""layoutArea""> <div class=""column""> <p><span style=""font-weight: normal;"">Independently creates and implements an individualized learning plan </span></p> </div> </div> </div> </div> </div> </div> </div> </div> </div> </div> </div> </div> </td> <td style=""width: 19.8376%; height: 146px;""> <div class=""page"" title=""Page 8""> <div class=""section""> <div class=""layoutArea""> <div class=""column""> <div class=""page"" title=""Page 18""> <div class=""section""> <div class=""layoutArea""> <div class=""column""> <div class=""page"" title=""Page 19""> <div class=""section""> <div class=""layoutArea""> <div class=""column""> <div class=""page"" title=""Page 20""> <div class=""page"" title=""Page 20""> <div class=""section""> <div class=""layoutArea""> <div class=""column""> <p><span style=""font-weight: normal;"">Uses performance data to measure the effectiveness of the individualized learning plan and when necessary, improves it </span></p> </div> </div> </div> </div> </div> </div> </div> </div> </div> </div> </div> </div> </div> </div> </div> </div> </div> </td> </tr> </tbody> </table> <div class=""page"" title=""Page 20""> </div> <div class=""page"" title=""Page 20""> <div class=""page"" title=""Page 20""> </div> <div class=""page"" title=""Page 20"">A zero (""0"") indicates not yet completed level 1</div> <div class=""page"" title=""Page 20""> </div> </div></div>","0 | 5 | 9","PBL2","number",NA,9,NA,NA,NA,"LH",NA,NA,NA,NA
"292","acgme_prof1","acgme_miles","Professionalism","slider","<div class=""rich-text-field-label""><p>Professionalism 1:  Professional Behavior</p> <p>Previous rating: [rep_prof1][previous-instance]</p> <p>Most recent self-evaluation rating: [rep_prof1_self][last-instance]</p> <table style=""border-collapse: collapse; width: 92.927864%;"" border=""1""> <tbody> <tr> <td style=""width: 19.8376%;"">Level 1</td> <td style=""width: 20.15%;"">Level 2</td> <td style=""width: 19.9938%;"">Level 3</td> <td style=""width: 20.15%;"">Level 4</td> <td style=""width: 19.8376%;"">Level 5</td> </tr> <tr> <td style=""width: 19.8376%;""> <div class=""page"" title=""Page 8""> <div class=""section""> <div class=""layoutArea""> <div class=""column""> <div class=""page"" title=""Page 18""> <div class=""section""> <div class=""layoutArea""> <div class=""column""> <div class=""page"" title=""Page 19""> <div class=""section""> <div class=""layoutArea""> <div class=""column""> <div class=""page"" title=""Page 21""> <div class=""section""> <div class=""layoutArea""> <div class=""column""> <p> </p> <div class=""page"" title=""Page 22""> <div class=""section""> <div class=""layoutArea""> <div class=""column""> <p><span style=""font-weight: normal;"">Demonstrates professional behavior in routine situations</span></p> </div> </div> </div> </div> </div> </div> </div> </div> <p> </p> </div> </div> </div> </div> </div> </div> </div> </div> </div> </div> </div> </div> </td> <td style=""width: 20.15%;""> <div class=""page"" title=""Page 8""> <div class=""section""> <div class=""layoutArea""> <div class=""column""> <div class=""page"" title=""Page 18""> <div class=""section""> <div class=""layoutArea""> <div class=""column""> <div class=""page"" title=""Page 19""> <div class=""section""> <div class=""layoutArea""> <div class=""column""> <div class=""page"" title=""Page 21""> <div class=""section""> <div class=""layoutArea""> <div class=""column""> <div class=""page"" title=""Page 22""> <div class=""section""> <div class=""layoutArea""> <div class=""column""> <p><span style=""font-weight: normal;"">Identifies potential triggers for professionalism lapses and accepts responsibility for one's own professionalism lapses</span></p> </div> </div> </div> </div> </div> </div> </div> </div> </div> </div> </div> </div> </div> </div> </div> </div> </div> </div> </div> </div> </td> <td style=""width: 19.9938%;""> <div class=""page"" title=""Page 8""> <div class=""section""> <div class=""layoutArea""> <div class=""column""> <div class=""page"" title=""Page 18""> <div class=""section""> <div class=""layoutArea""> <div class=""column""> <div class=""page"" title=""Page 19""> <div class=""section""> <div class=""layoutArea""> <div class=""column""> <div class=""page"" title=""Page 21""> <div class=""section""> <div class=""layoutArea""> <div class=""column""> <div class=""page"" title=""Page 22""> <div class=""section""> <div class=""layoutArea""> <div class=""column""> <p><span style=""font-weight: normal;"">Demonstrates a pattern of professional behavior in complex or stressful situations</span></p> </div> </div> </div> </div> </div> </div> </div> </div> </div> </div> </div> </div> </div> </div> </div> </div> </div> </div> </div> </div> </td> <td style=""width: 20.15%;""> <div class=""page"" title=""Page 8""> <div class=""section""> <div class=""layoutArea""> <div class=""column""> <div class=""page"" title=""Page 18""> <div class=""section""> <div class=""layoutArea""> <div class=""column""> <div class=""page"" title=""Page 19""> <div class=""section""> <div class=""layoutArea""> <div class=""column""> <div class=""page"" title=""Page 21""> <div class=""section""> <div class=""layoutArea""> <div class=""column""> <div class=""page"" title=""Page 22""> <div class=""section""> <div class=""layoutArea""> <div class=""column""> <p><span style=""font-weight: normal;"">Recognizes situations that may trigger professionalism lapses and intervenes to prevent lapses in oneself and others</span></p> </div> </div> </div> </div> </div> </div> </div> </div> </div> </div> </div> </div> </div> </div> </div> </div> </div> </div> </div> </div> </td> <td style=""width: 19.8376%;""> <div class=""page"" title=""Page 8""> <div class=""section""> <div class=""layoutArea""> <div class=""column""> <div class=""page"" title=""Page 18""> <div class=""section""> <div class=""layoutArea""> <div class=""column""> <div class=""page"" title=""Page 19""> <div class=""section""> <div class=""layoutArea""> <div class=""column""> <div class=""page"" title=""Page 20""> <div class=""page"" title=""Page 20""> <div class=""section""> <div class=""layoutArea""> <div class=""column""> <div class=""page"" title=""Page 21""> <div class=""section""> <div class=""layoutArea""> <div class=""column""> <div class=""page"" title=""Page 22""> <div class=""section""> <div class=""layoutArea""> <div class=""column""> <p><span style=""font-weight: normal;"">Coaches others when their behavior fails to meet professional expectations</span></p> </div> </div> </div> </div> </div> </div> </div> </div> </div> </div> </div> </div> <div class=""page"" title=""Page 20""> </div> </div> </div> </div> </div> </div> </div> </div> </div> </div> </div> </div> </div> </div> </td> </tr> </tbody> </table> <div class=""page"" title=""Page 20""> </div> <div class=""page"" title=""Page 20""> <div class=""page"" title=""Page 20""> </div> <div class=""page"" title=""Page 20"">A zero (""0"") indicates not yet completed level 1</div> <div class=""page"" title=""Page 20""> </div> </div></div>","0 | 5 | 9","PROF1","number",NA,9,NA,NA,NA,"LH",NA,NA,NA,NA
"293","acgme_prof2","acgme_miles",NA,"slider","<div class=""rich-text-field-label""><p>Professionalism 2: Ethical Principles</p> <p>Previous rating: [rep_prof2][previous-instance]</p> <p>Most recent self-evaluation rating: [rep_prof2_self][last-instance]</p> <table style=""border-collapse: collapse; width: 92.927864%; height: 239.984375px;"" border=""1""> <tbody> <tr style=""height: 25px;""> <td style=""width: 19.8376%; height: 25px;"">Level 1</td> <td style=""width: 20.15%; height: 25px;"">Level 2</td> <td style=""width: 19.9938%; height: 25px;"">Level 3</td> <td style=""width: 20.15%; height: 25px;"">Level 4</td> <td style=""width: 19.8376%; height: 25px;"">Level 5</td> </tr> <tr style=""height: 214.984375px;""> <td style=""width: 19.8376%; height: 214.984375px;""> <div class=""page"" title=""Page 8""> <div class=""section""> <div class=""layoutArea""> <div class=""column""> <div class=""page"" title=""Page 18""> <div class=""section""> <div class=""layoutArea""> <div class=""column""> <div class=""page"" title=""Page 19""> <div class=""section""> <div class=""layoutArea""> <div class=""column""> <div class=""page"" title=""Page 21""> <div class=""section""> <div class=""layoutArea""> <div class=""column""> <p> </p> <div class=""page"" title=""Page 22""> <div class=""section""> <div class=""layoutArea""> <div class=""column""> <div class=""page"" title=""Page 23""> <div class=""section""> <div class=""layoutArea""> <div class=""column""> <p><span style=""font-weight: normal;"">Demonstrates knowledge of basic ethical principles</span></p> </div> </div> </div> </div> </div> </div> </div> </div> </div> </div> </div> </div> </div> </div> </div> </div> </div> </div> </div> </div> </div> </div> </div> </div> </td> <td style=""width: 20.15%; height: 214.984375px;""> <div class=""page"" title=""Page 8""> <div class=""section""> <div class=""layoutArea""> <div class=""column""> <div class=""page"" title=""Page 18""> <div class=""section""> <div class=""layoutArea""> <div class=""column""> <div class=""page"" title=""Page 19""> <div class=""section""> <div class=""layoutArea""> <div class=""column""> <div class=""page"" title=""Page 21""> <div class=""section""> <div class=""layoutArea""> <div class=""column""> <div class=""page"" title=""Page 22""> <div class=""section""> <div class=""layoutArea""> <div class=""column""> <div class=""page"" title=""Page 23""> <div class=""section""> <div class=""layoutArea""> <div class=""column""> <p><span style=""font-weight: normal;"">Applies basic principles to address straightforward ethical situations</span></p> </div> </div> </div> </div> </div> </div> </div> </div> </div> </div> </div> </div> </div> </div> </div> </div> </div> </div> </div> </div> </div> </div> </div> </div> </td> <td style=""width: 19.9938%; height: 214.984375px;""> <div class=""page"" title=""Page 8""> <div class=""section""> <div class=""layoutArea""> <div class=""column""> <div class=""page"" title=""Page 18""> <div class=""section""> <div class=""layoutArea""> <div class=""column""> <div class=""page"" title=""Page 19""> <div class=""section""> <div class=""layoutArea""> <div class=""column""> <div class=""page"" title=""Page 21""> <div class=""section""> <div class=""layoutArea""> <div class=""column""> <div class=""page"" title=""Page 22""> <div class=""section""> <div class=""layoutArea""> <div class=""column""> <div class=""page"" title=""Page 23""> <div class=""section""> <div class=""layoutArea""> <div class=""column""> <p><span style=""font-weight: normal;"">Analyzes complex situations using ethical principles and identifies the need to seek help in addressing complex ethical situations</span></p> </div> </div> </div> </div> </div> </div> </div> </div> </div> </div> </div> </div> </div> </div> </div> </div> </div> </div> </div> </div> </div> </div> </div> </div> </td> <td style=""width: 20.15%; height: 214.984375px;""> <div class=""page"" title=""Page 8""> <div class=""section""> <div class=""layoutArea""> <div class=""column""> <div class=""page"" title=""Page 18""> <div class=""section""> <div class=""layoutArea""> <div class=""column""> <div class=""page"" title=""Page 19""> <div class=""section""> <div class=""layoutArea""> <div class=""column""> <div class=""page"" title=""Page 21""> <div class=""section""> <div class=""layoutArea""> <div class=""column""> <div class=""page"" title=""Page 22""> <div class=""section""> <div class=""layoutArea""> <div class=""column""> <div class=""page"" title=""Page 23""> <div class=""section""> <div class=""layoutArea""> <div class=""column""> <p><span style=""font-weight: normal;"">Analyzes complex situations and engages with appropriate resources for managing and addressing ethical dilemmas as needed</span></p> </div> </div> </div> </div> </div> </div> </div> </div> </div> </div> </div> </div> </div> </div> </div> </div> </div> </div> </div> </div> </div> </div> </div> </div> </td> <td style=""width: 19.8376%; height: 214.984375px;""> <div class=""page"" title=""Page 8""> <div class=""section""> <div class=""layoutArea""> <div class=""column""> <div class=""page"" title=""Page 18""> <div class=""section""> <div class=""layoutArea""> <div class=""column""> <div class=""page"" title=""Page 19""> <div class=""section""> <div class=""layoutArea""> <div class=""column""> <div class=""page"" title=""Page 20""> <div class=""page"" title=""Page 20""> <div class=""section""> <div class=""layoutArea""> <div class=""column""> <div class=""page"" title=""Page 21""> <div class=""section""> <div class=""layoutArea""> <div class=""column""> <div class=""page"" title=""Page 22""> <div class=""section""> <div class=""layoutArea""> <div class=""column""> <div class=""page"" title=""Page 23""> <div class=""section""> <div class=""layoutArea""> <div class=""column""> <p><span style=""font-weight: normal;"">Identifies and seeks to address system-level factors that induce or exacerbate ethical problems or impede their resolution</span></p> </div> </div> </div> </div> </div> </div> </div> </div> </div> </div> </div> </div> </div> </div> </div> </div> <div class=""page"" title=""Page 20""> </div> </div> </div> </div> </div> </div> </div> </div> </div> </div> </div> </div> </div> </div> </td> </tr> </tbody> </table> <div class=""page"" title=""Page 20""> </div> <div class=""page"" title=""Page 20""> <div class=""page"" title=""Page 20""> </div> <div class=""page"" title=""Page 20"">A zero (""0"") indicates not yet completed level 1</div> <div class=""page"" title=""Page 20""> </div> </div></div>","0 | 5 | 9","PROF2","number",NA,9,NA,NA,NA,"LH",NA,NA,NA,NA
"294","acgme_prof3","acgme_miles",NA,"slider","<div class=""rich-text-field-label""><p>Professionalism 3:  Accountability/Conscientiousness</p> <p>Previous rating: [rep_prof3][previous-instance]</p> <p>Most recent self-evaluation rating: [rep_prof3_self][last-instance]</p> <table style=""border-collapse: collapse; width: 92.927864%; height: 187px;"" border=""1""> <tbody> <tr style=""height: 18px;""> <td style=""width: 19.8376%; height: 18px;"">Level 1</td> <td style=""width: 20.15%; height: 18px;"">Level 2</td> <td style=""width: 19.9938%; height: 18px;"">Level 3</td> <td style=""width: 20.15%; height: 18px;"">Level 4</td> <td style=""width: 19.8376%; height: 18px;"">Level 5</td> </tr> <tr style=""height: 169px;""> <td style=""width: 19.8376%; height: 169px;""> <div class=""page"" title=""Page 8""> <div class=""section""> <div class=""layoutArea""> <div class=""column""> <div class=""page"" title=""Page 18""> <div class=""section""> <div class=""layoutArea""> <div class=""column""> <div class=""page"" title=""Page 19""> <div class=""section""> <div class=""layoutArea""> <div class=""column""> <div class=""page"" title=""Page 21""> <div class=""section""> <div class=""layoutArea""> <div class=""column""> <p> </p> <div class=""page"" title=""Page 22""> <div class=""section""> <div class=""layoutArea""> <div class=""column""> <div class=""page"" title=""Page 23""> <div class=""section""> <div class=""layoutArea""> <div class=""column""> <div class=""page"" title=""Page 24""> <div class=""section""> <div class=""layoutArea""> <div class=""column""> <p><span style=""font-weight: normal;"">Performs administrative tasks and patient care responsibilities, with prompting</span></p> </div> </div> </div> </div> </div> </div> </div> </div> </div> </div> </div> </div> </div> </div> </div> </div> <p> </p> </div> </div> </div> </div> </div> </div> </div> </div> </div> </div> </div> </div> </td> <td style=""width: 20.15%; height: 169px;""> <div class=""page"" title=""Page 8""> <div class=""section""> <div class=""layoutArea""> <div class=""column""> <div class=""page"" title=""Page 18""> <div class=""section""> <div class=""layoutArea""> <div class=""column""> <div class=""page"" title=""Page 19""> <div class=""section""> <div class=""layoutArea""> <div class=""column""> <div class=""page"" title=""Page 21""> <div class=""section""> <div class=""layoutArea""> <div class=""column""> <div class=""page"" title=""Page 22""> <div class=""section""> <div class=""layoutArea""> <div class=""column""> <div class=""page"" title=""Page 23""> <div class=""section""> <div class=""layoutArea""> <div class=""column""> <div class=""page"" title=""Page 24""> <div class=""section""> <div class=""layoutArea""> <div class=""column""> <p><span style=""font-weight: normal;"">Performs administrative tasks and patient care responsibilities in a timely manner in routine situations</span></p> </div> </div> </div> </div> </div> </div> </div> </div> </div> </div> </div> </div> </div> </div> </div> </div> </div> </div> </div> </div> </div> </div> </div> </div> </div> </div> </div> </div> </td> <td style=""width: 19.9938%; height: 169px;""> <div class=""page"" title=""Page 8""> <div class=""section""> <div class=""layoutArea""> <div class=""column""> <div class=""page"" title=""Page 18""> <div class=""section""> <div class=""layoutArea""> <div class=""column""> <div class=""page"" title=""Page 19""> <div class=""section""> <div class=""layoutArea""> <div class=""column""> <div class=""page"" title=""Page 21""> <div class=""section""> <div class=""layoutArea""> <div class=""column""> <div class=""page"" title=""Page 22""> <div class=""section""> <div class=""layoutArea""> <div class=""column""> <div class=""page"" title=""Page 23""> <div class=""section""> <div class=""layoutArea""> <div class=""column""> <div class=""page"" title=""Page 24""> <div class=""section""> <div class=""layoutArea""> <div class=""column""> <p><span style=""font-weight: normal;"">Performs administrative tasks and patient care responsibilities in a timely manner in complex or stressful situations</span></p> </div> </div> </div> </div> </div> </div> </div> </div> </div> </div> </div> </div> </div> </div> </div> </div> </div> </div> </div> </div> </div> </div> </div> </div> </div> </div> </div> </div> </td> <td style=""width: 20.15%; height: 169px;""> <div class=""page"" title=""Page 8""> <div class=""section""> <div class=""layoutArea""> <div class=""column""> <div class=""page"" title=""Page 18""> <div class=""section""> <div class=""layoutArea""> <div class=""column""> <div class=""page"" title=""Page 19""> <div class=""section""> <div class=""layoutArea""> <div class=""column""> <div class=""page"" title=""Page 21""> <div class=""section""> <div class=""layoutArea""> <div class=""column""> <div class=""page"" title=""Page 22""> <div class=""section""> <div class=""layoutArea""> <div class=""column""> <div class=""page"" title=""Page 23""> <div class=""section""> <div class=""layoutArea""> <div class=""column""> <div class=""page"" title=""Page 24""> <div class=""section""> <div class=""layoutArea""> <div class=""column""> <p><span style=""font-weight: normal;"">Proactively implements strategies to ensure that the needs of patients, teams, and systems are met</span></p> </div> </div> </div> </div> </div> </div> </div> </div> </div> </div> </div> </div> </div> </div> </div> </div> </div> </div> </div> </div> </div> </div> </div> </div> </div> </div> </div> </div> </td> <td style=""width: 19.8376%; height: 169px;""> <div class=""page"" title=""Page 8""> <div class=""section""> <div class=""layoutArea""> <div class=""column""> <div class=""page"" title=""Page 18""> <div class=""section""> <div class=""layoutArea""> <div class=""column""> <div class=""page"" title=""Page 19""> <div class=""section""> <div class=""layoutArea""> <div class=""column""> <div class=""page"" title=""Page 20""> <div class=""page"" title=""Page 20""> <div class=""section""> <div class=""layoutArea""> <div class=""column""> <div class=""page"" title=""Page 21""> <div class=""section""> <div class=""layoutArea""> <div class=""column""> <div class=""page"" title=""Page 22""> <div class=""section""> <div class=""layoutArea""> <div class=""column""> <div class=""page"" title=""Page 23""> <div class=""section""> <div class=""layoutArea""> <div class=""column""> <div class=""page"" title=""Page 24""> <div class=""section""> <div class=""layoutArea""> <div class=""column""> <p><span style=""font-weight: normal;"">Creates strategies to enhance other's ability to efficiently complete administrative tasks and patient care responsibilities</span></p> </div> </div> </div> </div> </div> </div> </div> </div> </div> </div> </div> </div> </div> </div> </div> </div> </div> </div> </div> </div> <div class=""page"" title=""Page 20""> </div> </div> </div> </div> </div> </div> </div> </div> </div> </div> </div> </div> </div> </div> </td> </tr> </tbody> </table> <div class=""page"" title=""Page 20""> </div> <div class=""page"" title=""Page 20""> <div class=""page"" title=""Page 20""> </div> <div class=""page"" title=""Page 20"">A zero (""0"") indicates not yet completed level 1</div> <div class=""page"" title=""Page 20""> </div> </div></div>","0 | 5 | 9","PROF3","number",NA,9,NA,NA,NA,"LH",NA,NA,NA,NA
"295","acgme_prof4","acgme_miles",NA,"slider","<div class=""rich-text-field-label""><p>Professionalism 4: Knowledge of Systemic and Individual Factors of Well-Being</p> <p>Previous rating: [rep_prof4][previous-instance]</p> <p>Most recent self-evaluation rating: [rep_prof4_self][last-instance]</p> <table style=""border-collapse: collapse; width: 92.927864%; height: 280px;"" border=""1""> <tbody> <tr style=""height: 18px;""> <td style=""width: 19.8376%; height: 18px;"">Level 1</td> <td style=""width: 20.15%; height: 18px;"">Level 2</td> <td style=""width: 19.9938%; height: 18px;"">Level 3</td> <td style=""width: 20.15%; height: 18px;"">Level 4</td> <td style=""width: 19.8376%; height: 18px;"">Level 5</td> </tr> <tr style=""height: 152px;""> <td style=""width: 19.8376%; height: 152px;""> <div class=""page"" title=""Page 8""> <div class=""section""> <div class=""layoutArea""> <div class=""column""> <div class=""page"" title=""Page 18""> <div class=""section""> <div class=""layoutArea""> <div class=""column""> <div class=""page"" title=""Page 19""> <div class=""section""> <div class=""layoutArea""> <div class=""column""> <div class=""page"" title=""Page 21""> <div class=""section""> <div class=""layoutArea""> <div class=""column""> <p> </p> <div class=""page"" title=""Page 22""> <div class=""section""> <div class=""layoutArea""> <div class=""column""> <div class=""page"" title=""Page 23""> <div class=""section""> <div class=""layoutArea""> <div class=""column""> <div class=""page"" title=""Page 24""> <div class=""section""> <div class=""layoutArea""> <div class=""column""> <div class=""page"" title=""Page 25""> <div class=""section""> <div class=""layoutArea""> <div class=""column""> <p><span style=""font-weight: normal;"">Recognizes the importance of getting help when needed to address personal and professional well-being</span></p> </div> </div> </div> </div> </div> </div> </div> </div> </div> </div> </div> </div> </div> </div> </div> </div> </div> </div> </div> </div> </div> </div> </div> </div> </div> </div> </div> </div> </div> </div> </div> </div> </td> <td style=""width: 20.15%; height: 152px;""> <div class=""page"" title=""Page 8""> <div class=""section""> <div class=""layoutArea""> <div class=""column""> <div class=""page"" title=""Page 18""> <div class=""section""> <div class=""layoutArea""> <div class=""column""> <div class=""page"" title=""Page 19""> <div class=""section""> <div class=""layoutArea""> <div class=""column""> <div class=""page"" title=""Page 21""> <div class=""section""> <div class=""layoutArea""> <div class=""column""> <div class=""page"" title=""Page 22""> <div class=""section""> <div class=""layoutArea""> <div class=""column""> <div class=""page"" title=""Page 23""> <div class=""section""> <div class=""layoutArea""> <div class=""column""> <div class=""page"" title=""Page 24""> <div class=""section""> <div class=""layoutArea""> <div class=""column""> <div class=""page"" title=""Page 25""> <div class=""section""> <div class=""layoutArea""> <div class=""column""> <p><span style=""font-weight: normal;"">Lists resources to support personal and professional well-being</span></p> </div> </div> </div> </div> </div> </div> </div> </div> </div> </div> </div> </div> </div> </div> </div> </div> </div> </div> </div> </div> </div> </div> </div> </div> </div> </div> </div> </div> </div> </div> </div> </div> </td> <td style=""width: 19.9938%; height: 152px;""> <div class=""page"" title=""Page 8""> <div class=""section""> <div class=""layoutArea""> <div class=""column""> <div class=""page"" title=""Page 18""> <div class=""section""> <div class=""layoutArea""> <div class=""column""> <div class=""page"" title=""Page 19""> <div class=""section""> <div class=""layoutArea""> <div class=""column""> <div class=""page"" title=""Page 21""> <div class=""section""> <div class=""layoutArea""> <div class=""column""> <div class=""page"" title=""Page 22""> <div class=""section""> <div class=""layoutArea""> <div class=""column""> <div class=""page"" title=""Page 23""> <div class=""section""> <div class=""layoutArea""> <div class=""column""> <div class=""page"" title=""Page 24""> <div class=""section""> <div class=""layoutArea""> <div class=""column""> <div class=""page"" title=""Page 25""> <div class=""section""> <div class=""layoutArea""> <div class=""column""> <p><span style=""font-weight: normal;"">With prompting, reflects on how personal and professional well-being may impact one's clinical practice</span></p> </div> </div> </div> </div> </div> </div> </div> </div> </div> </div> </div> </div> </div> </div> </div> </div> </div> </div> </div> </div> </div> </div> </div> </div> </div> </div> </div> </div> </div> </div> </div> </div> </td> <td style=""width: 20.15%; height: 152px;""> <div class=""page"" title=""Page 8""> <div class=""section""> <div class=""layoutArea""> <div class=""column""> <div class=""page"" title=""Page 18""> <div class=""section""> <div class=""layoutArea""> <div class=""column""> <div class=""page"" title=""Page 19""> <div class=""section""> <div class=""layoutArea""> <div class=""column""> <div class=""page"" title=""Page 21""> <div class=""section""> <div class=""layoutArea""> <div class=""column""> <div class=""page"" title=""Page 22""> <div class=""section""> <div class=""layoutArea""> <div class=""column""> <div class=""page"" title=""Page 23""> <div class=""section""> <div class=""layoutArea""> <div class=""column""> <div class=""page"" title=""Page 24""> <div class=""section""> <div class=""layoutArea""> <div class=""column""> <div class=""page"" title=""Page 25""> <div class=""section""> <div class=""layoutArea""> <div class=""column""> <p><span style=""font-weight: normal;"">Reflects on actions in real time to proactively respond to the inherent emotional challenges of physician work</span></p> </div> </div> </div> </div> </div> </div> </div> </div> </div> </div> </div> </div> </div> </div> </div> </div> </div> </div> </div> </div> </div> </div> </div> </div> </div> </div> </div> </div> </div> </div> </div> </div> </td> <td style=""width: 19.8376%; height: 152px;""> <div class=""page"" title=""Page 8""> <div class=""section""> <div class=""layoutArea""> <div class=""column""> <div class=""page"" title=""Page 18""> <div class=""section""> <div class=""layoutArea""> <div class=""column""> <div class=""page"" title=""Page 19""> <div class=""section""> <div class=""layoutArea""> <div class=""column""> <div class=""page"" title=""Page 20""> <div class=""page"" title=""Page 20""> <div class=""section""> <div class=""layoutArea""> <div class=""column""> <div class=""page"" title=""Page 21""> <div class=""section""> <div class=""layoutArea""> <div class=""column""> <div class=""page"" title=""Page 22""> <div class=""section""> <div class=""layoutArea""> <div class=""column""> <div class=""page"" title=""Page 23""> <div class=""section""> <div class=""layoutArea""> <div class=""column""> <div class=""page"" title=""Page 24""> <div class=""section""> <div class=""layoutArea""> <div class=""column""> <div class=""page"" title=""Page 25""> <div class=""section""> <div class=""layoutArea""> <div class=""column""> <p><span style=""font-weight: normal;"">Participates in institutional changes to promote personal and professional well-being</span></p> </div> </div> </div> </div> </div> </div> </div> </div> </div> </div> </div> </div> </div> </div> </div> </div> </div> </div> </div> </div> </div> </div> </div> </div> </div> </div> </div> </div> </div> </div> </div> </div> </div> </div> </div> </div> </div> </td> </tr> <tr style=""height: 110px;""> <td style=""width: 19.8376%; height: 110px;""> <div class=""page"" title=""Page 8""> <div class=""section""> <div class=""layoutArea""> <div class=""column""> <div class=""page"" title=""Page 18""> <div class=""section""> <div class=""layoutArea""> <div class=""column""> <div class=""page"" title=""Page 19""> <div class=""section""> <div class=""layoutArea""> <div class=""column""> <p><span style=""font-weight: normal;""> </span></p> </div> </div> </div> </div> </div> </div> </div> </div> </div> </div> </div> </div> </td> <td style=""width: 20.15%; height: 110px;""> <div class=""page"" title=""Page 8""> <div class=""section""> <div class=""layoutArea""> <div class=""column""> <div class=""page"" title=""Page 18""> <div class=""section""> <div class=""layoutArea""> <div class=""column""> <div class=""page"" title=""Page 19""> <div class=""section""> <div class=""layoutArea""> <div class=""column""> <p><span style=""font-weight: normal;""> Recognizes that institutional factors affect well-being</span></p> </div> </div> </div> </div> </div> </div> </div> </div> </div> </div> </div> </div> </td> <td style=""width: 19.9938%; height: 110px;""> <div class=""page"" title=""Page 8""> <div class=""section""> <div class=""layoutArea""> <div class=""column""> <div class=""page"" title=""Page 18""> <div class=""section""> <div class=""layoutArea""> <div class=""column""> <div class=""page"" title=""Page 19""> <div class=""section""> <div class=""layoutArea""> <div class=""column""> <p><span style=""font-weight: normal;""> Describes institutional factors that affect well- being</span></p> </div> </div> </div> </div> </div> </div> </div> </div> </div> </div> </div> </div> </td> <td style=""width: 20.15%; height: 110px;""> <div class=""page"" title=""Page 8""> <div class=""section""> <div class=""layoutArea""> <div class=""column""> <div class=""page"" title=""Page 18""> <div class=""section""> <div class=""layoutArea""> <div class=""column""> <div class=""page"" title=""Page 19""> <div class=""section""> <div class=""layoutArea""> <div class=""column""> <p><span style=""font-weight: normal;""> Suggests potential solutions to institutional factors that affect well- being</span></p> </div> </div> </div> </div> </div> </div> </div> </div> </div> </div> </div> </div> </td> <td style=""width: 19.8376%; height: 110px;""> <div class=""page"" title=""Page 8""> <div class=""section""> <div class=""layoutArea""> <div class=""column""> <div class=""page"" title=""Page 18""> <div class=""section""> <div class=""layoutArea""> <div class=""column""> <div class=""page"" title=""Page 19""> <div class=""section""> <div class=""layoutArea""> <div class=""column""> <div class=""page"" title=""Page 20""> <div class=""page"" title=""Page 20""> <div class=""section""> <div class=""layoutArea""> <div class=""column""> <p><span style=""font-weight: normal;""> </span></p> </div> </div> </div> </div> </div> </div> </div> </div> </div> </div> </div> </div> </div> </div> </div> </div> </div> </td> </tr> </tbody> </table> <div class=""page"" title=""Page 20""> </div> <div class=""page"" title=""Page 20""> <div class=""page"" title=""Page 20""> </div> <div class=""page"" title=""Page 20"">A zero (""0"") indicates not yet completed level 1</div> <div class=""page"" title=""Page 20""> </div> </div></div>","0 | 5 | 9","PROF4","number",NA,9,NA,NA,NA,"LH",NA,NA,NA,NA
"296","acgme_ics1","acgme_miles","Interpersonal and Communication Skills","slider","<div class=""rich-text-field-label""><p>Interpersonal and Communication Skills 1: Patient- and Family-Centered Communication</p> <p>Previous rating: [rep_ics1][previous-instance]</p> <p>Most recent self-evaluation rating: [rep_ics1_self][last-instance]</p> <table style=""border-collapse: collapse; width: 92.927864%; height: 326px;"" border=""1""> <tbody> <tr style=""height: 18px;""> <td style=""width: 19.8376%; height: 18px;"">Level 1</td> <td style=""width: 20.15%; height: 18px;"">Level 2</td> <td style=""width: 19.9938%; height: 18px;"">Level 3</td> <td style=""width: 20.15%; height: 18px;"">Level 4</td> <td style=""width: 19.8376%; height: 18px;"">Level 5</td> </tr> <tr style=""height: 198px;""> <td style=""width: 19.8376%; height: 198px;""> <div class=""page"" title=""Page 8""> <div class=""section""> <div class=""layoutArea""> <div class=""column""> <div class=""page"" title=""Page 18""> <div class=""section""> <div class=""layoutArea""> <div class=""column""> <div class=""page"" title=""Page 19""> <div class=""section""> <div class=""layoutArea""> <div class=""column""> <div class=""page"" title=""Page 21""> <div class=""section""> <div class=""layoutArea""> <div class=""column""> <p> </p> <div class=""page"" title=""Page 22""> <div class=""section""> <div class=""layoutArea""> <div class=""column""> <div class=""page"" title=""Page 23""> <div class=""section""> <div class=""layoutArea""> <div class=""column""> <div class=""page"" title=""Page 24""> <div class=""section""> <div class=""layoutArea""> <div class=""column""> <div class=""page"" title=""Page 25""> <div class=""section""> <div class=""layoutArea""> <div class=""column""> <div class=""page"" title=""Page 26""> <div class=""section""> <div class=""layoutArea""> <div class=""column""> <p><span style=""font-weight: normal;"">Uses language and non- verbal behavior to demonstrate respect and establish rapport</span></p> </div> </div> </div> </div> </div> </div> </div> </div> </div> </div> </div> </div> </div> </div> </div> </div> </div> </div> </div> </div> </div> </div> </div> </div> </div> </div> </div> </div> </div> </div> </div> </div> </div> </div> </div> </div> </td> <td style=""width: 20.15%; height: 198px;""> <div class=""page"" title=""Page 8""> <div class=""section""> <div class=""layoutArea""> <div class=""column""> <div class=""page"" title=""Page 18""> <div class=""section""> <div class=""layoutArea""> <div class=""column""> <div class=""page"" title=""Page 19""> <div class=""section""> <div class=""layoutArea""> <div class=""column""> <div class=""page"" title=""Page 21""> <div class=""section""> <div class=""layoutArea""> <div class=""column""> <div class=""page"" title=""Page 22""> <div class=""section""> <div class=""layoutArea""> <div class=""column""> <div class=""page"" title=""Page 23""> <div class=""section""> <div class=""layoutArea""> <div class=""column""> <div class=""page"" title=""Page 24""> <div class=""section""> <div class=""layoutArea""> <div class=""column""> <div class=""page"" title=""Page 25""> <div class=""section""> <div class=""layoutArea""> <div class=""column""> <div class=""page"" title=""Page 26""> <div class=""section""> <div class=""layoutArea""> <div class=""column""> <p><span style=""font-weight: normal;"">Establishes and maintains a therapeutic relationship using effective communication behaviors in straightforward encounters</span></p> </div> </div> </div> </div> </div> </div> </div> </div> </div> </div> </div> </div> </div> </div> </div> </div> </div> </div> </div> </div> </div> </div> </div> </div> </div> </div> </div> </div> </div> </div> </div> </div> </div> </div> </div> </div> </td> <td style=""width: 19.9938%; height: 198px;""> <div class=""page"" title=""Page 8""> <div class=""section""> <div class=""layoutArea""> <div class=""column""> <div class=""page"" title=""Page 18""> <div class=""section""> <div class=""layoutArea""> <div class=""column""> <div class=""page"" title=""Page 19""> <div class=""section""> <div class=""layoutArea""> <div class=""column""> <div class=""page"" title=""Page 21""> <div class=""section""> <div class=""layoutArea""> <div class=""column""> <div class=""page"" title=""Page 22""> <div class=""section""> <div class=""layoutArea""> <div class=""column""> <div class=""page"" title=""Page 23""> <div class=""section""> <div class=""layoutArea""> <div class=""column""> <div class=""page"" title=""Page 24""> <div class=""section""> <div class=""layoutArea""> <div class=""column""> <div class=""page"" title=""Page 25""> <div class=""section""> <div class=""layoutArea""> <div class=""column""> <div class=""page"" title=""Page 26""> <div class=""section""> <div class=""layoutArea""> <div class=""column""> <p><span style=""font-weight: normal;"">Establishes and maintains a therapeutic relationship using effective communication behaviors in challenging patient encounters</span></p> </div> </div> </div> </div> </div> </div> </div> </div> </div> </div> </div> </div> </div> </div> </div> </div> </div> </div> </div> </div> </div> </div> </div> </div> </div> </div> </div> </div> </div> </div> </div> </div> </div> </div> </div> </div> </td> <td style=""width: 20.15%; height: 198px;""> <div class=""page"" title=""Page 8""> <div class=""section""> <div class=""layoutArea""> <div class=""column""> <div class=""page"" title=""Page 18""> <div class=""section""> <div class=""layoutArea""> <div class=""column""> <div class=""page"" title=""Page 19""> <div class=""section""> <div class=""layoutArea""> <div class=""column""> <div class=""page"" title=""Page 21""> <div class=""section""> <div class=""layoutArea""> <div class=""column""> <div class=""page"" title=""Page 22""> <div class=""section""> <div class=""layoutArea""> <div class=""column""> <div class=""page"" title=""Page 23""> <div class=""section""> <div class=""layoutArea""> <div class=""column""> <div class=""page"" title=""Page 24""> <div class=""section""> <div class=""layoutArea""> <div class=""column""> <div class=""page"" title=""Page 25""> <div class=""section""> <div class=""layoutArea""> <div class=""column""> <div class=""page"" title=""Page 26""> <div class=""section""> <div class=""layoutArea""> <div class=""column""> <p><span style=""font-weight: normal;"">Establishes and maintains therapeutic relationships using shared decision making, regardless of complexity</span></p> </div> </div> </div> </div> </div> </div> </div> </div> </div> </div> </div> </div> </div> </div> </div> </div> </div> </div> </div> </div> </div> </div> </div> </div> </div> </div> </div> </div> </div> </div> </div> </div> </div> </div> </div> </div> </td> <td style=""width: 19.8376%; height: 198px;""> <div class=""page"" title=""Page 8""> <div class=""section""> <div class=""layoutArea""> <div class=""column""> <div class=""page"" title=""Page 18""> <div class=""section""> <div class=""layoutArea""> <div class=""column""> <div class=""page"" title=""Page 19""> <div class=""section""> <div class=""layoutArea""> <div class=""column""> <div class=""page"" title=""Page 20""> <div class=""page"" title=""Page 20""> <div class=""section""> <div class=""layoutArea""> <div class=""column""> <div class=""page"" title=""Page 21""> <div class=""section""> <div class=""layoutArea""> <div class=""column""> <div class=""page"" title=""Page 22""> <div class=""section""> <div class=""layoutArea""> <div class=""column""> <div class=""page"" title=""Page 23""> <div class=""section""> <div class=""layoutArea""> <div class=""column""> <div class=""page"" title=""Page 24""> <div class=""section""> <div class=""layoutArea""> <div class=""column""> <div class=""page"" title=""Page 25""> <div class=""section""> <div class=""layoutArea""> <div class=""column""> <div class=""page"" title=""Page 26""> <div class=""section""> <div class=""layoutArea""> <div class=""column""> <p><span style=""font-weight: normal;"">Coaches others in developing and maintaining therapeutic relationships and mitigating communication barriers</span></p> </div> </div> </div> </div> </div> </div> </div> </div> </div> </div> </div> </div> </div> </div> </div> </div> </div> </div> </div> </div> </div> </div> </div> </div> </div> </div> </div> </div> </div> </div> </div> </div> </div> </div> </div> </div> </div> </div> </div> </div> </div> </td> </tr> <tr style=""height: 110px;""> <td style=""width: 19.8376%; height: 110px;""> <div class=""page"" title=""Page 8""> <div class=""section""> <div class=""layoutArea""> <div class=""column""> <div class=""page"" title=""Page 18""> <div class=""section""> <div class=""layoutArea""> <div class=""column""> <div class=""page"" title=""Page 19""> <div class=""section""> <div class=""layoutArea""> <div class=""column""> <p><span style=""font-weight: normal;""> </span></p> </div> </div> </div> </div> </div> </div> </div> </div> </div> </div> </div> </div> </td> <td style=""width: 20.15%; height: 110px;""> <div class=""page"" title=""Page 8""> <div class=""section""> <div class=""layoutArea""> <div class=""column""> <div class=""page"" title=""Page 18""> <div class=""section""> <div class=""layoutArea""> <div class=""column""> <div class=""page"" title=""Page 19""> <div class=""section""> <div class=""layoutArea""> <div class=""column""> <p><span style=""font-weight: normal;"">Identifies common barriers to effective communication </span></p> </div> </div> </div> </div> </div> </div> </div> </div> </div> </div> </div> </div> </td> <td style=""width: 19.9938%; height: 110px;""> <div class=""page"" title=""Page 8""> <div class=""section""> <div class=""layoutArea""> <div class=""column""> <div class=""page"" title=""Page 18""> <div class=""section""> <div class=""layoutArea""> <div class=""column""> <div class=""page"" title=""Page 19""> <div class=""section""> <div class=""layoutArea""> <div class=""column""> <p><span style=""font-weight: normal;"">Identifies complex barriers to effective communication, including personal bias </span></p> </div> </div> </div> </div> </div> </div> </div> </div> </div> </div> </div> </div> </td> <td style=""width: 20.15%; height: 110px;""> <div class=""page"" title=""Page 8""> <div class=""section""> <div class=""layoutArea""> <div class=""column""> <div class=""page"" title=""Page 18""> <div class=""section""> <div class=""layoutArea""> <div class=""column""> <div class=""page"" title=""Page 19""> <div class=""section""> <div class=""layoutArea""> <div class=""column""> <p><span style=""font-weight: normal;"">Mitigates communication barriers </span></p> </div> </div> </div> </div> </div> </div> </div> </div> </div> </div> </div> </div> </td> <td style=""width: 19.8376%; height: 110px;""> <div class=""page"" title=""Page 8""> <div class=""section""> <div class=""layoutArea""> <div class=""column""> <div class=""page"" title=""Page 18""> <div class=""section""> <div class=""layoutArea""> <div class=""column""> <div class=""page"" title=""Page 19""> <div class=""section""> <div class=""layoutArea""> <div class=""column""> <div class=""page"" title=""Page 20""> <div class=""page"" title=""Page 20""> <div class=""section""> <div class=""layoutArea""> <div class=""column""> <p><span style=""font-weight: normal;"">Models the mitigation of communication barriers </span></p> </div> </div> </div> </div> </div> </div> </div> </div> </div> </div> </div> </div> </div> </div> </div> </div> </div> </td> </tr> </tbody> </table> <div class=""page"" title=""Page 20""> </div> <div class=""page"" title=""Page 20""> <div class=""page"" title=""Page 20""> </div> <div class=""page"" title=""Page 20"">A zero (""0"") indicates not yet completed level 1</div> <div class=""page"" title=""Page 20""> </div> </div></div>","0 | 5 | 9","ICS1","number",NA,9,NA,NA,NA,"LH",NA,NA,NA,NA
"297","acgme_ics2","acgme_miles",NA,"slider","<div class=""rich-text-field-label""><p>Interpersonal and Communication Skills 2: Interprofessional and Team Communication</p> <p>Previous rating: [rep_ics2][previous-instance]</p> <p>Most recent self-evaluation rating: [rep_ics2_self][last-instance]</p> <table style=""border-collapse: collapse; width: 92.927864%;"" border=""1""> <tbody> <tr> <td style=""width: 19.8376%;"">Level 1</td> <td style=""width: 20.15%;"">Level 2</td> <td style=""width: 19.9938%;"">Level 3</td> <td style=""width: 20.15%;"">Level 4</td> <td style=""width: 19.8376%;"">Level 5</td> </tr> <tr> <td style=""width: 19.8376%;""> <div class=""page"" title=""Page 8""> <div class=""section""> <div class=""layoutArea""> <div class=""column""> <div class=""page"" title=""Page 18""> <div class=""section""> <div class=""layoutArea""> <div class=""column""> <div class=""page"" title=""Page 19""> <div class=""section""> <div class=""layoutArea""> <div class=""column""> <div class=""page"" title=""Page 21""> <div class=""section""> <div class=""layoutArea""> <div class=""column""> <p> </p> <div class=""page"" title=""Page 22""> <div class=""section""> <div class=""layoutArea""> <div class=""column""> <div class=""page"" title=""Page 23""> <div class=""section""> <div class=""layoutArea""> <div class=""column""> <div class=""page"" title=""Page 24""> <div class=""section""> <div class=""layoutArea""> <div class=""column""> <div class=""page"" title=""Page 25""> <div class=""section""> <div class=""layoutArea""> <div class=""column""> <div class=""page"" title=""Page 26""> <div class=""section""> <div class=""layoutArea""> <div class=""column""> <div class=""page"" title=""Page 27""> <div class=""section""> <div class=""layoutArea""> <div class=""column""> <p><span style=""font-weight: normal;"">Respectfully requests and responds to a consultation</span></p> </div> </div> </div> </div> </div> </div> </div> </div> </div> </div> </div> </div> </div> </div> </div> </div> </div> </div> </div> </div> </div> </div> </div> </div> </div> </div> </div> </div> </div> </div> </div> </div> </div> </div> </div> </div> </div> </div> </div> </div> </td> <td style=""width: 20.15%;""> <div class=""page"" title=""Page 8""> <div class=""section""> <div class=""layoutArea""> <div class=""column""> <div class=""page"" title=""Page 18""> <div class=""section""> <div class=""layoutArea""> <div class=""column""> <div class=""page"" title=""Page 19""> <div class=""section""> <div class=""layoutArea""> <div class=""column""> <div class=""page"" title=""Page 21""> <div class=""section""> <div class=""layoutArea""> <div class=""column""> <div class=""page"" title=""Page 22""> <div class=""section""> <div class=""layoutArea""> <div class=""column""> <div class=""page"" title=""Page 23""> <div class=""section""> <div class=""layoutArea""> <div class=""column""> <div class=""page"" title=""Page 24""> <div class=""section""> <div class=""layoutArea""> <div class=""column""> <div class=""page"" title=""Page 25""> <div class=""section""> <div class=""layoutArea""> <div class=""column""> <div class=""page"" title=""Page 26""> <div class=""section""> <div class=""layoutArea""> <div class=""column""> <div class=""page"" title=""Page 27""> <div class=""section""> <div class=""layoutArea""> <div class=""column""> <p><span style=""font-weight: normal;"">Clearly and concisely requests and responds to a consultation</span></p> </div> </div> </div> </div> </div> </div> </div> </div> </div> </div> </div> </div> </div> </div> </div> </div> </div> </div> </div> </div> </div> </div> </div> </div> </div> </div> </div> </div> </div> </div> </div> </div> </div> </div> </div> </div> </div> </div> </div> </div> </td> <td style=""width: 19.9938%;""> <div class=""page"" title=""Page 8""> <div class=""section""> <div class=""layoutArea""> <div class=""column""> <div class=""page"" title=""Page 18""> <div class=""section""> <div class=""layoutArea""> <div class=""column""> <div class=""page"" title=""Page 19""> <div class=""section""> <div class=""layoutArea""> <div class=""column""> <div class=""page"" title=""Page 21""> <div class=""section""> <div class=""layoutArea""> <div class=""column""> <div class=""page"" title=""Page 22""> <div class=""section""> <div class=""layoutArea""> <div class=""column""> <div class=""page"" title=""Page 23""> <div class=""section""> <div class=""layoutArea""> <div class=""column""> <div class=""page"" title=""Page 24""> <div class=""section""> <div class=""layoutArea""> <div class=""column""> <div class=""page"" title=""Page 25""> <div class=""section""> <div class=""layoutArea""> <div class=""column""> <div class=""page"" title=""Page 26""> <div class=""section""> <div class=""layoutArea""> <div class=""column""> <div class=""page"" title=""Page 27""> <div class=""section""> <div class=""layoutArea""> <div class=""column""> <p><span style=""font-weight: normal;"">Checks own and others' understanding of recommendations when providing or receiving consultation</span></p> </div> </div> </div> </div> </div> </div> </div> </div> </div> </div> </div> </div> </div> </div> </div> </div> </div> </div> </div> </div> </div> </div> </div> </div> </div> </div> </div> </div> </div> </div> </div> </div> </div> </div> </div> </div> </div> </div> </div> </div> </td> <td style=""width: 20.15%;""> <div class=""page"" title=""Page 8""> <div class=""section""> <div class=""layoutArea""> <div class=""column""> <div class=""page"" title=""Page 18""> <div class=""section""> <div class=""layoutArea""> <div class=""column""> <div class=""page"" title=""Page 19""> <div class=""section""> <div class=""layoutArea""> <div class=""column""> <div class=""page"" title=""Page 21""> <div class=""section""> <div class=""layoutArea""> <div class=""column""> <div class=""page"" title=""Page 22""> <div class=""section""> <div class=""layoutArea""> <div class=""column""> <div class=""page"" title=""Page 23""> <div class=""section""> <div class=""layoutArea""> <div class=""column""> <div class=""page"" title=""Page 24""> <div class=""section""> <div class=""layoutArea""> <div class=""column""> <div class=""page"" title=""Page 25""> <div class=""section""> <div class=""layoutArea""> <div class=""column""> <div class=""page"" title=""Page 26""> <div class=""section""> <div class=""layoutArea""> <div class=""column""> <p> </p> <div class=""page"" title=""Page 27""> <div class=""section""> <div class=""layoutArea""> <div class=""column""> <p><span style=""font-weight: normal;"">Coordinates recommendations from different consultants to optimize patient care</span></p> </div> </div> </div> </div> </div> </div> </div> </div> </div> </div> </div> </div> </div> </div> </div> </div> </div> </div> </div> </div> </div> </div> </div> </div> </div> </div> </div> </div> </div> </div> </div> </div> </div> </div> </div> </div> </div> </div> </div> </div> </td> <td style=""width: 19.8376%;""> <div class=""page"" title=""Page 8""> <div class=""section""> <div class=""layoutArea""> <div class=""column""> <div class=""page"" title=""Page 18""> <div class=""section""> <div class=""layoutArea""> <div class=""column""> <div class=""page"" title=""Page 19""> <div class=""section""> <div class=""layoutArea""> <div class=""column""> <div class=""page"" title=""Page 20""> <div class=""page"" title=""Page 20""> <div class=""section""> <div class=""layoutArea""> <div class=""column""> <div class=""page"" title=""Page 21""> <div class=""section""> <div class=""layoutArea""> <div class=""column""> <div class=""page"" title=""Page 22""> <div class=""section""> <div class=""layoutArea""> <div class=""column""> <div class=""page"" title=""Page 23""> <div class=""section""> <div class=""layoutArea""> <div class=""column""> <div class=""page"" title=""Page 24""> <div class=""section""> <div class=""layoutArea""> <div class=""column""> <div class=""page"" title=""Page 25""> <div class=""section""> <div class=""layoutArea""> <div class=""column""> <div class=""page"" title=""Page 26""> <div class=""section""> <div class=""layoutArea""> <div class=""column""> <div class=""page"" title=""Page 27""> <div class=""section""> <div class=""layoutArea""> <div class=""column""> <div class=""page"" title=""Page 27""> <div class=""section""> <div class=""layoutArea""> <div class=""column""> <p><span style=""font-weight: normal;"">Facilitates conflict resolution between and amongst consultants when disagreement exists</span></p> </div> </div> </div> </div> </div> </div> </div> </div> </div> </div> </div> </div> </div> </div> </div> </div> </div> </div> </div> </div> </div> </div> </div> </div> </div> </div> </div> </div> </div> </div> </div> </div> </div> </div> </div> </div> </div> </div> </div> </div> </div> </div> </div> </div> </div> </div> </div> </div> </div> </td> </tr> <tr> <td style=""width: 19.8376%;""> <div class=""page"" title=""Page 8""> <div class=""section""> <div class=""layoutArea""> <div class=""column""> <div class=""page"" title=""Page 18""> <div class=""section""> <div class=""layoutArea""> <div class=""column""> <div class=""page"" title=""Page 19""> <div class=""section""> <div class=""layoutArea""> <div class=""column""> <p><span style=""font-weight: normal;""> Uses verbal and non- verbal communication that values all members of the interprofessional team</span></p> </div> </div> </div> </div> </div> </div> </div> </div> </div> </div> </div> </div> </td> <td style=""width: 20.15%;""> <div class=""page"" title=""Page 8""> <div class=""section""> <div class=""layoutArea""> <div class=""column""> <div class=""page"" title=""Page 18""> <div class=""section""> <div class=""layoutArea""> <div class=""column""> <div class=""page"" title=""Page 19""> <div class=""section""> <div class=""layoutArea""> <div class=""column""> <p><span style=""font-weight: normal;"">Communicates information, including basic feedback with all interprofessional team members </span></p> </div> </div> </div> </div> </div> </div> </div> </div> </div> </div> </div> </div> </td> <td style=""width: 19.9938%;""> <div class=""page"" title=""Page 8""> <div class=""section""> <div class=""layoutArea""> <div class=""column""> <div class=""page"" title=""Page 18""> <div class=""section""> <div class=""layoutArea""> <div class=""column""> <div class=""page"" title=""Page 19""> <div class=""section""> <div class=""layoutArea""> <div class=""column""> <p><span style=""font-weight: normal;"">Facilitates interprofessional team communication to reconcile conflict and provides difficult feedback </span></p> </div> </div> </div> </div> </div> </div> </div> </div> </div> </div> </div> </div> </td> <td style=""width: 20.15%;""> <div class=""page"" title=""Page 8""> <div class=""section""> <div class=""layoutArea""> <div class=""column""> <div class=""page"" title=""Page 18""> <div class=""section""> <div class=""layoutArea""> <div class=""column""> <div class=""page"" title=""Page 19""> <div class=""section""> <div class=""layoutArea""> <div class=""column""> <p><span style=""font-weight: normal;"">Adapts communication style to fit interprofessional team needs and maximizes impact of feedback to the team </span></p> </div> </div> </div> </div> </div> </div> </div> </div> </div> </div> </div> </div> </td> <td style=""width: 19.8376%;""> <div class=""page"" title=""Page 8""> <div class=""section""> <div class=""layoutArea""> <div class=""column""> <div class=""page"" title=""Page 18""> <div class=""section""> <div class=""layoutArea""> <div class=""column""> <div class=""page"" title=""Page 19""> <div class=""section""> <div class=""layoutArea""> <div class=""column""> <div class=""page"" title=""Page 20""> <div class=""page"" title=""Page 20""> <div class=""section""> <div class=""layoutArea""> <div class=""column""> <p><span style=""font-weight: normal;"">Models flexible communication strategies that facilitate excellence in interprofessional teamwork </span></p> </div> </div> </div> </div> </div> </div> </div> </div> </div> </div> </div> </div> </div> </div> </div> </div> </div> </td> </tr> </tbody> </table> <div class=""page"" title=""Page 20""> </div> <div class=""page"" title=""Page 20""> <div class=""page"" title=""Page 20""> </div> <div class=""page"" title=""Page 20"">A zero (""0"") indicates not yet completed level 1</div> <div class=""page"" title=""Page 20""> </div> </div></div>","0 | 5 | 9","ICS2","number",NA,9,NA,NA,NA,"LH",NA,NA,NA,NA
"298","acgme_ics3","acgme_miles",NA,"slider","<div class=""rich-text-field-label""><p>Interpersonal and Communication Skills 3: Communication within Health Care Systems</p> <p>Previous rating: [rep_ics3][previous-instance]</p> <p>Most recent self-evaluation rating: [rep_ics3_self][last-instance]</p> <table style=""border-collapse: collapse; width: 92.927864%;"" border=""1""> <tbody> <tr> <td style=""width: 19.817073%;"">Level 1</td> <td style=""width: 20.121951%;"">Level 2</td> <td style=""width: 19.969512%;"">Level 3</td> <td style=""width: 20.121951%;"">Level 4</td> <td style=""width: 19.817073%;"">Level 5</td> </tr> <tr> <td style=""width: 19.817073%;""> <div class=""page"" title=""Page 8""> <div class=""section""> <div class=""layoutArea""> <div class=""column""> <div class=""page"" title=""Page 18""> <div class=""section""> <div class=""layoutArea""> <div class=""column""> <div class=""page"" title=""Page 19""> <div class=""section""> <div class=""layoutArea""> <div class=""column""> <div class=""page"" title=""Page 21""> <div class=""section""> <div class=""layoutArea""> <div class=""column""> <p><span style=""font-weight: normal;"">Accurately documents comprehensive and current information</span></p> </div> </div> </div> </div> </div> </div> </div> </div> </div> </div> </div> </div> </div> </div> </div> </div> </td> <td style=""width: 20.121951%;""> <div class=""page"" title=""Page 8""> <div class=""section""> <div class=""layoutArea""> <div class=""column""> <div class=""page"" title=""Page 18""> <div class=""section""> <div class=""layoutArea""> <div class=""column""> <div class=""page"" title=""Page 19""> <div class=""section""> <div class=""layoutArea""> <div class=""column""> <div class=""page"" title=""Page 21""> <div class=""section""> <div class=""layoutArea""> <div class=""column""> <div class=""page"" title=""Page 22""> <div class=""section""> <div class=""layoutArea""> <div class=""column""> <div class=""page"" title=""Page 23""> <div class=""section""> <div class=""layoutArea""> <div class=""column""> <div class=""page"" title=""Page 24""> <div class=""section""> <div class=""layoutArea""> <div class=""column""> <div class=""page"" title=""Page 25""> <div class=""section""> <div class=""layoutArea""> <div class=""column""> <div class=""page"" title=""Page 26""> <div class=""section""> <div class=""layoutArea""> <div class=""column""> <div class=""page"" title=""Page 27""> <div class=""section""> <div class=""layoutArea""> <div class=""column""> <div class=""page"" title=""Page 28""> <div class=""section""> <div class=""layoutArea""> <div class=""column""> <p><span style=""font-weight: normal;"">Documents clinical encounter, including reasoning, through organized notes</span></p> </div> </div> </div> </div> </div> </div> </div> </div> </div> </div> </div> </div> </div> </div> </div> </div> </div> </div> </div> </div> </div> </div> </div> </div> </div> </div> </div> </div> </div> </div> </div> </div> </div> </div> </div> </div> </div> </div> </div> </div> </div> </div> </div> </div> </td> <td style=""width: 19.969512%;""> <div class=""page"" title=""Page 8""> <div class=""section""> <div class=""layoutArea""> <div class=""column""> <div class=""page"" title=""Page 18""> <div class=""section""> <div class=""layoutArea""> <div class=""column""> <div class=""page"" title=""Page 19""> <div class=""section""> <div class=""layoutArea""> <div class=""column""> <div class=""page"" title=""Page 21""> <div class=""section""> <div class=""layoutArea""> <div class=""column""> <div class=""page"" title=""Page 22""> <div class=""section""> <div class=""layoutArea""> <div class=""column""> <div class=""page"" title=""Page 23""> <div class=""section""> <div class=""layoutArea""> <div class=""column""> <div class=""page"" title=""Page 24""> <div class=""section""> <div class=""layoutArea""> <div class=""column""> <div class=""page"" title=""Page 25""> <div class=""section""> <div class=""layoutArea""> <div class=""column""> <div class=""page"" title=""Page 26""> <div class=""section""> <div class=""layoutArea""> <div class=""column""> <div class=""page"" title=""Page 27""> <div class=""section""> <div class=""layoutArea""> <div class=""column""> <div class=""page"" title=""Page 28""> <div class=""section""> <div class=""layoutArea""> <div class=""column""> <p><span style=""font-weight: normal;"">Documents clinical encounter through concise and thorough notes</span></p> </div> </div> </div> </div> </div> </div> </div> </div> </div> </div> </div> </div> </div> </div> </div> </div> </div> </div> </div> </div> </div> </div> </div> </div> </div> </div> </div> </div> </div> </div> </div> </div> </div> </div> </div> </div> </div> </div> </div> </div> </div> </div> </div> </div> </td> <td style=""width: 20.121951%;""> <div class=""page"" title=""Page 8""> <div class=""section""> <div class=""layoutArea""> <div class=""column""> <div class=""page"" title=""Page 18""> <div class=""section""> <div class=""layoutArea""> <div class=""column""> <div class=""page"" title=""Page 19""> <div class=""section""> <div class=""layoutArea""> <div class=""column""> <div class=""page"" title=""Page 21""> <div class=""section""> <div class=""layoutArea""> <div class=""column""> <div class=""page"" title=""Page 22""> <div class=""section""> <div class=""layoutArea""> <div class=""column""> <div class=""page"" title=""Page 23""> <div class=""section""> <div class=""layoutArea""> <div class=""column""> <div class=""page"" title=""Page 24""> <div class=""section""> <div class=""layoutArea""> <div class=""column""> <div class=""page"" title=""Page 25""> <div class=""section""> <div class=""layoutArea""> <div class=""column""> <div class=""page"" title=""Page 26""> <div class=""section""> <div class=""layoutArea""> <div class=""column""> <p> </p> <div class=""page"" title=""Page 27""> <div class=""section""> <div class=""layoutArea""> <div class=""column""> <div class=""page"" title=""Page 28""> <div class=""section""> <div class=""layoutArea""> <div class=""column""> <p><span style=""font-weight: normal;"">Documents clinical encounter clearly, concisely, timely, and in an organized form, including anticipatory guidance</span></p> </div> </div> </div> </div> </div> </div> </div> </div> </div> </div> </div> </div> </div> </div> </div> </div> </div> </div> </div> </div> </div> </div> </div> </div> </div> </div> </div> </div> </div> </div> </div> </div> </div> </div> </div> </div> </div> </div> </div> </div> </div> </div> </div> </div> </td> <td style=""width: 19.817073%;""> <div class=""page"" title=""Page 8""> <div class=""section""> <div class=""layoutArea""> <div class=""column""> <div class=""page"" title=""Page 18""> <div class=""section""> <div class=""layoutArea""> <div class=""column""> <div class=""page"" title=""Page 19""> <div class=""section""> <div class=""layoutArea""> <div class=""column""> <div class=""page"" title=""Page 20""> <div class=""page"" title=""Page 20""> <div class=""section""> <div class=""layoutArea""> <div class=""column""> <div class=""page"" title=""Page 21""> <div class=""section""> <div class=""layoutArea""> <div class=""column""> <div class=""page"" title=""Page 22""> <div class=""section""> <div class=""layoutArea""> <div class=""column""> <div class=""page"" title=""Page 23""> <div class=""section""> <div class=""layoutArea""> <div class=""column""> <div class=""page"" title=""Page 24""> <div class=""section""> <div class=""layoutArea""> <div class=""column""> <div class=""page"" title=""Page 25""> <div class=""section""> <div class=""layoutArea""> <div class=""column""> <div class=""page"" title=""Page 26""> <div class=""section""> <div class=""layoutArea""> <div class=""column""> <div class=""page"" title=""Page 27""> <div class=""section""> <div class=""layoutArea""> <div class=""column""> <div class=""page"" title=""Page 27""> <div class=""section""> <div class=""layoutArea""> <div class=""column""> <div class=""page"" title=""Page 28""> <div class=""section""> <div class=""layoutArea""> <div class=""column""> <p><span style=""font-weight: normal;"">Guides departmental or institutional communication policies and procedures</span></p> </div> </div> </div> </div> </div> </div> </div> </div> </div> </div> </div> </div> </div> </div> </div> </div> </div> </div> </div> </div> </div> </div> </div> </div> </div> </div> </div> </div> </div> </div> </div> </div> </div> </div> </div> </div> </div> </div> </div> </div> </div> </div> </div> </div> </div> </div> </div> </div> </div> </div> </div> </div> </div> </td> </tr> <tr> <td style=""width: 19.817073%;""> <div class=""page"" title=""Page 8""> <div class=""section""> <div class=""layoutArea""> <div class=""column""> <div class=""page"" title=""Page 18""> <div class=""section""> <div class=""layoutArea""> <div class=""column""> <div class=""page"" title=""Page 19""> <div class=""section""> <div class=""layoutArea""> <div class=""column""> <p><span style=""font-weight: normal;""> Communicates using formats specified by institutional policy to safeguard patient personal health information</span></p> </div> </div> </div> </div> </div> </div> </div> </div> </div> </div> </div> </div> </td> <td style=""width: 20.121951%;""> <div class=""page"" title=""Page 8""> <div class=""section""> <div class=""layoutArea""> <div class=""column""> <div class=""page"" title=""Page 18""> <div class=""section""> <div class=""layoutArea""> <div class=""column""> <div class=""page"" title=""Page 19""> <div class=""section""> <div class=""layoutArea""> <div class=""column""> <p><span style=""font-weight: normal;"">Selects direct (e.g., telephone, in-person) and indirect (e.g., progress notes, text messages) forms of communication based on context, with assistance </span></p> </div> </div> </div> </div> </div> </div> </div> </div> </div> </div> </div> </div> </td> <td style=""width: 19.969512%;""> <div class=""page"" title=""Page 8""> <div class=""section""> <div class=""layoutArea""> <div class=""column""> <div class=""page"" title=""Page 18""> <div class=""section""> <div class=""layoutArea""> <div class=""column""> <div class=""page"" title=""Page 19""> <div class=""section""> <div class=""layoutArea""> <div class=""column""> <p><span style=""font-weight: normal;"">Appropriately selects direct and indirect forms of communication based on context </span></p> </div> </div> </div> </div> </div> </div> </div> </div> </div> </div> </div> </div> </td> <td style=""width: 20.121951%;""> <div class=""page"" title=""Page 8""> <div class=""section""> <div class=""layoutArea""> <div class=""column""> <div class=""page"" title=""Page 18""> <div class=""section""> <div class=""layoutArea""> <div class=""column""> <div class=""page"" title=""Page 19""> <div class=""section""> <div class=""layoutArea""> <div class=""column""> <p><span style=""font-weight: normal;"">Models effective written and verbal communication </span></p> </div> </div> </div> </div> </div> </div> </div> </div> </div> </div> </div> </div> </td> <td style=""width: 19.817073%;""> <div class=""page"" title=""Page 8""> <div class=""section""> <div class=""layoutArea""> <div class=""column""> <div class=""page"" title=""Page 18""> <div class=""section""> <div class=""layoutArea""> <div class=""column""> <div class=""page"" title=""Page 19""> <div class=""section""> <div class=""layoutArea""> <div class=""column""> <div class=""page"" title=""Page 20""> <div class=""page"" title=""Page 20""> <div class=""section""> <div class=""layoutArea""> <div class=""column""> <p><span style=""font-weight: normal;""> </span></p> </div> </div> </div> </div> </div> </div> </div> </div> </div> </div> </div> </div> </div> </div> </div> </div> </div> </td> </tr> </tbody> </table> <div class=""page"" title=""Page 20""> </div> <div class=""page"" title=""Page 20""> <div class=""page"" title=""Page 20""> </div> <div class=""page"" title=""Page 20"">A zero (""0"") indicates not yet completed level 1</div> <div class=""page"" title=""Page 20""> </div> </div></div>","0 | 5 | 9","ICS3","number",NA,9,NA,NA,NA,"LH",NA,NA,NA,NA
"299","ccc_date","ccc_review",NA,"text","Date",NA,NA,"date_mdy",NA,NA,NA,NA,NA,NA,NA,NA,NA,NA
"300","ccc_rev_type","ccc_review",NA,"dropdown","Is this a scheduled or interim review?","1, Schedule | 2, Interim",NA,NA,NA,NA,NA,NA,NA,NA,NA,NA,NA,NA
"301","ccc_session","ccc_review",NA,"dropdown","Most recent coaching session","1, Mid Intern | 2, End Intern | 3, Mid PGY2 | 4, End PGY2 | 5, Mid PGY3 | 6, Graduation | 7, Intern Intro",NA,NA,NA,NA,NA,NA,NA,NA,NA,NA,NA,NA
"302","ccc_interim","ccc_review",NA,"notes","What is the summary of the discussion",NA,NA,NA,NA,NA,NA,NA,NA,NA,NA,NA,NA,NA
"303","ccc_concern","ccc_review",NA,"yesno","Any concerns of the CCC?",NA,NA,NA,NA,NA,NA,NA,NA,NA,NA,NA,NA,NA
"304","ccc_action","ccc_review",NA,"checkbox","Actions suggested by CCC","1, Remediation plan | 2, Probation | 3, Referral for professionalism | 4, Coach follow up | 5, Meet with PD and or CCC Chair | 6, Meet with Chiefs | 7, Other (see notes) | 8, Referral to behavioral health",NA,NA,NA,NA,NA,NA,NA,NA,NA,NA,NA,NA
"305","ccc_fu_resp","ccc_review",NA,"text","Person Responsible",NA,NA,NA,NA,NA,NA,NA,NA,NA,NA,NA,NA,NA
"306","ccc_action_status","ccc_review",NA,"checkbox","Status of action item","1, Initation   | 2, Ongoing | 3, Resolved | 4, Recurring",NA,NA,NA,NA,NA,NA,NA,NA,NA,NA,NA,NA
"307","ccc_competency","ccc_review",NA,"checkbox","Which area(s) of competence, if any?  (can select more than one)","1, Patient Care | 2, Medical Knowledge | 3, Systems-based Practice | 4, Practice-based Learning and Improvement | 5, Professionalism | 6, Interpersonal Communication Skills | 7, Not a competence concern",NA,NA,NA,NA,NA,NA,NA,NA,NA,NA,NA,NA
"308","ccc_ilp","ccc_review",NA,"notes","Comments on ILP",NA,NA,NA,NA,NA,NA,NA,NA,NA,NA,NA,NA,NA
"309","ccc_mile","ccc_review",NA,"yesno","Milestones Reviewed",NA,NA,NA,NA,NA,NA,NA,NA,NA,NA,NA,NA,NA
"310","ccc_mile_notes","ccc_review",NA,"notes","Notes on milestones and / or overall progress as a resident?",NA,NA,NA,NA,NA,NA,NA,NA,NA,NA,NA,NA,NA
"311","ccc_issues_follow_up","ccc_review",NA,"notes","Issues for the Program to deal with or follow up / action items? (Type NA if none)",NA,NA,NA,NA,NA,NA,NA,NA,NA,NA,NA,NA,NA
"312","ccc_comments","ccc_review",NA,"text","Other comments/concerns?",NA,NA,NA,NA,NA,NA,NA,NA,NA,NA,NA,NA,NA
"313","second_date","second_review",NA,"text","Date of review",NA,NA,"date_mdy",NA,NA,NA,NA,NA,NA,NA,NA,NA,NA
"314","second_period","second_review",NA,"dropdown","Period Reviewed","1, Mid Intern | 2, End Intern | 3, Mid PGY2 | 4, End PGY2 | 5, Mid PGY3 | 6, Graduation | 7, Intern Intro",NA,NA,NA,NA,NA,NA,NA,NA,NA,NA,NA,NA
"315","second_approve","second_review",NA,"yesno","Agree with milestones as reported",NA,NA,NA,NA,NA,NA,NA,NA,NA,NA,NA,NA,NA
"316","second_comments","second_review",NA,"notes","Comments on ILP or anything else.",NA,NA,NA,NA,NA,NA,NA,NA,NA,NA,NA,NA,NA
"317","second_miles_comment","second_review",NA,"notes","Comments on changes to Milestones",NA,NA,NA,NA,NA,NA,NA,NA,NA,NA,NA,NA,NA
"318","s_e_date","s_eval",NA,"text","Date of entry",NA,NA,"date_mdy",NA,NA,NA,NA,NA,NA,NA,NA,NA,NA
"319","s_e_period","s_eval",NA,"dropdown","Milestone Period","7,  Entering Residency | 1, Mid Intern | 2, End Intern | 3, Mid PGY2 | 4, End PGY2 | 5, Mid PGY3 | 6, Graduating",NA,NA,NA,NA,NA,NA,NA,NA,NA,NA,NA,NA
"320","s_e_plus","s_eval",NA,"notes","Plus feedback review",NA,NA,NA,NA,NA,NA,NA,NA,NA,NA,NA,NA,NA
"321","s_e_delta","s_eval",NA,"notes","Delta feedback review",NA,NA,NA,NA,NA,NA,NA,NA,NA,NA,NA,NA,NA
"322","s_e_fac_assist","s_eval",NA,"yesno","Did you have a faculty member help you with this plan?",NA,NA,NA,NA,NA,NA,NA,NA,NA,NA,NA,NA,"ume"
"323","s_e_fac_member","s_eval",NA,"text","What is the name of your faculty mentor who helped you with this plan?",NA,NA,NA,NA,NA,NA,NA,NA,NA,NA,NA,NA,"ume"
"324","s_e_fac_email","s_eval",NA,"text","What is your faculty member's email?",NA,NA,"email",NA,NA,NA,NA,NA,NA,NA,NA,NA,"ume"
"325","s_e_ume_goal1","s_eval","Goals for Internship
Describe your top 3 clinical and/or academic goals for the first 6 months of residency.","notes","Goal #1",NA,NA,NA,NA,NA,NA,NA,NA,NA,NA,NA,NA,"ume"
"326","s_e_ume_goal2","s_eval",NA,"notes","Goal #2",NA,NA,NA,NA,NA,NA,NA,NA,NA,NA,NA,NA,"ume"
"327","s_e_ume_goal3","s_eval",NA,"notes","Goal #3",NA,NA,NA,NA,NA,NA,NA,NA,NA,NA,NA,NA,"ume"
"328","s_e_prep_1","s_eval","Preparedness for internship

How prepared do you feel for your internship in the following areas? (Select one)","radio","Ability to call consults/speak to other specialty services","1, Not at all prepared | 2, Slightly prepared | 3, Moderately prepared | 4, Very prepared | 5, Extremely prepared",NA,NA,NA,NA,NA,NA,NA,NA,NA,"prep",NA,"ume"
"329","s_e_prep_2","s_eval",NA,"radio","Comfort in answer questions from other interdisciplinary services (ex. RN, PT/OT, social workers, and respiratory therapy)","1, Not at all prepared | 2, Slightly prepared | 3, Moderately prepared | 4, Very prepared | 5, Extremely prepared",NA,NA,NA,NA,NA,NA,NA,NA,NA,"prep",NA,"ume"
"330","s_e_prep_3","s_eval",NA,"radio","Comfort with working with junior medical students","1, Not at all prepared | 2, Slightly prepared | 3, Moderately prepared | 4, Very prepared | 5, Extremely prepared",NA,NA,NA,NA,NA,NA,NA,NA,NA,"prep",NA,"ume"
"331","s_e_prep_4","s_eval",NA,"radio","Obtaining consent for procedures","1, Not at all prepared | 2, Slightly prepared | 3, Moderately prepared | 4, Very prepared | 5, Extremely prepared",NA,NA,NA,NA,NA,NA,NA,NA,NA,"prep",NA,"ume"
"332","s_e_prep_5","s_eval",NA,"radio","Performing day-to-day tasks and responsibilities in an organized and timely manner (personal organization)","1, Not at all prepared | 2, Slightly prepared | 3, Moderately prepared | 4, Very prepared | 5, Extremely prepared",NA,NA,NA,NA,NA,NA,NA,NA,NA,"prep",NA,"ume"
"333","s_e_prep_6","s_eval",NA,"radio","Writing orders and prescriptions","1, Not at all prepared | 2, Slightly prepared | 3, Moderately prepared | 4, Very prepared | 5, Extremely prepared",NA,NA,NA,NA,NA,NA,NA,NA,NA,"prep",NA,"ume"
"334","s_e_prep_7","s_eval",NA,"radio","Looking up evidence-based recommendations for patient care","1, Not at all prepared | 2, Slightly prepared | 3, Moderately prepared | 4, Very prepared | 5, Extremely prepared",NA,NA,NA,NA,NA,NA,NA,NA,NA,"prep",NA,"ume"
"335","s_e_prep_8","s_eval",NA,"radio","Presenting a patient in a clear, organized, hypothesis driven manner","1, Not at all prepared | 2, Slightly prepared | 3, Moderately prepared | 4, Very prepared | 5, Extremely prepared",NA,NA,NA,NA,NA,NA,NA,NA,NA,"prep",NA,"ume"
"336","s_e_prep_9","s_eval",NA,"radio","Documenting pertinent encounters efficiently in the patient record","1, Not at all prepared | 2, Slightly prepared | 3, Moderately prepared | 4, Very prepared | 5, Extremely prepared",NA,NA,NA,NA,NA,NA,NA,NA,NA,"prep",NA,"ume"
"337","s_e_prep_10","s_eval",NA,"radio","Providing and receiving handoffs in transitions of care","1, Not at all prepared | 2, Slightly prepared | 3, Moderately prepared | 4, Very prepared | 5, Extremely prepared",NA,NA,NA,NA,NA,NA,NA,NA,NA,"prep",NA,"ume"
"338","s_e_prep_11","s_eval",NA,"radio","Recognizing a patient requiring urgent or emergent care and being able to provide initial management","1, Not at all prepared | 2, Slightly prepared | 3, Moderately prepared | 4, Very prepared | 5, Extremely prepared",NA,NA,NA,NA,NA,NA,NA,NA,NA,"prep",NA,"ume"
"339","s_e_prep_12","s_eval",NA,"radio","Delivering bad news to patients or communication in challenging situations","1, Not at all prepared | 2, Slightly prepared | 3, Moderately prepared | 4, Very prepared | 5, Extremely prepared",NA,NA,NA,NA,NA,NA,NA,NA,NA,"prep",NA,"ume"
"340","s_e_prep_13","s_eval",NA,"radio","Recognizing when to ask for help","1, Not at all prepared | 2, Slightly prepared | 3, Moderately prepared | 4, Very prepared | 5, Extremely prepared",NA,NA,NA,NA,NA,NA,NA,NA,NA,"prep",NA,"ume"
"341","s_e_prep_14","s_eval",NA,"radio","Managing patients in ICU settings (i.e. ventilators and pressors)","1, Not at all prepared | 2, Slightly prepared | 3, Moderately prepared | 4, Very prepared | 5, Extremely prepared",NA,NA,NA,NA,NA,NA,NA,NA,NA,"prep",NA,"ume"
"342","s_e_prep_15","s_eval",NA,"radio","Managing patients in inpatient settings","1, Not at all prepared | 2, Slightly prepared | 3, Moderately prepared | 4, Very prepared | 5, Extremely prepared",NA,NA,NA,NA,NA,NA,NA,NA,NA,"prep",NA,"ume"
"343","s_e_prep_16","s_eval",NA,"radio","Managing patients in a primary care clinic","1, Not at all prepared | 2, Slightly prepared | 3, Moderately prepared | 4, Very prepared | 5, Extremely prepared",NA,NA,NA,NA,NA,NA,NA,NA,NA,"prep",NA,"ume"
"344","s_e_prep_17","s_eval",NA,"radio","Ability to call consults","1, Not at all prepared | 2, Slightly prepared | 3, Moderately prepared | 4, Very prepared | 5, Extremely prepared",NA,NA,NA,NA,NA,NA,NA,NA,NA,"prep",NA,"ume"
"345","s_e_well","s_eval",NA,"text","How are you doing mentally",NA,NA,NA,NA,NA,NA,NA,NA,NA,NA,NA,NA,NA
"346","s_e_prog_assist","s_eval",NA,"text","Anything program can do?",NA,NA,NA,NA,NA,NA,NA,NA,NA,NA,NA,NA,NA
"347","s_e_topic_sel","s_eval","Core Internal Medicine Topic Preparedness","checkbox","The following are a number of core internal medicine topics; please select the top 3 which you feel least confident about in your practice? (Select three)","1, Abdominal pain | 2, Acid base disorders | 3, Acute coronary syndrome | 4, Acute kidney injury | 5, Altered mental status | 6, Anticoagulation management | 7, Cirrhosis | 8, Congestive heart failure | 9, Diabetes | 10, Dyspnea | 11, Electrolyte repletion | 12, Gastrointestinal bleed | 13, Hypo/hypernatremia | 14, Musculoskeletal complaints | 15, Oncologic emergencies (tumor lysis syndrome, neutropenic fever, etc.) | 16, Pancreatitis | 17, Pneumonia | 18, Shock | 19, Skin and soft tissue infection | 20, Substance use disorders | 21, Syncope | 22, Transfusion management | 23, Other",NA,NA,NA,NA,NA,NA,NA,NA,NA,NA,NA,NA
"348","s_e_topic_oth","s_eval",NA,"text","What other topic?",NA,NA,NA,NA,NA,NA,NA,NA,NA,NA,NA,NA,NA
"349","s_e_learn_style","s_eval","Desired Learning Experiences","checkbox","Based on these reflections, what learning experiences would be of most value to you in the first 3 months of residency? (Although not all experiences may be available at your program, possible examples include: case discussion session, small group session, direct observation, simulation, standardized patient encounter, lecture, mentoring, enhanced supervision, EHR training, online learning module, elective rotation)","1, Case discussion sessions | 2, Small group teaching | 3, Direct observation | 4, Simulation | 5, Standardized patients (OSCE) | 6, Lectures | 7, Mentoring/coaching | 8, Online modules | 9, Assigning a specific rotation | 10, Reading assignments | 11, Self-directed learning | 12, Other",NA,NA,NA,NA,NA,NA,NA,NA,NA,NA,NA,NA
"350","s_e_learn_oth","s_eval",NA,"text","What other learning style would you like to see us incorporate?",NA,NA,NA,NA,NA,NA,NA,NA,NA,NA,NA,NA,NA
"351","s_e_ume_concern","s_eval",NA,"notes","Are there any other comments or concerns about your entry into residency that you would like coaching or specific feedback on?",NA,NA,NA,NA,NA,NA,NA,NA,NA,NA,NA,NA,"ume"
"352","s_e_career_path","s_eval",NA,"checkbox","What career path(s) are you considering?","1, Primary Care | 2, Sub-specialty care (fellowship) | 3, Hosptial Medicine | 4, Clinical Research | 5, Basic Science Research | 6, Clinical Educator | 7, Administration | 8, Other",NA,NA,NA,NA,NA,NA,NA,NA,NA,NA,NA,NA
"353","s_e_career_oth","s_eval",NA,"text","Other?",NA,NA,NA,NA,NA,NA,NA,NA,NA,NA,NA,NA,NA
"354","s_e_fellow","s_eval",NA,"checkbox","Which fellowship(s) are you considering?","1, Allergy | 2, Cardiology | 3, Endocrine | 4, Gastroenterology | 5, Geriatrics | 6, Hematology / Oncology | 7, Infectious Disease | 8, Nephrology | 9, Palliative Care | 10, Pulmonary / Critical Care | 11, Rheumatology | 12, Other",NA,NA,NA,NA,NA,NA,NA,NA,NA,NA,NA,NA
"355","s_e_fellow_oth","s_eval",NA,"text","Other?",NA,NA,NA,NA,NA,NA,NA,NA,NA,NA,NA,NA,NA
"356","s_e_track","s_eval",NA,"yesno","Are you planning to pursue any of the program's formal tracks (including if you are already in one)?",NA,NA,NA,NA,NA,NA,NA,NA,NA,NA,NA,NA,NA
"357","s_e_track_type","s_eval",NA,"checkbox","Please select which tracks you are interested in pursuing","1, Primary Care Track | 2, Hospitalist Track | 3, PROMOTE Track",NA,NA,NA,NA,NA,NA,NA,NA,NA,NA,NA,NA
"358","s_e_discussion","s_eval",NA,"notes","Are there any specific topics you would like to discuss with your mentor at your next meeting?",NA,NA,NA,NA,NA,NA,NA,NA,NA,NA,NA,NA,NA
"359","s_e_step3","s_eval",NA,"yesno","Have you completed Step 3 (USMLE or COMLEX)?",NA,NA,NA,NA,NA,NA,NA,NA,NA,NA,NA,NA,NA
"360","s_e_step3_contact","s_eval",NA,"yesno","Have you emailed your score to the program?",NA,NA,NA,NA,NA,NA,NA,NA,NA,NA,NA,NA,NA
"361","s_e_step3_date_set","s_eval",NA,"yesno","Have you set a date for Step 3?",NA,NA,NA,NA,NA,NA,NA,NA,NA,NA,NA,NA,NA
"362","s_e_step3_date","s_eval",NA,"text","When are you scheduled to take Step 3?",NA,NA,"date_mdy",NA,NA,NA,NA,NA,NA,NA,NA,NA,NA
"363","s_e_board_concern","s_eval",NA,"yesno","Do you have any concerns about possibly failing boards at the end of residency?",NA,NA,NA,NA,NA,NA,NA,NA,NA,NA,NA,NA,NA
"364","s_e_board_help","s_eval",NA,"yesno","Have you discussed this prior with the program or reached out for help with standardized exams",NA,NA,NA,NA,NA,NA,NA,NA,NA,NA,NA,NA,NA
"365","s_e_board_discu","s_eval",NA,"notes","Who have you discussed this with and what steps are being taken to improve your standardized exam performance?",NA,NA,NA,NA,NA,NA,NA,NA,NA,NA,NA,NA,NA
"366","s_e_mksap_comp","s_eval",NA,"dropdown","How much of MSKAP have you completed?","1, 0-25% | 2, 26-50% | 3, 55-75% | 4, 76-99% | 5, Completed and either repeating or now using a second question bank",NA,NA,NA,NA,NA,NA,NA,NA,NA,NA,NA,NA
"367","s_e_grad_next","s_eval",NA,"dropdown","What will you be doing in July","1, Primary Care | 2, Hospitalist | 3, Fellowship | 4, Other",NA,NA,NA,NA,NA,NA,NA,NA,NA,NA,NA,NA
"368","s_e_grad_next_othe","s_eval",NA,"text","Other",NA,NA,NA,NA,NA,NA,NA,NA,NA,NA,NA,NA,NA
"369","s_e_grad_fellow","s_eval",NA,"checkbox","Which fellowship?","1, Allergy | 2, Cardiology | 3, Endocrine | 4, Gastroenterology | 5, Geriatrics | 6, Hematology / Oncology | 7, Infectious Disease | 8, Nephrology | 9, Palliative Care | 10, Pulmonary / Critical Care | 11, Rheumatology | 12, Other",NA,NA,NA,NA,NA,NA,NA,NA,NA,NA,NA,NA
"370","s_e_grad_fellow_oth","s_eval",NA,"text","Other fellowship",NA,NA,NA,NA,NA,NA,NA,NA,NA,NA,NA,NA,NA
"371","s_e_grad_where","s_eval",NA,"dropdown","What best describes where you are working?","1, Academic | 2, Community",NA,NA,NA,NA,NA,NA,NA,NA,NA,NA,NA,NA
"372","s_e_grad_loc","s_eval",NA,"dropdown","Where is your practice?","1, SSM - SLUCare | 2, SSM | 3, St. Louis Region | 4, Somewhere else",NA,NA,NA,NA,NA,NA,NA,NA,NA,NA,NA,NA
"373","s_e_grad_loc_other","s_eval",NA,"text","Where? Include City and State please",NA,NA,NA,NA,NA,NA,NA,NA,NA,NA,NA,NA,NA
"374","s_e_grad_fellow_loc","s_eval",NA,"yesno","Are you at SLU for fellowship",NA,NA,NA,NA,NA,NA,NA,NA,NA,NA,NA,NA,NA
"375","s_e_grad_fellow_loc_else","s_eval",NA,"text","Where are you a fellow?",NA,NA,NA,NA,NA,NA,NA,NA,NA,NA,NA,NA,NA
"376","s_e_grad_email","s_eval",NA,"text","What is the best email to contact you in the future",NA,NA,NA,NA,NA,NA,NA,NA,NA,NA,NA,NA,NA
"377","s_e_grad_phone","s_eval",NA,"text","What is your phone number>",NA,NA,NA,NA,NA,NA,NA,NA,NA,NA,NA,NA,NA
"378","s_e_prog_plus","s_eval",NA,"notes","Plus",NA,NA,NA,NA,NA,NA,NA,NA,NA,NA,NA,NA,NA
"379","s_e_prog_delta","s_eval",NA,"notes","Delta",NA,NA,NA,NA,NA,NA,NA,NA,NA,NA,NA,NA,NA
"380","s_e_progconf","s_eval",NA,"notes","Conference",NA,NA,NA,NA,NA,NA,NA,NA,NA,NA,NA,NA,NA
"381","s_e_progfeed","s_eval",NA,"notes","Program Feedback",NA,NA,NA,NA,NA,NA,NA,NA,NA,NA,NA,NA,NA
"382","schol_type","scholarship",NA,"dropdown","Type of project","1, Quality Improvement | 2, Patient Safety Review| 3, Research | 4, Presentation | 5, Publication | 6, Education  |7, Committee",NA,NA,NA,NA,NA,NA,NA,NA,NA,NA,NA,NA
"383","schol_ps","scholarship",NA,"yesno","Have you participated in a pateint safety review?",NA,NA,NA,NA,NA,NA,NA,NA,NA,NA,NA,NA,NA
"384","schol_rca","scholarship",NA,"yesno","Did you participate in a root cause anaylsis?",NA,NA,NA,NA,NA,NA,NA,NA,NA,NA,NA,NA,NA
"385","schol_qi","scholarship",NA,"notes","Please describe the QI project",NA,NA,NA,NA,NA,NA,NA,NA,NA,NA,NA,NA,NA
"386","schol_res","scholarship",NA,"notes","Describe the project?",NA,NA,NA,NA,NA,NA,NA,NA,NA,NA,NA,NA,NA
"387","schol_res_mentor","scholarship",NA,"notes","Who is your mentor in this project?",NA,NA,NA,NA,NA,NA,NA,NA,NA,NA,NA,NA,NA
"388","schol_res_status","scholarship",NA,"dropdown","Describe the status of this project?","1, Finished! | 2, Ongoing  | 3, On a hiatus |4, Abandoned",NA,NA,NA,NA,NA,NA,NA,NA,NA,NA,NA,NA
"389","schol_pres","scholarship",NA,"yesno","Did you present this project anywhere",NA,NA,NA,NA,NA,NA,NA,NA,NA,NA,NA,NA,NA
"390","schol_pres_type","scholarship",NA,"dropdown","Where?","1, IM Program | 2, SSM | 3, Local meeting (St. Louis) | 4, Regional meeting (State or Midwest) | 5, Nationally",NA,NA,NA,NA,NA,NA,NA,NA,NA,NA,NA,NA
"391","schol_pres_conf","scholarship",NA,"notes","What conference?",NA,NA,NA,NA,NA,NA,NA,NA,NA,NA,NA,NA,NA
"392","schol_cit","scholarship",NA,"notes","Please write the full citation of this work - include all authors, title, journal or conference, dates, volumes, etc - like you would include in a CV. [Example: Halpern SD, Ubel PA, Caplan AL. Solid-organ transplantation in HIV-infected patients. N Engl J Med. 2002 Jul 25;347(4):284-7]",NA,NA,NA,NA,NA,NA,NA,NA,NA,NA,NA,NA,NA
"393","schol_pub","scholarship",NA,"yesno","Has this been published?",NA,NA,NA,NA,NA,NA,NA,NA,NA,NA,NA,NA,NA
"394","schol_comm","scholarship",NA,"notes","What is the name of this committee?",NA,NA,NA,NA,NA,NA,NA,NA,NA,NA,NA,NA,NA
"395","schol_comm_type","scholarship",NA,"dropdown","Is this committee part of:","1, IM Program | 2, IM Department | 3, Hospital | 4, SSM | 5, Other",NA,NA,NA,NA,NA,NA,NA,NA,NA,NA,NA,NA
"396","schol_comm_other","scholarship",NA,"notes","Other",NA,NA,NA,NA,NA,NA,NA,NA,NA,NA,NA,NA,NA
"397","schol_div","scholarship",NA,"dropdown","What Division is this occuring in?","1, Allergy / Immunology | 2, Cardiology | 3, Endocrinology | 4, Gastroenterology | 5, General Internal Medicine | 6, Geriatrics, | 7, Hematology / Oncology | 8, Infectious Disease | 9, Nephrology | 10, Palliative Care | 11, Pulmonary / Critical Care | 12, Rheumatology | 13, Other",NA,NA,NA,NA,NA,NA,NA,NA,NA,NA,NA,NA
"398","ilp_date","ilp",NA,"text","Date of entry",NA,NA,"date_mdy",NA,NA,NA,NA,NA,NA,NA,NA,NA,NA
"399","year_resident","ilp",NA,"dropdown","Milestone Period","7, Entering Residency | 1, Mid Intern | 2, End Intern | 3, Mid PGY2 | 4, End PGY2 | 5, Mid PGY3 | 6, Graduating",NA,NA,NA,NA,NA,NA,NA,NA,NA,NA,NA,NA
"400","review_prior_milestones","ilp",NA,"dropdown","Prior to creation of your Individualized Learning Plan, Please review your past evaluations and milestones since your last mentor meeting.","1, I have reviewed my prior evaluations and milestones | 2, I have not reviewed my prior evaluations and milestones",NA,NA,NA,NA,NA,NA,NA,NA,NA,NA,NA,NA
"401","prior_goal_pcmk","ilp",NA,"yesno","Did you reach your previous milestone goal for Patient Care/Medical Knowledge?",NA,NA,NA,NA,NA,NA,NA,NA,NA,NA,NA,NA,NA
"402","review_q_pcmk","ilp",NA,"text","If you did not reach your goal, what reason(s) prevented you from achieving this? Common reasons include too ambiguous of a goal, lack of prioritization, being unsure how to reach the goal, etc.",NA,NA,NA,NA,NA,NA,NA,NA,NA,NA,NA,NA,NA
"403","review_q2_pcmk","ilp",NA,"text","If you reached your goal, why do you think you were able to achieve it?",NA,NA,NA,NA,NA,NA,NA,NA,NA,NA,NA,NA,NA
"404","goal_pcmk","ilp",NA,"dropdown","Based on the subcompetencies for Patient Care and Medical Knowledge, which subcompetency do you want to focus on improving over the next 6 months?","1, Patient Care 1 | 2, Patient Care 2 | 3, Patient Care 3 | 4, Patient Care 4 | 5, Patient Care 5 | 6, Patient Care 6 | 7, Medical Knowledge 1 | 8, Medical Knowledge 2 | 9, Medical Knowledge 3",NA,NA,NA,NA,NA,NA,NA,NA,NA,NA,NA,NA
"405","goal_level_pcmk","ilp",NA,"dropdown","What level would you like to achieve for this sub-competency within the next 6 months?","1, 1 | 2, 2 | 3, 3 | 4, 4 | 5, 5",NA,NA,NA,NA,NA,NA,NA,NA,NA,NA,NA,NA
"406","goal_level_r_pcmk","ilp",NA,"dropdown","Some levels have up to three descriptions per level. Please identify which description of your desired level that you want to reach within the next six months.","1, Level 1 first description | 2, Level 1 second description | 3, Level 1 third description | 4, Level 2 first description | 5, Level 2 second description | 6, Level 2 third description | 7, Level 3 first description | 8, Level 3 second description | 9, Level 3 third description | 10, Level 4 first description | 11, Level 4 second description | 12, Level 4 third description | 13, Level 5 first description | 14, Level 5 second description | 15, Level 5 third description",NA,NA,NA,NA,NA,NA,NA,NA,NA,NA,NA,NA
"407","how_pcmk","ilp",NA,"notes","How do you plan on reaching this description?",NA,NA,NA,NA,NA,NA,NA,NA,NA,NA,NA,NA,NA
"408","prior_goal_sbppbl","ilp",NA,"yesno","Did you reach your previous milestone goal for System Based Practice or Problem Based Learning/Improvement?",NA,NA,NA,NA,NA,NA,NA,NA,NA,NA,NA,NA,NA
"409","review_q_sbppbl","ilp",NA,"text","If you did not reach your goal, what reason(s) prevented you from achieving this? Common reasons include too ambiguous of a goal, lack of prioritization, being unsure how to reach the goal, etc.",NA,NA,NA,NA,NA,NA,NA,NA,NA,NA,NA,NA,NA
"410","review_q2_sbppbl","ilp",NA,"text","If you reached your goal, why do you think you were able to achieve it?",NA,NA,NA,NA,NA,NA,NA,NA,NA,NA,NA,NA,NA
"411","goal_sbppbl","ilp",NA,"dropdown","Based on the subcompetencies for System Based Practice and Problem Based Learning/Improvement, which subcompetency do you want to focus on improving over the next 6 months?","1, System-Based Practice 1 | 2, System-Based Practice 2 | 3, System-Based Practice 3 | 4, Practice-Based Learning and Improvement 1 | 5, Practice-Based Learning and Improvement 2",NA,NA,NA,NA,NA,NA,NA,NA,NA,NA,NA,NA
"412","goal_level_sbppbl","ilp",NA,"dropdown","What level would you like to achieve for this sub-competency within the next 6 months?","1, 1 | 2, 2 | 3, 3 | 4, 4 | 5, 5",NA,NA,NA,NA,NA,NA,NA,NA,NA,NA,NA,NA
"413","goal_r_sbppbl","ilp",NA,"dropdown","Some levels have up to three descriptions per level. Please identify which description of your desired level that you want to reach within the next six months.","1, Level 1 first description | 2, Level 1 second description | 3, Level 1 third description | 4, Level 2 first description | 5, Level 2 second description | 6, Level 2 third description | 7, Level 3 first description | 8, Level 3 second description | 9, Level 3 third description | 10, Level 4 first description | 11, Level 4 second description | 12, Level 4 third description | 13, Level 5 first description | 14, Level 5 second description | 15, Level 5 third description",NA,NA,NA,NA,NA,NA,NA,NA,NA,NA,NA,NA
"414","how_sbppbl","ilp",NA,"notes","How do you plan on reaching this description?",NA,NA,NA,NA,NA,NA,NA,NA,NA,NA,NA,NA,NA
"415","prior_goal_profics","ilp",NA,"yesno","Did you reach your previous milestone goal for Professionalism or Intrapersonal/Communication Skills?",NA,NA,NA,NA,NA,NA,NA,NA,NA,NA,NA,NA,NA
"416","review_q_profics","ilp",NA,"text","If you did not reach your goal, what reason(s) prevented you from achieving this? Common reasons include too ambiguous of a goal, lack of prioritization, being unsure how to reach the goal, etc.",NA,NA,NA,NA,NA,NA,NA,NA,NA,NA,NA,NA,NA
"417","review_q2_profics","ilp",NA,"text","If you reached your goal, why do you think you were able to achieve it?",NA,NA,NA,NA,NA,NA,NA,NA,NA,NA,NA,NA,NA
"418","goal_subcomp_profics","ilp",NA,"dropdown","Based on the subcompetencies for Profressionalism and Intrapersonal/Communication Skills, which subcompetency do you want to focus on improving over the next 6 months?","1, Professionalism 1 | 2, Professionalism 2 | 3, Professionalism 3 | 4, Professionalism 4 | 5, Interpersonal and Communication Skills 1 | 6, Interpersonal and Communication Skills 2 | 7, Interpersonal and Communication Skills 3",NA,NA,NA,NA,NA,NA,NA,NA,NA,NA,NA,NA
"419","goal_level_profics","ilp",NA,"dropdown","What level would you like to achieve for this sub-competency within the next 6 months?","1, 1 | 2, 2 | 3, 3 | 4, 4 | 5, 5",NA,NA,NA,NA,NA,NA,NA,NA,NA,NA,NA,NA
"420","goal_r_profics","ilp",NA,"dropdown","Some levels have up to three descriptions per level. Please identify which description of your desired level that you want to reach within the next six months.","1, Level 1 first description | 2, Level 1 second description | 3, Level 1 third description | 4, Level 2 first description | 5, Level 2 second description | 6, Level 2 third description | 7, Level 3 first description | 8, Level 3 second description | 9, Level 3 third description | 10, Level 4 first description | 11, Level 4 second description | 12, Level 4 third description | 13, Level 5 first description | 14, Level 5 second description | 15, Level 5 third description",NA,NA,NA,NA,NA,NA,NA,NA,NA,NA,NA,NA
"421","how_profics","ilp",NA,"notes","How do you plan on reaching this description?",NA,NA,NA,NA,NA,NA,NA,NA,NA,NA,NA,NA,NA
"422","pc1_r1","ilp",NA,"dropdown","PC1 row 1","1, Elicits and reports a comprehensive history for common patient presentations, with guidance. | 2, Elicits and concisely reports a hypothesis- driven patient history for common patient presentations. | 3, Elicits and concisely reports a hypothesis- driven patient history for complex patient presentations. | 4, Efficiently elicits and concisely reports a patient history, incorporating pertinent psychosocial and other determinants of health. | 5, Efficiently and effectively tailors the history taking, including relevant historical subtleties, based on patient, family, and system needs.",NA,NA,NA,NA,NA,NA,NA,NA,NA,NA,NA,NA
"423","pc1_r2","ilp",NA,"dropdown","PC1 row 2","1, Seeks data from secondary sources, with guidance | 2, Independently obtains data from secondary sources | 3, Reconciles current data with secondary sources. | 4, Uses history and secondary data to guide the need for further diagnostic testing. | 5, Models effective use of history to guide the need for further diagnostic testing.",NA,NA,NA,NA,NA,NA,NA,NA,NA,NA,NA,NA
"424","pc2_r1","ilp",NA,"dropdown","PC2 row 1","1, Performs a general physical examination while attending to patient comfort and safety. | 2, Performs a hypothesis-driven physical examination for a common patient presentation. | 3, Performs a hypothesis-driven physical examination for a complex patient presentation. | 4, Uses advanced maneuvers to elicit subtle findings. | 5, Models effective evidence-based physical examination technique.",NA,NA,NA,NA,NA,NA,NA,NA,NA,NA,NA,NA
"425","pc2_r2","ilp",NA,"dropdown","PC2 row 2","1, Identifies common abnormal findings. | 2, Identifies common abnormal findings. | 3, Identifies and interprets uncommon and complex abnormal findings. | 4, Integrates subtle physical examination findings to guide diagnosis and management. | 5, Teaches the predictive values of the examination findings to guide diagnosis and management.",NA,NA,NA,NA,NA,NA,NA,NA,NA,NA,NA,NA
"426","pc3_r1","ilp",NA,"dropdown","PC3 row 1","1, Organizes and accurately summarizes information obtained from the patient evaluation to develop a clinical impression. | 2, Integrates information from all sources to develop a basic differential diagnosis for common patient presentations. | 3, Develops a thorough and prioritized differential diagnosis for common patient presentations. | 4, Develops prioritized differential diagnoses in complex patient presentations and incorporates subtle, unusual, or conflicting findings. | 5, Coaches others to develop prioritized differential diagnoses in complex patient presentations.",NA,NA,NA,NA,NA,NA,NA,NA,NA,NA,NA,NA
"427","pc3_r2","ilp",NA,"dropdown","PC3 row 2","1, N/A | 2, Identifies clinical reasoning errors within patient care, with guidance. | 3, Retrospectively applies clinical reasoning principles to identify errors. | 4, Continually re-appraises one's own clinical reasoning to improve patient care in real time. | 5, Models how to recognize errors and reflect upon one's own clinical reasoning.",NA,NA,NA,NA,NA,NA,NA,NA,NA,NA,NA,NA
"428","pc4_r1","ilp",NA,"dropdown","PC4 row 1","1, Formulates management plans for common conditions, with guidance. | 2, Develops and implements management plans for common conditions, recognizing acuity, and modifies based on the clinical course. | 3, Develops and implements value-based (high value) management plans for patients with multisystem disease and comorbid conditions; modifies based on the clinical course. | 4, Uses shared decision making to develop and implement value-based (high value) comprehensive management plans for patients with comorbid and multisystem disease, including those patients requiring critical care. | 5, Develops and implements comprehensive management plans for patients with rare or ambiguous presentations or unusual comorbid conditions.",NA,NA,NA,NA,NA,NA,NA,NA,NA,NA,NA,NA
"429","pc4_r2","ilp",NA,"dropdown","PC4 row 2","1, Identifies opportunities to maintain and promote health. | 2, Develops and implements management plans to maintain and promote health, with guidance. | 3, Independently develops and implements plans to maintain and promote health, incorporating pertinent psychosocial and other determinants of health. | 4, Independently develops and implements comprehensive plans to maintain and promote health, incorporating pertinent psychosocial and other determinants of health. | 5, N/A",NA,NA,NA,NA,NA,NA,NA,NA,NA,NA,NA,NA
"430","pc5_r1","ilp",NA,"dropdown","PC5 row 1","1, Identifies opportunities to maintain and promote health. | 2, Develops and implements management plans to maintain and promote health. | 3, Develops and implements plans to maintain and promote health, incorporating pertinent psychosocial and other determinants of health. | 4, Develops and implements value-based (high-value) comprehensive plans to maintain and promote health. | 5, N/A",NA,NA,NA,NA,NA,NA,NA,NA,NA,NA,NA,NA
"431","pc5_r2","ilp",NA,"dropdown","PC5 row 2","1, Formulates management plans for a common chronic condition, with guidance. Formulates management plans for acute common conditions, with guidance. | 2, Develops and implements management plans for common chronic conditions. | 3, Develops and implements management plans for multiple chronic conditions. | 4, Develops and implements value-based (high value) comprehensive management plans for multiple chronic conditions, incorporating pertinent psychosocial and other determinants of health. | 5, Creates and leads a comprehensive patient-centered management plan for the patient with highly complex chronic conditions, integrating recommendations from multiple disciplines.",NA,NA,NA,NA,NA,NA,NA,NA,NA,NA,NA,NA
"432","pc5_r3","ilp",NA,"dropdown","PC5 row 3","1, Formulates management plans for acute common conditions, with guidance. | 2, Develops and implements management plans for common acute conditions. | 3, Develops and implements an initial management plan for patients with urgent or emergent conditions in the setting of chronic comorbidities. | 4, Develops and implements value-based (high value) management plans for patients with acute conditions. | 5, Develops and implements management plans for patients with subtle presentations, including rare or ambiguous conditions.",NA,NA,NA,NA,NA,NA,NA,NA,NA,NA,NA,NA
"433","pc6_r1","ilp",NA,"dropdown","PC6 row 1","1, Uses electronic health record (EHR) for routine patient care activities. | 2, Expands use of EHR to include and reconcile secondary data sources in patient care activities. | 3, Effectively uses EHR capabilities in managing acute and chronic care of patients. | 4, Uses EHR to facilitate achievement of quality targets for patient panels. | 5, Leads improvements to the EHR.",NA,NA,NA,NA,NA,NA,NA,NA,NA,NA,NA,NA
"434","pc6_r2","ilp",NA,"dropdown","PC6 row 2","1, Identifies the required components for a telehealth visit. | 2, Performs assigned telehealth visits using approved technology. | 3, Identifies clinical situations that can be managed through a telehealth visit. | 4, Integrates telehealth effectively into clinical practice for the management of acute and chronic illness. | 5, Develops and innovates new ways to use emerging technologies to augment telehealth visits.",NA,NA,NA,NA,NA,NA,NA,NA,NA,NA,NA,NA
"435","mk1_r1","ilp",NA,"dropdown","MK1 row 1","1, Explains the scientific knowledge (e.g., physiology, social sciences, mechanism of disease) for normal function and common medical conditions. | 2, Explains the scientific knowledge for complex medical conditions. | 3, Integrates scientific knowledge to address comorbid conditions within the context of multisystem disease. | 4, Integrates scientific knowledge to address uncommon, atypical, or complex comorbid conditions within the context of multisystem disease. | 5, Demonstrates a nuanced understanding of the scientific knowledge related to uncommon, atypical, or complex conditions.",NA,NA,NA,NA,NA,NA,NA,NA,NA,NA,NA,NA
"436","mk2_r1","ilp",NA,"dropdown","MK2 row 1","1, Explains the scientific basis for common therapies. | 2, Explains the indications, contraindications, risks, and benefits of common therapies. | 3, Integrates knowledge of therapeutic options in patients with comorbid conditions, multisystem disease, or uncertain diagnosis. | 4, Integrates knowledge of therapeutic options within the clinical and psychosocial context of the patient to formulate treatment options. | 5, Demonstrates a nuanced understanding of emerging, atypical, or complex therapeutic options.",NA,NA,NA,NA,NA,NA,NA,NA,NA,NA,NA,NA
"437","mk3_r1","ilp",NA,"dropdown","MK3 row 1","1, Explains the rationale, risks, and benefits for common diagnostic testing. | 2, Explains the rationale, risks, and benefits for complex diagnostic testing. | 3, Integrates value and test characteristics of various diagnostic strategies in patients with common diseases. | 4, Integrates value and test characteristics of various diagnostic strategies in patients with comorbid conditions or multisystem disease. | 5, Demonstrates a nuanced understanding of emerging diagnostic tests and procedures.",NA,NA,NA,NA,NA,NA,NA,NA,NA,NA,NA,NA
"438","mk3_r2","ilp",NA,"dropdown","MK3 row 2","1, Interprets results of common diagnostic tests. | 2, Interprets complex diagnostic data. | 3, Integrates complex diagnostic data accurately to reach high-probability diagnoses. | 4, Anticipates and accounts for limitations when interpreting diagnostic data. | 5, N/A",NA,NA,NA,NA,NA,NA,NA,NA,NA,NA,NA,NA
"439","sbp1_r1","ilp",NA,"dropdown","SBP1 row 1","1, Demonstrates knowledge of common patient safety events. | 2, Identifies system factors that lead to patient safety events. | 3, Contributes to the analysis of patient safety events (simulated or actual). | 4, Conducts analysis of patient safety events and offers error prevention strategies (simulated or actual). | 5, Leads teams and processes to modify systems to prevent patient safety events.",NA,NA,NA,NA,NA,NA,NA,NA,NA,NA,NA,NA
"440","sbp1_r2","ilp",NA,"dropdown","SBP1 row 2","1, Demonstrates knowledge of how to report patient safety events. | 2, Reports patient safety events through institutional reporting systems (actual or simulated). | 3, Participates in disclosure of patient safety events to patients and families (simulated or actual). | 4, Discloses patient safety events to patients and families (simulated or actual). | 5, Models the disclosure of patient safety events.",NA,NA,NA,NA,NA,NA,NA,NA,NA,NA,NA,NA
"441","sbp1_r3","ilp",NA,"dropdown","SBP1 row 3","1, Demonstrates knowledge of basic quality improvement methodologies and metrics | 2, Describes local quality improvement initiatives (e.g., community vaccination rate, infection rate, smoking cessation) | 3, Contributes to local quality improvement initiatives | 4, Demonstrates the skills required to identify, develop, implement, and analyze a quality improvement project. | 5, Creates, implements, and assesses sustainable quality improvement initiatives at the institutional or community level.",NA,NA,NA,NA,NA,NA,NA,NA,NA,NA,NA,NA
"442","sbp2_r1","ilp",NA,"dropdown","SBP2 row 1","1, Demonstrates knowledge of care coordination. | 2, Coordinates care of patients by effectively engaging interprofessional teams in routine clinical situations. 3, Coordinates care of patients by effectively engaging interprofessional teams in complex clinical situations. | 4, Models effective coordination of patient-centered care among different disciplines and specialties. | 5, Analyzes the process of care coordination and leads in the design and implementation of improvements.",NA,NA,NA,NA,NA,NA,NA,NA,NA,NA,NA,NA
"443","sbp2_r2","ilp",NA,"dropdown","SBP2 row 2","1, Identifies key elements for safe and effective transitions of care and hand-offs. | 2, Performs safe and effective transitions of care/hand-offs in routine clinical situations. | 3, Performs safe and effective transitions of care/hand-offs in complex clinical situations. | 4, Models and advocates for safe and effective transitions of care/hand-offs within and across health care delivery systems. | 5, Improves quality of transitions of care within and across health care delivery systems to optimize patient outcomes.",NA,NA,NA,NA,NA,NA,NA,NA,NA,NA,NA,NA
"444","sbp2_r3","ilp",NA,"dropdown","SBP2 row 3","1, Demonstrates knowledge of population and community health needs and disparities. | 2, Identifies specific population and community health needs and inequities for the local population. | 3, Uses local resources effectively to meet the needs of a patient population and community. | 4, Participates in changing and adapting practice to provide for the needs of specific populations. | 5, Leads innovations and advocates for populations and communities with health care inequities",NA,NA,NA,NA,NA,NA,NA,NA,NA,NA,NA,NA
"445","sbp3_r1","ilp",NA,"dropdown","SBP3 row 1","1, Identifies key components of the health care system. | 2, Describes how components of a complex health care system are interrelated, and how this impacts patient care. | 3, Discusses how individual practice affects the regional and national health care system. | 4, Manage various components of the complex health care system to provide efficient and effective patient care. | 5, Advocates for patient care needs with consideration of the limitations of each patient's payment model.",NA,NA,NA,NA,NA,NA,NA,NA,NA,NA,NA,NA
"446","sbp3_r2","ilp",NA,"dropdown","SBP3 row 2","1, Describes basic health payment systems. | 2, Delivers care with consideration of each patient's payment model. | 3, Engages with patients in shared decision making, informed by each patient's payment models. | 4, Advocates for patient care needs with consideration of the limitations of each patient's payment model. | 5, Actively engaged in influencing health policy through advocacy activities at the local, regional, or national level.",NA,NA,NA,NA,NA,NA,NA,NA,NA,NA,NA,NA
"447","pbl1_r1","ilp",NA,"dropdown","PBL1 row 1","1, Demonstrates how to access, categorize, and analyze clinical evidence, with guidance. | 2, Articulates clinical questions and elicits patient preferences and values to guide evidence-based care. | 3, Critically appraises and applies the best available evidence, integrated with patient preference, to the care of complex patients. | 4, Applies evidence, even in the face of uncertainty and conflicting evidence, to guide care, tailored to the individual patient. | 5, Coaches others to critically appraise and apply evidence to patient care.",NA,NA,NA,NA,NA,NA,NA,NA,NA,NA,NA,NA
"448","pbl2_r1","ilp",NA,"dropdown","PBL2 row 1","1, Accepts responsibility for personal and professional development by establishing goals. | 2, Demonstrates openness to performance data (feedback and other input) to inform goals. | 3, Seeks performance data episodically, with adaptability, and humility. | 4, Seeks performance data consistently with adaptability, and humility. | 5, Models consistently seeking performance data with adaptability and humility.",NA,NA,NA,NA,NA,NA,NA,NA,NA,NA,NA,NA
"449","pbl2_r2","ilp",NA,"dropdown","PBL2 row 2","1, Identifies the factors that contribute to gap(s) between ideal and actual performance, with guidance. | 2, Analyzes and reflects on the factors which contribute to gap(s) between ideal and actual performance, with guidance. | 3, Institutes behavioral change(s) to narrow the gap(s) between ideal and actual performance. | 4, Challenges one's own assumptions and considers alternatives in narrowing the gap(s) between ideal and actual performance. | 5, Coaches others on reflective practices",NA,NA,NA,NA,NA,NA,NA,NA,NA,NA,NA,NA
"450","pbl2_r3","ilp",NA,"dropdown","PBL2 row 3","1, N/A | 2, Actively seeks opportunities to improve. | 3, Designs and implements an individualized learning plan, with prompting. | 4, Independently creates and implements an individualized learning plan. | 5, Use performance data to measure the effectiveness of the individualized learning plan and when necessary, improves it.",NA,NA,NA,NA,NA,NA,NA,NA,NA,NA,NA,NA
"451","prof1_r1","ilp",NA,"dropdown","Prof1 row 1","1, Demonstrates professional behavior in routine situations. | 2, Identifies potential triggers for professionalism lapses and accepts responsibility for one's own professionalism lapses. | 3, Demonstrates a pattern of professional behavior in complex or stressful situations. | 4, Recognizes situations that may trigger professionalism lapses and intervenes to prevent lapses in oneself and others. | 5, Coaches others when their behavior fails to meet professional expectations.",NA,NA,NA,NA,NA,NA,NA,NA,NA,NA,NA,NA
"452","prof2_r1","ilp",NA,"dropdown","Prof2 row 2","1, Demonstrates knowledge of basic ethical principles. | 2, Applies basic principles to address straightforward ethical situations. | 3, Analyzes complex situations using ethical principles and identifies the need to seek help in addressing complex ethical situations. | 4, Analyzes complex situations and engages with appropriate resources for managing and addressing ethical dilemmas as needed. | 5, Identifies and seeks to address system-level factors that induce or exacerbate ethical problems or impede their resolution.",NA,NA,NA,NA,NA,NA,NA,NA,NA,NA,NA,NA
"453","prof3_r1","ilp",NA,"dropdown","Prof3 row 1","1, Performs administrative tasks and patient care responsibilities, with prompting. | 2, Performs administrative tasks and patient care responsibilities in a timely manner in routine situations. | 3, Performs administrative tasks and patient care responsibilities in a timely manner in complex or stressful situations. | 4, Proactively implements strategies to ensure that the needs of patients, teams, and systems are met. | 5, Creates strategies to enhance others' ability to efficiently complete administrative tasks and patient care responsibilities.",NA,NA,NA,NA,NA,NA,NA,NA,NA,NA,NA,NA
"454","prof4_r1","ilp",NA,"dropdown","Prof4 row 1","1, Recognizes the importance of getting help when needed to address personal and professional well-being. | 2, Lists resources to support personal and professional well-being. | 3, With prompting, reflects on how personal and professional well-being may impact one's clinical practice. | 4, Reflects on actions in real time to proactively respond to the inherent emotional challenges of physician work. | 5, Participates in institutional changes to promote personal and professional well-being.",NA,NA,NA,NA,NA,NA,NA,NA,NA,NA,NA,NA
"455","prof4_r2","ilp",NA,"dropdown","Prof4 row 2","1, N/A | 2, Recognizes that institutional factors affect well-being. | 3, Describes institutional factors that affect well-being. | 4, Suggests potential solutions to institutional factors that affect well-being. | 5, N/A",NA,NA,NA,NA,NA,NA,NA,NA,NA,NA,NA,NA
"456","ics1_r1","ilp",NA,"dropdown","ICS1 row 1","1, Uses language and nonverbal behavior to demonstrate respect and establish rapport. | 2, Establishes and maintains a therapeutic relationship using effective communication behaviors in straightforward encounters. | 3, Establishes and maintains a therapeutic relationship using effective communication behaviors in challenging patient encounters. | 4, Establishes and maintains therapeutic relationships using shared decision making, regardless of complexity. | 5, Coaches others in developing and maintaining therapeutic relationships and mitigating communication barriers.",NA,NA,NA,NA,NA,NA,NA,NA,NA,NA,NA,NA
"457","ics1_r2","ilp",NA,"dropdown","ICS1 row 2","1, N/A | 2, Identifies common barriers to effective communication. | 3, Identifies complex barriers to effective communication, including personal bias. | 4, Mitigates communication barriers. | 5, Models the mitigation of communication barriers.",NA,NA,NA,NA,NA,NA,NA,NA,NA,NA,NA,NA
"458","ics2_r1","ilp",NA,"dropdown","ICS2 row 1","1, Respectfully requests and responds to a consultation. | 2, Clearly and concisely requests and responds to a consultation. | 3, Checks own and others' understanding of recommendations when providing or receiving consultation. | 4, Coordinates recommendations from different consultants to optimize patient care. | 5, Facilitates conflict resolution between and amongst consultants when disagreement exists. Models flexible communication strategies that facilitate excellence in interprofessional teamwork.",NA,NA,NA,NA,NA,NA,NA,NA,NA,NA,NA,NA
"459","ics2_r2","ilp",NA,"dropdown","ICS2 row 2","1, Uses verbal and nonverbal communication that values all members of the interprofessional team. | 2, Communicates information, including basic feedback with all interprofessional team members. | 3, Facilitates interprofessional team communication to reconcile conflict and provides difficult feedback. | 4, Adapts communication style to fit interprofessional team needs and maximizes impact of feedback to the team. | 5, Models flexible communication strategies that facilitate excellence in interprofessional teamwork.",NA,NA,NA,NA,NA,NA,NA,NA,NA,NA,NA,NA
"460","ics3_r1","ilp",NA,"dropdown","ICS3 row 1","1, Accurately documents comprehensive and current information. | 2, Documents clinical encounter, including reasoning, through organized notes. | 3, Documents clinical encounter through concise and thorough notes. | 4, Documents clinical encounter clearly, concisely, timely, and in an organized form, including anticipatory guidance. | 5, Guides departmental or institutional communication policies and procedures.",NA,NA,NA,NA,NA,NA,NA,NA,NA,NA,NA,NA
"461","ics3_r2","ilp",NA,"dropdown","ICS3 row 2","1, Communicates using formats specified by institutional policy to safeguard patient personal health information. | 2, Selects direct (e.g., telephone, in-person) and indirect (e.g., progress notes, text messages) forms of communication based on context, with assistance. | 3, Appropriately selects direct and indirect forms of communication based on context. | 4, Models effective written and verbal communication. | 5, N/A",NA,NA,NA,NA,NA,NA,NA,NA,NA,NA,NA,NA
"462","coach_date","coach_rev",NA,"text","Date of entry",NA,NA,"date_mdy",NA,NA,NA,NA,NA,NA,NA,NA,NA,NA
"463","coach_period","coach_rev",NA,"dropdown","Milestone Period","7, Intern Intro | 1, Mid Intern | 2, End Intern | 3, Mid PGY2 | 4, End PGY2 | 5, Mid PGY3 | 6, Graduating | 8, Interim",NA,NA,NA,NA,NA,NA,NA,NA,NA,NA,NA,NA
"464","coach_pre_rev","coach_rev",NA,"text","Pre-review notes",NA,NA,NA,NA,NA,NA,NA,NA,NA,NA,NA,NA,NA
"465","coach_intro_back","coach_rev",NA,"notes","Notes about intern background",NA,NA,NA,NA,NA,NA,NA,NA,NA,NA,NA,NA,NA
"466","coach_coping","coach_rev",NA,"notes","Notes about coping",NA,NA,NA,NA,NA,NA,NA,NA,NA,NA,NA,NA,NA
"467","coach_wellness","coach_rev",NA,"notes","Notes about wellness",NA,NA,NA,NA,NA,NA,NA,NA,NA,NA,NA,NA,NA
"468","coach_evaluations","coach_rev",NA,"notes","Notes about completion status of assessments, faculty, and peer evaluations",NA,NA,NA,NA,NA,NA,NA,NA,NA,NA,NA,NA,NA
"469","coach_p_d_comments","coach_rev",NA,"notes","Notes on plus/delta and resident's review of them",NA,NA,NA,NA,NA,NA,NA,NA,NA,NA,NA,NA,NA
"470","coach_ls_and_topic","coach_rev",NA,"notes","Notes on learning style and topics",NA,NA,NA,NA,NA,NA,NA,NA,NA,NA,NA,NA,NA
"471","coach_step_board","coach_rev",NA,"notes","Notes on step completion or board prep",NA,NA,NA,NA,NA,NA,NA,NA,NA,NA,NA,NA,NA
"472","coach_scholarship","coach_rev",NA,"notes","Notes on scholarship",NA,NA,NA,NA,NA,NA,NA,NA,NA,NA,NA,NA,NA
"473","coach_mile_goal","coach_rev",NA,"notes","Notes on goals",NA,NA,NA,NA,NA,NA,NA,NA,NA,NA,NA,NA,NA
"474","coach_career","coach_rev",NA,"notes","Career notes",NA,NA,NA,NA,NA,NA,NA,NA,NA,NA,NA,NA,NA
"475","coach_summary","coach_rev",NA,"notes","Summary",NA,NA,NA,NA,NA,NA,NA,NA,NA,NA,NA,NA,NA
"476","coach_ilp_final","coach_rev",NA,"notes","Finalized ILP",NA,NA,NA,NA,NA,NA,NA,NA,NA,NA,NA,NA,NA
"477","q_date","questions",NA,"text","Date",NA,NA,"date_mdy",NA,NA,NA,NA,NA,NA,NA,NA,NA,NA
"478","q_rotation","questions",NA,"dropdown","Rotation","1, Red | 2, Green | 3, White | 4, Yellow | 5, Diamond | 6, Gold | 7, MICU | 8, Bronze | 9, Cardiology | 10, Bridge / Acute Care | 11, Consults -SLUH | 12, Elective / Clinics CSM | 13, VA A | 14, VA B | 15, VA C | 16, VA D | 17, VA Clinics or Consults",NA,NA,NA,NA,NA,NA,"y",NA,NA,NA,NA,NA
"479","q_answer","questions",NA,"dropdown","answer","1, A | 2, B | 3, C | 4, D | 5, E",NA,NA,NA,NA,NA,NA,"y",NA,NA,NA,NA,NA
"480","q_word","questions",NA,"text","word of the day",NA,NA,NA,NA,NA,NA,NA,NA,NA,NA,NA,NA,NA
"481","q_level","questions",NA,"dropdown","question level","1, Intern | 2, PGY2 | 3, PGY3 | 4, Graduated | 5, Rotator",NA,NA,NA,NA,NA,NA,NA,NA,NA,NA,NA,NA
"482","acp_ite_id","test_data",NA,"text","ACP ITE ID",NA,NA,"integer",NA,NA,NA,NA,NA,NA,NA,NA,NA,NA
"483","test_name","test_data",NA,"text","Resident Name",NA,NA,NA,NA,NA,NA,NA,NA,NA,NA,NA,NA,NA
"484","test_program_number","test_data",NA,"text","Program Number",NA,NA,NA,NA,NA,NA,NA,NA,NA,NA,NA,NA,NA
"485","test_program_name","test_data",NA,"text","Program Name",NA,NA,NA,NA,NA,NA,NA,NA,NA,NA,NA,NA,NA
"486","pgy1_total_ile","test_data","PGY1 ITE %iles","text","PGY1 Total %ile",NA,NA,"integer",0,100,NA,NA,NA,NA,NA,NA,NA,NA
"487","pgy1_cards_ile","test_data",NA,"text","PGY1 Cards %ile",NA,NA,"integer",0,100,NA,NA,NA,NA,NA,NA,NA,NA
"488","pgy1_endo_ile","test_data",NA,"text","PGY1 Endo %ile",NA,NA,"integer",0,100,NA,NA,NA,NA,NA,NA,NA,NA
"489","pgy1_gi_ile","test_data",NA,"text","PGY1 GI %ile",NA,NA,"integer",0,100,NA,NA,NA,NA,NA,NA,NA,NA
"490","pgy1_gim_ile","test_data",NA,"text","PGY1 GIM %ile",NA,NA,"integer",0,100,NA,NA,NA,NA,NA,NA,NA,NA
"491","pgy1_geri_ile","test_data",NA,"text","PGY1 Geri %ile",NA,NA,"integer",0,100,NA,NA,NA,NA,NA,NA,NA,NA
"492","pgy1_hemonc_ile","test_data",NA,"text","PGY1 Hem/Onc %ile",NA,NA,"integer",0,100,NA,NA,NA,NA,NA,NA,NA,NA
"493","pgy1_id_ile","test_data",NA,"text","PGY1 ID %ile",NA,NA,"integer",0,100,NA,NA,NA,NA,NA,NA,NA,NA
"494","pgy1_nephro_ile","test_data",NA,"text","PGY1 Nephro %ile",NA,NA,"integer",0,100,NA,NA,NA,NA,NA,NA,NA,NA
"495","pgy1_neuro_ile","test_data",NA,"text","PGY1 Neuro %ile",NA,NA,"integer",0,100,NA,NA,NA,NA,NA,NA,NA,NA
"496","pgy1_pulm_ccm_ile","test_data",NA,"text","PGY1 Pulm/CCM %ile",NA,NA,"integer",0,100,NA,NA,NA,NA,NA,NA,NA,NA
"497","pgy1_rheum_ile","test_data",NA,"text","PGY1 Rheum %ile",NA,NA,"integer",0,100,NA,NA,NA,NA,NA,NA,NA,NA
"498","pgy1_hvc_ile","test_data",NA,"text","PGY1 HVC %ile",NA,NA,"integer",0,100,NA,NA,NA,NA,NA,NA,NA,NA
"499","pgy2_total_ile","test_data","PGY2 ITE %iles","text","PGY2 Total %ile",NA,NA,"integer",0,100,NA,NA,NA,NA,NA,NA,NA,NA
"500","pgy2_cards_ile","test_data",NA,"text","PGY2 Cards %ile",NA,NA,"integer",0,100,NA,NA,NA,NA,NA,NA,NA,NA
"501","pgy2_endo_ile","test_data",NA,"text","PGY2 Endo %ile",NA,NA,"integer",0,100,NA,NA,NA,NA,NA,NA,NA,NA
"502","pgy2_gi_ile","test_data",NA,"text","PGY2 GI %ile",NA,NA,"integer",0,100,NA,NA,NA,NA,NA,NA,NA,NA
"503","pgy2_gim_ile","test_data",NA,"text","PGY2 GIM %ile",NA,NA,"integer",0,100,NA,NA,NA,NA,NA,NA,NA,NA
"504","pgy2_geri_ile","test_data",NA,"text","PGY2 Geri %ile",NA,NA,"integer",0,100,NA,NA,NA,NA,NA,NA,NA,NA
"505","pgy2_hemonc_ile","test_data",NA,"text","PGY2 Hem/Onc %ile",NA,NA,"integer",0,100,NA,NA,NA,NA,NA,NA,NA,NA
"506","pgy2_id_ile","test_data",NA,"text","PGY2 ID %ile",NA,NA,"integer",0,100,NA,NA,NA,NA,NA,NA,NA,NA
"507","pgy2_nephro_ile","test_data",NA,"text","PGY2 Nephro %ile",NA,NA,"integer",0,100,NA,NA,NA,NA,NA,NA,NA,NA
"508","pgy2_neuro_ile","test_data",NA,"text","PGY2 Neuro %ile",NA,NA,"integer",0,100,NA,NA,NA,NA,NA,NA,NA,NA
"509","pgy2_pulm_ccm_ile","test_data",NA,"text","PGY2 Pulm/CCM %ile",NA,NA,"integer",0,100,NA,NA,NA,NA,NA,NA,NA,NA
"510","pgy2_rheum_ile","test_data",NA,"text","PGY2 Rheum %ile",NA,NA,"integer",0,100,NA,NA,NA,NA,NA,NA,NA,NA
"511","pgy2_hvc_ile","test_data",NA,"text","PGY2 HVC %ile",NA,NA,"integer",0,100,NA,NA,NA,NA,NA,NA,NA,NA
"512","pgy3_total_ile","test_data","PGY3 ITE %iles","text","PGY3 Total %ile",NA,NA,"integer",0,100,NA,NA,NA,NA,NA,NA,NA,NA
"513","pgy3_cards_ile","test_data",NA,"text","PGY3 Cards %ile",NA,NA,"integer",0,100,NA,NA,NA,NA,NA,NA,NA,NA
"514","pgy3_endo_ile","test_data",NA,"text","PGY3 Endo %ile",NA,NA,"integer",0,100,NA,NA,NA,NA,NA,NA,NA,NA
"515","pgy3_gi_ile","test_data",NA,"text","PGY3 GI %ile",NA,NA,"integer",0,100,NA,NA,NA,NA,NA,NA,NA,NA
"516","pgy3_gim_ile","test_data",NA,"text","PGY3 GIM %ile",NA,NA,"integer",0,100,NA,NA,NA,NA,NA,NA,NA,NA
"517","pgy3_geri_ile","test_data",NA,"text","PGY3 Geri %ile",NA,NA,"integer",0,100,NA,NA,NA,NA,NA,NA,NA,NA
"518","pgy3_hemonc_ile","test_data",NA,"text","PGY3 Hem/Onc %ile",NA,NA,"integer",0,100,NA,NA,NA,NA,NA,NA,NA,NA
"519","pgy3_id_ile","test_data",NA,"text","PGY3 ID %ile",NA,NA,"integer",0,100,NA,NA,NA,NA,NA,NA,NA,NA
"520","pgy3_nephro_ile","test_data",NA,"text","PGY3 Nephro %ile",NA,NA,"integer",0,100,NA,NA,NA,NA,NA,NA,NA,NA
"521","pgy3_neuro_ile","test_data",NA,"text","PGY3 Neuro %ile",NA,NA,"integer",0,100,NA,NA,NA,NA,NA,NA,NA,NA
"522","pgy3_pulm_ccm_ile","test_data",NA,"text","PGY3 Pulm/CCM %ile",NA,NA,"integer",0,100,NA,NA,NA,NA,NA,NA,NA,NA
"523","pgy3_rheum_ile","test_data",NA,"text","PGY3 Rheum %ile",NA,NA,"integer",0,100,NA,NA,NA,NA,NA,NA,NA,NA
"524","pgy3_hvc_ile","test_data",NA,"text","PGY3 HVC %ile",NA,NA,"integer",0,100,NA,NA,NA,NA,NA,NA,NA,NA
